{"labels": [39, 39, 40, 40, 45, 0, 53, 60, 43, 43, 44, 43, 44, 43, 50, 50, 0, 50, 40, 44, 44, 50, 43, 50, 50, 44, 50, 50, 0, 53, 50, 40, 40, 53, 0, 0, 45, 42, 44, 42, 60, 50, 43, 44, 53, 53, 0, 60, 41, 44, 50, 41, 40, 0, 45, 41, 45, 0, 41, 60, 40, 53, 40, 39, 50, 41, 45, 40, 50, 53, 39, 60, 40, 39, 39, 43, 39, 40, 40, 39, 44, 60, 39, 39, 39, 40, 39, 60, 39, 60, 39, 40, 39, 71, 39, 40, 39, 40, 60, 71], "scores": [0.9982219338417053, 0.9974604845046997, 0.9966877102851868, 0.9965117573738098, 0.9925117492675781, 0.9855389595031738, 0.9704984426498413, 0.9673929810523987, 0.8815409541130066, 0.8627840876579285, 0.7023134827613831, 0.6526795029640198, 0.6046708226203918, 0.5726230144500732, 0.4822978675365448, 0.32696297764778137, 0.3077903389930725, 0.2720799148082733, 0.2553328275680542, 0.2426014542579651, 0.2156388908624649, 0.20541709661483765, 0.20021146535873413, 0.19881802797317505, 0.19871622323989868, 0.19100195169448853, 0.17499741911888123, 0.16362264752388, 0.1579769402742386, 0.150809645652771, 0.11571481823921204, 0.11221326142549515, 0.09136998653411865, 0.08627573400735855, 0.08126537501811981, 0.07809868454933167, 0.07513487339019775, 0.07023849338293076, 0.06920421868562698, 0.06896694749593735, 0.06203513965010643, 0.05478185415267944, 0.05305808410048485, 0.047641802579164505, 0.046142615377902985, 0.044302307069301605, 0.04028501734137535, 0.03805967792868614, 0.037767115980386734, 0.037605468183755875, 0.03613172471523285, 0.03527560830116272, 0.03493450582027435, 0.03459804132580757, 0.032766278833150864, 0.03233073279261589, 0.0315542072057724, 0.0309072844684124, 0.02675790898501873, 0.026302414014935493, 0.025656551122665405, 0.022832732647657394, 0.02018873207271099, 0.01924777217209339, 0.018575232475996017, 0.018428342416882515, 0.0182779673486948, 0.015873664990067482, 0.01515641063451767, 0.015009470283985138, 0.014409285970032215, 0.013273391872644424, 0.01310775801539421, 0.011219419538974762, 0.01095022913068533, 0.0108459098264575, 0.010473811998963356, 0.010418492369353771, 0.010335360653698444, 0.009713415056467056, 0.008831234648823738, 0.008659505285322666, 0.008560029789805412, 0.008509717881679535, 0.00810964498668909, 0.007518555968999863, 0.00539941294118762, 0.005059398245066404, 0.0040678721852600574, 0.003806249238550663, 0.0035960651002824306, 0.0032794401049613953, 0.0032367922831326723, 0.0029433229938149452, 0.0025975771714001894, 0.002531433943659067, 0.0023765091318637133, 0.0020615740213543177, 0.0013580609811469913, 0.0011594832176342607], "bboxes": [[147.60000610351562, 0.38504600524902344, 197.0863800048828, 143.7500457763672], [265.46435546875, 0.4291236400604248, 326.3661804199219, 158.44921875], [312.6909484863281, 110.11360931396484, 386.52728271484375, 225.9257354736328], [216.910400390625, 94.43850708007812, 277.26806640625, 204.37631225585938], [0.78592449426651, 111.82220458984375, 172.06219482421875, 248.53118896484375], [0.0, 271.8750915527344, 174.7993621826172, 415.0904235839844], [154.49461364746094, 211.6327667236328, 348.6031188964844, 361.4829406738281], [0.0318676233291626, 0.0, 425.0, 424.72906494140625], [133.914794921875, 236.94761657714844, 256.4273986816406, 314.4231262207031], [0.0, 234.267333984375, 253.78854370117188, 308.9026794433594], [101.60647583007812, 166.462646484375, 115.0649185180664, 258.2064514160156], [0.0, 265.82806396484375, 149.3864288330078, 302.1422119140625], [7.024876117706299, 154.2261505126953, 80.69458770751953, 259.083984375], [0.0, 267.66656494140625, 96.31072998046875, 296.45111083984375], [55.915462493896484, 189.11700439453125, 106.76997375488281, 238.90496826171875], [9.670351028442383, 149.16912841796875, 66.93323516845703, 209.4124298095703], [0.0, 70.29806518554688, 174.3380126953125, 423.203369140625], [54.59122848510742, 194.8107452392578, 87.72058868408203, 228.97061157226562], [218.4036865234375, 94.58130645751953, 276.22442626953125, 163.72508239746094], [7.670363426208496, 137.60379028320312, 97.24885559082031, 258.35772705078125], [9.049531936645508, 173.80697631835938, 74.818359375, 258.1860656738281], [11.025266647338867, 139.6502227783203, 92.30398559570312, 212.62820434570312], [0.0, 238.06346130371094, 251.21585083007812, 313.0614013671875], [10.62047004699707, 151.46743774414062, 47.34623718261719, 193.90032958984375], [115.53466033935547, 147.1854705810547, 149.32257080078125, 176.21800231933594], [97.75877380371094, 144.85443115234375, 119.12791442871094, 258.9573059082031], [23.28131675720215, 146.9639892578125, 62.09109878540039, 178.07614135742188], [114.84535217285156, 149.6665802001953, 160.21981811523438, 204.2340087890625], [0.0, 0.0, 174.22366333007812, 424.66455078125], [161.22775268554688, 211.99050903320312, 348.6734924316406, 314.6336669921875], [7.157088756561279, 152.2475128173828, 58.5234260559082, 241.38038635253906], [320.2316589355469, 108.42125701904297, 386.30078125, 171.90870666503906], [320.7962341308594, 109.3038330078125, 383.82470703125, 174.557373046875], [237.52713012695312, 214.16786193847656, 349.00634765625, 326.68548583984375], [0.0, 172.93380737304688, 172.6905517578125, 420.5623779296875], [0.0, 91.9013442993164, 172.97914123535156, 422.872314453125], [160.52627563476562, 266.7138977050781, 257.98992919921875, 358.4021301269531], [134.0561981201172, 240.12557983398438, 255.4100341796875, 315.5320739746094], [5.931301116943359, 155.4747772216797, 105.04833984375, 262.1590881347656], [134.0158233642578, 237.93934631347656, 256.1244812011719, 315.45367431640625], [0.006940960884094238, 103.33770751953125, 424.9625549316406, 416.55938720703125], [97.51239013671875, 166.81114196777344, 162.52198791503906, 250.6439208984375], [1.5320651531219482, 170.96505737304688, 253.60116577148438, 306.466552734375], [6.226687908172607, 131.18112182617188, 155.3850860595703, 256.4414978027344], [156.58428955078125, 211.85081481933594, 347.215576171875, 337.31243896484375], [153.1708984375, 214.75474548339844, 347.8341979980469, 328.6137390136719], [0.0, 240.2590789794922, 302.9324951171875, 424.4817199707031], [0.05466639995574951, 1.2845463752746582, 425.0, 290.62786865234375], [315.0638122558594, 114.4449691772461, 375.5166931152344, 226.21876525878906], [7.398928165435791, 145.68783569335938, 74.85357666015625, 257.2176208496094], [67.2826156616211, 139.43284606933594, 90.53874206542969, 169.69699096679688], [217.26235961914062, 95.86587524414062, 272.2886962890625, 199.02308654785156], [219.30197143554688, 96.13140869140625, 273.0724182128906, 157.525146484375], [0.8289888501167297, 115.64444732666016, 175.43002319335938, 409.704345703125], [153.943603515625, 211.86248779296875, 349.6080322265625, 364.63507080078125], [315.8981628417969, 109.26457977294922, 387.8951721191406, 230.19630432128906], [149.06825256347656, 236.10110473632812, 262.0312194824219, 354.3309326171875], [0.0, 228.13619995117188, 167.1240997314453, 422.7237548828125], [217.9777069091797, 94.83710479736328, 273.66595458984375, 176.66793823242188], [139.48085021972656, 38.87480545043945, 425.0, 409.03033447265625], [218.8091278076172, 95.86750030517578, 273.79254150390625, 161.40045166015625], [158.83575439453125, 212.54876708984375, 348.5424499511719, 359.8775634765625], [314.6116943359375, 115.29283142089844, 368.4439697265625, 215.9591827392578], [413.59979248046875, 0.0, 425.0, 17.40092658996582], [62.123477935791016, 123.89136505126953, 166.9379119873047, 257.9482116699219], [318.2945861816406, 112.11066436767578, 377.4029235839844, 197.08741760253906], [161.23939514160156, 268.524658203125, 345.3435363769531, 366.00408935546875], [322.11090087890625, 110.1148681640625, 381.1316223144531, 170.51536560058594], [9.043773651123047, 117.80309295654297, 158.38706970214844, 206.25083923339844], [158.8660125732422, 220.2894287109375, 259.75079345703125, 285.43914794921875], [266.8851318359375, 84.34781646728516, 316.06732177734375, 159.04307556152344], [6.14185094833374, 0.0, 297.31396484375, 367.3519287109375], [331.1028137207031, 