{"labels": [0, 0, 45, 62, 44, 45, 44, 39, 44, 71, 44, 44, 45, 44, 44, 0, 44, 39, 0, 65, 71, 39, 71, 44, 71, 43, 43, 41, 65, 44, 71, 39, 71, 65, 44, 43, 41, 71, 44, 41, 39, 43, 45, 44, 45, 45, 45, 65, 44, 43, 43, 41, 65, 45, 45, 43, 43, 0, 45, 44, 44, 45, 43, 60, 45, 44, 43, 62, 60, 41, 45, 0, 0, 60, 0, 45, 45, 0, 0, 0, 45, 45, 60, 74, 68, 45, 62, 0, 0, 0, 62, 59, 62, 0, 0, 0, 72, 59, 41, 62], "scores": [0.9991613626480103, 0.9876238107681274, 0.9587832093238831, 0.9325397610664368, 0.7145246863365173, 0.6152951121330261, 0.5341101884841919, 0.5282752513885498, 0.2741119861602783, 0.2662959694862366, 0.26248788833618164, 0.2407621145248413, 0.2083953320980072, 0.1708613783121109, 0.16431841254234314, 0.1587497442960739, 0.15119105577468872, 0.1396929770708084, 0.13912944495677948, 0.1330520212650299, 0.13161227107048035, 0.12649336457252502, 0.12330073863267899, 0.11766272038221359, 0.11465022712945938, 0.10949650406837463, 0.10624556243419647, 0.09130571782588959, 0.07584462314844131, 0.07086745649576187, 0.06919455528259277, 0.06600061804056168, 0.0654497742652893, 0.059252891689538956, 0.0581711083650589, 0.0579584538936615, 0.05755801126360893, 0.05467403680086136, 0.05060276761651039, 0.04857674613595009, 0.04811008274555206, 0.04725833609700203, 0.04273692145943642, 0.04169445484876633, 0.04114384949207306, 0.0391029492020607, 0.03864480182528496, 0.036581773310899734, 0.03485865890979767, 0.034020472317934036, 0.033230818808078766, 0.0330483578145504, 0.032373521476984024, 0.031379926949739456, 0.03130768984556198, 0.030891625210642815, 0.02612045593559742, 0.023802757263183594, 0.023011518642306328, 0.021461132913827896, 0.018925504758954048, 0.01848086714744568, 0.017746727913618088, 0.016867700964212418, 0.01625286415219307, 0.01560206525027752, 0.01538077648729086, 0.015011495910584927, 0.014612001366913319, 0.013353937305510044, 0.009551619179546833, 0.00816039927303791, 0.007498360238969326, 0.007147341035306454, 0.006348411086946726, 0.0059121702797710896, 0.005783752538263798, 0.005744656547904015, 0.00546508701518178, 0.0053129601292312145, 0.004950577858835459, 0.004672294016927481, 0.003323781304061413, 0.0031625113915652037, 0.0022133623715490103, 0.0020322720520198345, 0.001846550963819027, 0.00178607611451298, 0.0012430744245648384, 0.0011469083838164806, 0.0009365400765091181, 0.0008095026714727283, 0.0005498064565472305, 0.0005194629775360227, 0.0004735936236102134, 0.00045659454190172255, 0.0003433998499531299, 0.00034300770494155586, 0.00025265515432693064, 0.00022197366342879832], "bboxes": [[209.63197326660156, 137.1140899658203, 409.9740905761719, 385.1443786621094], [0.09569786489009857, 274.7169189453125, 91.15474700927734, 422.20068359375], [312.37109375, 350.8611755371094, 412.6982421875, 384.5841064453125], [0.0, 139.03631591796875, 126.35008239746094, 293.40191650390625], [172.74853515625, 305.4019775390625, 205.17872619628906, 357.0635986328125], [94.46430969238281, 357.2555847167969, 171.57972717285156, 393.2198181152344], [191.9140167236328, 333.2451477050781, 209.78114318847656, 352.8060607910156], [162.7288360595703, 349.2707214355469, 175.91615295410156, 389.18408203125], [192.5057830810547, 331.7262878417969, 210.40760803222656, 353.220947265625], [82.09602355957031, 397.5826416015625, 372.51763916015625, 422.62396240234375], [180.02752685546875, 330.40185546875, 206.95733642578125, 355.5121765136719], [197.11668395996094, 334.5679016113281, 212.06837463378906, 352.12554931640625], [171.0567169189453, 353.93621826171875, 215.88507080078125, 387.5704345703125], [192.94252014160156, 331.8343200683594, 208.69491577148438, 351.9172668457031], [170.11436462402344, 335.10711669921875, 186.49105834960938, 355.7285461425781], [0.536683201789856, 129.1934051513672, 93.71105194091797, 421.319091796875], [160.9308319091797, 338.5421142578125, 173.12405395507812, 357.99908447265625], [108.80231475830078, 330.87841796875, 127.0265121459961, 378.89984130859375], [0.0, 24.89555549621582, 90.75126647949219, 419.59857177734375], [81.84939575195312, 291.5413818359375, 103.42301177978516, 302.6278076171875], [79.36442565917969, 385.3602294921875, 425.0, 422.02716064453125], [164.86410522460938, 354.8936767578125, 175.78114318847656, 388.56048583984375], [79.66445922851562, 378.5963439941406, 424.24224853515625, 423.3570556640625], [155.90475463867188, 335.2285461425781, 172.29592895507812, 360.3232727050781], [75.6794204711914, 385.285400390625, 385.7981872558594, 420.75152587890625], [65.71797943115234, 335.7104797363281, 82.47710418701172, 379.0106506347656], [63.89905548095703, 336.1859130859375, 79.27374267578125, 376.9560241699219], [13.142436981201172, 287.6402587890625, 31.654048919677734, 302.135986328125], [28.016746520996094, 289.99664306640625, 97.77338409423828, 302.02685546875], [149.57540893554688, 337.81719970703125, 167.65933227539062, 361.3562927246094], [66.45316314697266, 401.3290710449219, 399.3731384277344, 424.9622802734375], [163.50042724609375, 346.7351379394531, 176.4656982421875, 388.17193603515625], [86.4228515625, 365.54315185546875, 170.86192321777344, 396.87939453125], [44.180362701416016, 294.80401611328125, 105.1023178100586, 307.6640319824219], [169.84620666503906, 290.69793701171875, 208.27455139160156, 354.4400634765625], [65.66881561279297, 337.2244873046875, 79.85308837890625, 375.29644775390625], [184.64170837402344, 353.2460021972656, 215.17987060546875, 384.3232116699219], [77.502197265625, 379.07965087890625, 423.9358215332031, 423.4426574707031], [145.00393676757812, 329.5233154296875, 167.1331787109375, 359.7589416503906], [13.162806510925293, 287.07489013671875, 30.467220306396484, 300.9415283203125], [166.17181396484375, 349.76751708984375, 177.63436889648438, 385.6820373535156], [70.74456787109375, 338.32623291015625, 87.5932388305664, 383.2507629394531], [313.498291015625, 356.4277038574219, 413.92919921875, 384.763671875], [105.75523376464844, 331.1796875, 126.23463439941406, 380.61663818359375], [315.3052062988281, 357.7451477050781, 411.6780090332031, 384.6208190917969], [314.17523193359375, 353.42449951171875, 412.0362243652344, 383.3551940917969], [172.38528442382812, 354.1922302246094, 204.41432189941406, 387.7126770019531], [88.21394348144531, 290.77490234375, 110.03374481201172, 302.62872314453125], [139.2882537841797, 331.0467529296875, 161.82546997070312, 360.6275329589844], [45.894264221191406, 330.9803161621094, 60.48592758178711, 370.8736267089844], [100.6806640625, 331.2034606933594, 123.123779296875, 380.2908630371094], [186.83592224121094, 354.3948974609375, 214.39682006835938, 384.4014892578125], [21.886077880859375, 290.13818359375, 90.00360107421875, 301.91180419921875], [312.8360290527344, 354.2822265625, 412.88177490234375, 383.4768981933594], [315.9960632324219, 352.3894958496094, 408.9065246582031, 379.3495788574219], [92.15589904785156, 344.6827087402344, 110.46858215332031, 374.0589904785156], [87.58452606201172, 339.812744140625, 104.43402099609375, 370.16766357421875], [0.28506702184677124, 214.6177520751953, 167.5281524658203, 420.1986083984375], [313.4893493652344, 352.4468078613281, 410.4712829589844, 380.19378662109375], [159.37583923339844, 283.0797119140625, 180.78076171875, 307.93170166015625], [139.21737670898438, 332.3218688964844, 164.01780700683594, 362.3908386230469], [312.49072265625, 355.8315734863281, 411.0981140136719, 381.6949462890625], [104.88691711425781, 333.0401916503906, 120.77316284179688, 364.5151672363281], [10.890862464904785, 325.716796875, 423.16748046875, 422.17877197265625], [316.1376647949219, 351.52679443359375, 413.6576232910156, 381.81884765625], [133.59197998046875, 330.50726318359375, 154.6603546142578, 360.380615234375], [43.99736404418945, 309.8100280761719, 67.7795639038086, 369.91021728515625], [26.362972259521484, 143.2797088623047, 126.98065185546875, 289.0660400390625], [44.893898010253906, 300.071044921875, 178.3473663330078, 396.17193603515625], [110.52058410644531, 344.4269104003906, 157.00381469726562, 