{"labels": [16, 2, 2, 2, 45, 2, 16, 16, 56, 56, 0, 56, 56, 2, 61, 16, 56, 2, 2, 61, 16, 61, 16, 56, 56, 45, 56, 56, 56, 16, 56, 61, 56, 0, 56, 56, 56, 56, 16, 16, 16, 16, 0, 56, 16, 0, 56, 56, 0, 2, 61, 56, 2, 56, 61, 0, 61, 56, 16, 56, 32, 56, 2, 56, 2, 2, 2, 56, 0, 61, 56, 16, 61, 61, 16, 56, 56, 56, 56, 16, 56, 2, 56, 56, 0, 56, 16, 56, 56, 41, 16, 2, 16, 56, 39, 56, 16, 56, 56, 56], "scores": [0.9987295269966125, 0.42047664523124695, 0.14125704765319824, 0.04693159461021423, 0.020896553993225098, 0.02045760117471218, 0.01886465772986412, 0.015752185136079788, 0.01566360332071781, 0.015614978969097137, 0.013198981992900372, 0.013153987005352974, 0.012329164892435074, 0.011846951209008694, 0.011418263427913189, 0.011185375042259693, 0.011046652682125568, 0.010111846029758453, 0.009273985400795937, 0.008929777890443802, 0.008653506636619568, 0.008585507981479168, 0.008470754139125347, 0.008363133296370506, 0.008067576214671135, 0.007979921996593475, 0.00792719703167677, 0.007812093012034893, 0.007696469780057669, 0.007597924210131168, 0.007527926936745644, 0.007339515723288059, 0.00730670103803277, 0.007156189065426588, 0.006934608332812786, 0.006673033349215984, 0.006403065752238035, 0.006134296767413616, 0.00608035596087575, 0.005832863971590996, 0.005784756503999233, 0.005772531032562256, 0.0057631609961390495, 0.005624581128358841, 0.005347261670976877, 0.0047477600164711475, 0.004520445596426725, 0.004436759278178215, 0.004305738490074873, 0.004135437775403261, 0.004126070998609066, 0.004023366142064333, 0.003984397742897272, 0.003935565240681171, 0.003931790590286255, 0.0038276268169283867, 0.003708550240844488, 0.003678440349176526, 0.003629357786849141, 0.0035773981362581253, 0.0035054627805948257, 0.003493343945592642, 0.003447570838034153, 0.003306441940367222, 0.003205838380381465, 0.003180608619004488, 0.003147411160171032, 0.0030361423268914223, 0.002927962224930525, 0.002915839431807399, 0.0028799802530556917, 0.0028143918607383966, 0.0027707975823432207, 0.0027633702848106623, 0.00274983374401927, 0.0026782064232975245, 0.002470685401931405, 0.002450479893013835, 0.002204267540946603, 0.002186743775382638, 0.002156065544113517, 0.002100142417475581, 0.001979018794372678, 0.0018960344605147839, 0.00189560791477561, 0.0018386989831924438, 0.001813566661439836, 0.001812382717616856, 0.0017792534781619906, 0.0017340256599709392, 0.0016943534137681127, 0.0016864583594724536, 0.0014181187143549323, 0.0013694802764803171, 0.001349592232145369, 0.0012888554483652115, 0.0011831208830699325, 0.001115487772040069, 0.0010868494864553213, 0.0004919450148008764], "bboxes": [[103.42042541503906, 0.0, 425.0, 424.9503479003906], [0.00012665987014770508, 0.1112326979637146, 424.9844665527344, 425.0], [0.12177079916000366, 35.391845703125, 425.0, 423.1316223144531], [0.13205558061599731, 70.31732940673828, 425.0, 424.5181579589844], [99.70941162109375, 215.0924072265625, 240.35409545898438, 295.03118896484375], [0.24340227246284485, 0.0, 248.6763458251953, 424.8327331542969], [85.20635223388672, 0.0, 425.0, 424.8196716308594], [94.9168472290039, 0.0, 154.91238403320312, 22.772424697875977], [38.744873046875, 0.05953013896942139, 425.0, 425.0], [40.87371063232422, 335.07574462890625, 238.44866943359375, 424.58245849609375], [0.012394064106047153, 1.1127196550369263, 3.9405996799468994, 424.6210021972656], [37.51413345336914, 0.0, 424.74481201171875, 424.9718017578125], [43.056949615478516, 337.97259521484375, 239.06785583496094, 425.0], [0.25543496012687683, 64.97368621826172, 289.2174377441406, 423.7568054199219], [96.89015197753906, 126.9946060180664, 244.9207763671875, 335.317626953125], [32.19981384277344, 0.0, 421.08746337890625, 424.7103576660156], [0.0, 119.73944091796875, 288.711669921875, 425.0], [0.752536952495575, 0.0, 249.04434204101562, 424.880859375], [0.6636343598365784, 0.0, 253.70059204101562, 424.84844970703125], [0.0, 210.95652770996094, 240.7043914794922, 333.5301818847656], [86.91995239257812, 0.0, 310.968994140625, 74.87787628173828], [3.67521333694458, 212.02708435058594, 242.5140380859375, 350.41485595703125], [94.35382843017578, 0.0, 344.32879638671875, 35.205108642578125], [338.8424987792969, 0.0, 424.92755126953125, 128.90939331054688], [32.78685760498047, 0.0, 422.4055480957031, 424.8822937011719], [100.8301010131836, 213.0175018310547, 240.23919677734375, 293.4418640136719], [339.2161865234375, 0.029258430004119873, 424.8240661621094, 118.64192199707031], [334.5961608886719, 0.0, 424.8301696777344, 80.05736541748047], [342.5857849121094, 0.005528703331947327, 424.8451232910156, 108.73294067382812], [64.8436508178711, 0.0, 425.0, 424.9248962402344], [1.816821813583374, 99.66380310058594, 293.1686096191406, 425.0], [0.0, 214.2694549560547, 233.84259033203125, 335.539794921875], [0.0, 97.75508880615234, 245.00025939941406, 336.09344482421875], [0.0, 0.6317034363746643, 4.368286609649658, 220.5388641357422], [341.16033935546875, 0.0, 424.9112243652344, 125.74382019042969], [346.13958740234375, 0.22868439555168152, 424.97705078125, 102.67951202392578], [341.55450439453125, 0.8228015303611755, 424.83734130859375, 138.87501525878906], [11.289334297180176, 0.0, 423.8089904785156, 424.8401184082031], [0.0, 0.0, 288.8169250488281, 424.8568115234375], [0.8826356530189514, 0.7618781328201294, 134.71104431152344, 126.19452667236328], [99.29212951660156, 0.0, 346.94012451171875, 34.02083206176758], [0.0, 0.6171248555183411, 239.78440856933594, 332.6990051269531], [0.006742263212800026, 4.582972049713135, 4.158754825592041, 276.330810546875], [37.44417953491211, 82.02538299560547, 424.7762451171875, 424.6372375488281], [102.94831848144531, 0.0, 272.03497314453125, 74.45454406738281], [0.0, 0.0, 4.95682430267334, 177.53118896484375], [410.55023193359375, 0.1704588532447815, 425.0, 121.69513702392578], [40.39006042480469, 0.0, 420.5861511230469, 424.8504638671875], [0.002619088627398014, 0.5323514342308044, 6.026752948760986, 131.40867614746094], [0.0, 54.20079803466797, 3.2222061157226562, 265.83184814453125], [98.32571411132812, 81.7317123413086, 244.22811889648438, 296.63360595703125], [40.365665435791016, 316.52276611328125, 424.4758605957031, 424.9431457519531], [0.4855252802371979, 0.0, 247.97642517089844, 424.7918395996094], [275.20538330078125, 0.0, 423.91949462890625, 94.84159851074219], [0.0, 53.94936752319336, 244.25498962402344, 334.0794372558594], [0.0069360132329165936, 0.7068950533866882, 3.951263904571533, 121.13587951660156], [1.822812795639038, 0.2779550850391388, 244.11953735351562, 320.01300048828125], [55.08949661254883, 356.38067626953125, 411.40570068359375, 425.0], [0.0, 0.0, 301.1136779785156, 424.8299560546875], [0.02421736717224121, 0.0, 425.0, 345.9010009765625], [0.0, 68.00765991210938, 3.270648717880249, 127.09356689453125], [405.86883544921875, 0.0, 425.0, 94.2428207397461], [0.0, 64.29367065429688, 2.650959014892578, 238.95181274414062], [340.5646057128906, 0.581824779510498, 424.74957275390625, 211.73219299316406], [0.0, 70.1641845703125, 3.682617425918579, 199.85997009277344], [0.05155056715011597, 0.22736713290214539, 425.0, 269.0299377441406], [0.0008080503903329372, 61.33551025390625, 2.6564812660217285, 136.4831085205078], [339.30841064453125, 0.0, 424.5128173828125, 22.338665008544922], [0.00022046733647584915, 0.0, 3.837203025817871, 130.292724609375], [0.0, 0.31550973653793335, 251.69317626953125, 337.11383056640625], [0.0, 0.0, 241.34486389160156, 338.0469665527344], [95.79694366455078, 0.31813159584999084, 362.1594543457031, 278.8945007324219], [1.4573864936828613, 115.55635833740234, 290.4277038574219, 422.27801513671875], [95.37989807128906, 118.89427947998047, 244.8594970703125, 293.8746643066406], [0.1312892884016037, 0.0, 35.57073974609375, 30.202781677246094], [38.088191986083984, 343.5534973144531, 401.58245849609375, 425.0], [341.3642272949219, 0.0, 424.593505859375, 424.9357604980469], [285.3618469238281, 0.020218081772327423, 423.5061950683594, 73.01180267333984], [36.649742126464844, 