{"labels": [43, 51, 60, 51, 51, 51, 41, 51, 51, 51, 51, 60, 51, 51, 51, 51, 51, 51, 51, 51, 51, 51, 51, 51, 51, 51, 51, 51, 51, 51, 51, 41, 51, 51, 60, 51, 51, 51, 51, 51, 51, 51, 51, 45, 51, 51, 45, 39, 51, 45, 60, 51, 39, 51, 51, 51, 51, 41, 41, 51, 51, 45, 45, 43, 58, 45, 45, 41, 45, 50, 60, 43, 51, 51, 45, 45, 43, 45, 45, 45, 43, 45, 60, 43, 43, 43, 42, 42, 43, 51, 45, 43, 43, 42, 43, 60, 50, 45, 51, 44], "scores": [0.9950369000434875, 0.977800726890564, 0.9238666892051697, 0.8785622119903564, 0.579334020614624, 0.4926329553127289, 0.45129382610321045, 0.42412814497947693, 0.37481188774108887, 0.3474774658679962, 0.3438720703125, 0.2972930669784546, 0.29304635524749756, 0.2926807403564453, 0.2915467917919159, 0.2862628698348999, 0.27790334820747375, 0.2755577564239502, 0.26524776220321655, 0.26225289702415466, 0.23012001812458038, 0.2175402045249939, 0.21262715756893158, 0.19659166038036346, 0.1846209317445755, 0.1830693930387497, 0.17540191113948822, 0.17005926370620728, 0.15478481352329254, 0.15317802131175995, 0.15010258555412292, 0.14551523327827454, 0.14076323807239532, 0.13649696111679077, 0.1342945694923401, 0.11940961331129074, 0.11370296776294708, 0.109297975897789, 0.10141891986131668, 0.09630084037780762, 0.09594235569238663, 0.09303158521652222, 0.09062349051237106, 0.08640596270561218, 0.08322198688983917, 0.0807148739695549, 0.07270514219999313, 0.06565624475479126, 0.06500159204006195, 0.0570402629673481, 0.05433663725852966, 0.053932905197143555, 0.05093711242079735, 0.05014646053314209, 0.04737132042646408, 0.04671468958258629, 0.0447307713329792, 0.0420236699283123, 0.03205603361129761, 0.030234700068831444, 0.0236881785094738, 0.02284972555935383, 0.0208550114184618, 0.01993906870484352, 0.016752328723669052, 0.015113563276827335, 0.013246618211269379, 0.012730342335999012, 0.011776773259043694, 0.011064888909459114, 0.010707136243581772, 0.010575294494628906, 0.010380750522017479, 0.009771524928510189, 0.00935970526188612, 0.008713165298104286, 0.008541258051991463, 0.008013192564249039, 0.006770970765501261, 0.0062850471585989, 0.005657937377691269, 0.005369885824620724, 0.005360522773116827, 0.005097187589854002, 0.005044388119131327, 0.0040356251411139965, 0.0038301909808069468, 0.0034555085003376007, 0.0032931333407759666, 0.0024568235967308283, 0.0020750986877828836, 0.00201287935487926, 0.0017910212045535445, 0.0017148725455626845, 0.0015686487313359976, 0.0015224885428324342, 0.0009646108373999596, 0.0008068719180300832, 0.0005631403182633221, 0.00029898795764893293], "bboxes": [[285.8768005371094, 111.84188079833984, 425.0, 284.57861328125], [17.857534408569336, 107.51461791992188, 194.43161010742188, 307.8269348144531], [0.05155056715011597, 0.8730284571647644, 425.0, 420.79486083984375], [92.33743286132812, 170.4228515625, 114.0938949584961, 214.66238403320312], [112.46436309814453, 145.6036834716797, 134.26466369628906, 161.93130493164062], [123.8717041015625, 163.4512939453125, 152.71975708007812, 188.6739501953125], [56.354270935058594, 0.2194635570049286, 208.73670959472656, 110.37566375732422], [116.5750961303711, 145.30548095703125, 137.72418212890625, 161.35118103027344], [25.56698226928711, 281.05133056640625, 54.00313186645508, 302.47698974609375], [54.93352508544922, 141.0109100341797, 84.77808380126953, 162.8485565185547], [96.78226470947266, 126.18856811523438, 116.61505126953125, 143.3567352294922], [0.11004209518432617, 101.97022247314453, 425.0, 421.2722473144531], [119.34249114990234, 157.35491943359375, 145.40716552734375, 177.8797607421875], [89.09851837158203, 121.71343231201172, 109.29733276367188, 140.3880157470703], [50.40077590942383, 143.7215576171875, 80.87846374511719, 165.96044921875], [63.45058059692383, 168.23260498046875, 89.97432708740234, 196.9276885986328], [94.04125213623047, 137.33905029296875, 114.80059051513672, 155.75965881347656], [58.127872467041016, 161.01463317871094, 82.68928527832031, 192.00982666015625], [51.67788314819336, 176.4713592529297, 81.96000671386719, 209.43783569335938], [30.08779525756836, 190.67648315429688, 53.674400329589844, 227.70530700683594], [121.6988525390625, 170.7109832763672, 149.61459350585938, 205.89784240722656], [102.77811431884766, 117.25312805175781, 190.63352966308594, 163.2508544921875], [85.66301727294922, 246.07542419433594, 124.74640655517578, 276.91217041015625], [127.461669921875, 180.40408325195312, 148.31594848632812, 205.891845703125], [42.60403060913086, 157.80404663085938, 81.65499114990234, 211.13604736328125], [27.710634231567383, 154.14260864257812, 50.776153564453125, 178.78927612304688], [57.05935287475586, 168.9597625732422, 88.36265563964844, 208.26007080078125], [85.10929107666016, 215.5529022216797, 117.5406723022461, 243.91246032714844], [92.02649688720703, 158.58009338378906, 117.71134948730469, 186.48135375976562], [91.50666046142578, 124.2508773803711, 133.69569396972656, 162.12106323242188], [28.15384864807129, 157.5021209716797, 46.205772399902344, 177.9379425048828], [55.748268127441406, 0.32362228631973267, 208.9094696044922, 110.48350524902344], [77.064453125, 132.87335205078125, 107.31684112548828, 160.89309692382812], [93.74474334716797, 220.08189392089844, 131.80943298339844, 255.544677734375], [0.10548233985900879, 102.48757934570312, 425.0, 395.7936096191406], [112.40753173828125, 217.34243774414062, 137.7640838623047, 249.8075408935547], [27.18545150756836, 158.8819122314453, 47.28245544433594, 183.5024871826172], [159.34825134277344, 126.24675750732422, 190.5645294189453, 152.17808532714844], [35.737979888916016, 221.25424194335938, 69.63349914550781, 255.7185516357422], [79.88607025146484, 241.4424591064453, 117.78759765625, 271.8553161621094], [160.66148376464844, 147.82321166992188, 186.30393981933594, 167.5926055908203], [22.556896209716797, 213.20042419433594, 43.837039947509766, 240.3767852783203], [70.09580993652344, 113.1884536743164, 185.69398498535156, 217.34091186523438], [325.4263610839844, 0.3981932997703552, 424.90582275390625, 121.12373352050781], [19.44403648376465, 109.39726257324219, 200.6527862548828, 270.01751708984375], [17.947568893432617, 105.62532043457031, 199.5250244140625, 311.8454284667969], [57.01641845703125, 0.15561431646347046, 209.177001953125, 110.8101577758789], [107.0531997680664, 0.6224731206893921, 206.05032348632812, 105.48009490966797], [42.46572494506836, 219.78326416015625, 130.89706420898438, 297.129638671875], [56.75625228881836, 0.09657181799411774, 206.50885009765625, 109.71073150634766], [0.09068846702575684, 103.6754379272461, 425.0, 394.1871032714844], [16.847118377685547, 105.53236389160156, 311.6748046875, 311.4874572753906], [118.35698699951172, 0.10499469935894012, 206.44815063476562, 40.103492736816406], [93.3379898071289, 173.98802185058594, 118.45280456542969, 214.9637451171875], [24.10041618347168, 111.39644622802734, 143.58033752441406, 303.04266357421875], [12.424484252929688, 105.10870361328125, 423.6005859375, 312.6530456542969], [148.61167907714844, 119.25143432617188, 198.5928497314453, 166.61997985839844], [58.93663787841797, 0.0, 127.39427185058594, 38.13951873779297], [57.62498474121094, 0.03278907388448715, 206.72085571289062, 101.29753875732422], [105.2967529296875, 226.7386016845703, 134.02980041503906, 261.85089111328125], [15.162870407104492, 107.75877380371094, 297.5206604003906, 310.4706115722656], [308.6352233886719, 0.9878203272819519, 425.0, 128.9064483642578], [314.2915954589844, 0.5846556425094604, 425.0, 119.89020538330078], [283.91412353515625, 113.9781494140625, 425.0, 384.39605712890625], [313.2137145996094, 0.4036270081996918, 425.0, 143.20433044433594], [332.1005859375, 1.0432783365249634, 425.0, 119.06636047363281], [56.48455047607422, 0.14229603111743927, 335.37109375, 117.48151397705078], [412.7298889160156, 0.3039425313472748, 425.0, 61.96561813354492], [363.8072814941406, 1.4135431051254272, 425.0, 128.64784240722656], [328.9658508300781, 50.066200256347656, 424.97698974609375, 119.3957748413086], 