{"labels": [16, 8, 27, 73, 65, 73, 73, 73, 8, 73, 73, 8, 73, 8, 8, 8, 73, 8, 8, 8, 8, 65, 8, 8, 8, 8, 8, 8, 8, 8, 8, 8, 8, 8, 8, 56, 73, 8, 56, 8, 0, 8, 8, 8, 8, 8, 8, 74, 8, 8, 16, 56, 8, 8, 56, 56, 0, 8, 8, 56, 0, 26, 56, 8, 56, 8, 73, 56, 0, 0, 73, 8, 26, 0, 16, 8, 8, 8, 26, 0, 8, 39, 0, 0, 0, 8, 56, 60, 0, 26, 60, 0, 8, 8, 8, 8, 56, 8, 0, 0], "scores": [0.9979419112205505, 0.9254379272460938, 0.2541346251964569, 0.17553582787513733, 0.17460905015468597, 0.16485625505447388, 0.1458735316991806, 0.14101748168468475, 0.13007774949073792, 0.11316152662038803, 0.09668280929327011, 0.09499718993902206, 0.09105859696865082, 0.08747155964374542, 0.08654890209436417, 0.07676929235458374, 0.07517941296100616, 0.07458730041980743, 0.07109449058771133, 0.06920541077852249, 0.057671550661325455, 0.05358879640698433, 0.0531545951962471, 0.05151889845728874, 0.04812770336866379, 0.04755399003624916, 0.046856772154569626, 0.04551982134580612, 0.04446655884385109, 0.04327750578522682, 0.04279199615120888, 0.04203908145427704, 0.04142779856920242, 0.04131179675459862, 0.03656940907239914, 0.03588246554136276, 0.034799061715602875, 0.03418821841478348, 0.03261035308241844, 0.03245314583182335, 0.03189045935869217, 0.03038070537149906, 0.029002992436289787, 0.027132192626595497, 0.02669505774974823, 0.024350464344024658, 0.02328057773411274, 0.021883422508835793, 0.02024952508509159, 0.0189069677144289, 0.016604473814368248, 0.016060305759310722, 0.01593083329498768, 0.014973126351833344, 0.014967922121286392, 0.014820309355854988, 0.013236479833722115, 0.0130937984213233, 0.013081090524792671, 0.012721076607704163, 0.012529933825135231, 0.01239870022982359, 0.011923816986382008, 0.011909867636859417, 0.011836431920528412, 0.011489364318549633, 0.011485554277896881, 0.010498248971998692, 0.01042197085916996, 0.010307417251169682, 0.010176110081374645, 0.008810696192085743, 0.00811296608299017, 0.008050896227359772, 0.007896624505519867, 0.007863023318350315, 0.0077969711273908615, 0.0075980802066624165, 0.0072417836636304855, 0.0069927372969686985, 0.006357863545417786, 0.006158102303743362, 0.006072708405554295, 0.0059708720073103905, 0.005600788630545139, 0.005134182050824165, 0.0047446792013943195, 0.004568628966808319, 0.004020592663437128, 0.003987900447100401, 0.0032826901879161596, 0.003096159314736724, 0.002943778643384576, 0.002907824469730258, 0.0019409623928368092, 0.0013659563846886158, 0.001319333678111434, 0.0009288278524763882, 0.0008496541413478553, 0.0006856377003714442], "bboxes": [[0.0, 64.26889038085938, 378.5565490722656, 424.40435791015625], [0.014413893222808838, 0.14066845178604126, 425.0, 425.0], [0.0, 326.2795715332031, 73.4136962890625, 394.781005859375], [84.43152618408203, 17.524084091186523, 159.3930206298828, 37.48911666870117], [88.25079345703125, 16.069490432739258, 160.03558349609375, 36.42644500732422], [92.33538055419922, 26.241355895996094, 167.9837646484375, 43.388301849365234], [76.40142059326172, 18.72134017944336, 174.0695343017578, 46.05047607421875], [78.27337646484375, 27.578819274902344, 176.84518432617188, 50.374061584472656], [0.12134015560150146, 0.09171441197395325, 425.0, 300.0712585449219], [76.15185546875, 17.478927612304688, 168.2840118408203, 43.30699157714844], [72.91193389892578, 26.599428176879883, 174.9752655029297, 56.39517593383789], [0.10606497526168823, 0.07561594247817993, 425.0, 298.203857421875], [80.71475982666016, 14.633309364318848, 156.17816162109375, 35.47503662109375], [0.2881638705730438, 0.0, 424.92083740234375, 424.9876708984375], [0.11632442474365234, 0.0, 425.0, 268.9335021972656], [0.0, 29.406558990478516, 212.9504852294922, 423.78271484375], [84.08173370361328, 16.351232528686523, 143.2130584716797, 33.293983459472656], [185.5963897705078, 0.3843747079372406, 425.0, 296.3583068847656], [0.1051783561706543, 10.840665817260742, 425.0, 424.0936584472656], [0.09246170520782471, 0.0, 425.0, 302.2599182128906], [0.0, 0.10555833578109741, 424.67974853515625, 425.0], [115.34791564941406, 17.35173225402832, 160.84689331054688, 34.45554733276367], [0.0, 17.800867080688477, 210.59756469726562, 422.1298828125], [0.0, 20.44835662841797, 209.06192016601562, 218.30325317382812], [2.4238898754119873, 0.0, 425.0, 424.8687438964844], [188.71401977539062, 0.08179694414138794, 425.0, 299.05584716796875], [0.008815526962280273, 0.08815526962280273, 425.0, 425.0], [0.29941126704216003, 26.470937728881836, 424.80352783203125, 424.8486633300781], [12.192442893981934, 0.0, 425.0, 424.9602966308594], [22.83315086364746, 1.269372582435608, 425.0, 297.0777893066406], [189.43896484375, 0.20428970456123352, 425.0, 293.2998352050781], [3.2390475273132324, 0.0, 425.0, 424.9674987792969], [0.0, 0.18061697483062744, 424.9969787597656, 297.614013671875], [0.0, 0.11227130889892578, 424.9682312011719, 425.0], [0.10603964328765869, 49.843101501464844, 425.0, 423.3982849121094], [0.0, 43.06114959716797, 211.77947998046875, 424.12335205078125], [107.17906951904297, 14.488739967346191, 155.67929077148438, 31.050378799438477], [0.006029009819030762, 0.28815120458602905, 424.95648193359375, 425.0], [0.0, 33.04669952392578, 211.81459045410156, 424.4147644042969], [136.29946899414062, 0.0, 425.0, 295.6263122558594], [0.0, 65.9342269897461, 27.6457576751709, 425.0], [0.0, 0.05504637956619263, 209.24281311035156, 425.0], [179.933349609375, 0.0, 425.0, 251.54518127441406], [195.25021362304688, 0.21182596683502197, 424.7401123046875, 279.4496765136719], [0.8705776333808899, 0.0, 209.87046813964844, 424.83050537109375], [197.04322814941406, 0.5215853452682495, 424.2273864746094, 293.983642578125], [190.45396423339844, 0.36919450759887695, 424.99951171875, 211.7703857421875], [77.86746978759766, 46.90294647216797, 187.84121704101562, 83.50676727294922], [0.6193351149559021, 25.5564022064209, 208.19383239746094, 167.5308380126953], [190.6325225830078, 0.8999690413475037, 424.4279479980469, 228.44602966308594], [0.0, 44.579612731933594, 378.783935546875, 425.0], [0.021274108439683914, 59.334285736083984, 29.091480255126953, 240.27423095703125], [149.1342010498047, 0.0, 425.0, 424.67279052734375], [35.530120849609375, 26.729703903198242, 207.99598693847656, 95.6148910522461], [0.0, 65.47423553466797, 17.88749885559082, 208.0000457763672], [0.0, 45.02060317993164, 214.10888671875, 424.48333740234375], [0.0, 16.26288604736328, 171.2298126220703, 422.1988525390625], [225.39390563964844, 1.9583009481430054, 425.0, 219.5809326171875], [1.7938584089279175, 1.7953529357910156, 244.27476501464844, 194.6814422607422], [0.0, 60.970367431640625, 6.935463905334473, 217.96670532226562], [0.022999849170446396, 0.0, 31.124794006347656, 424.771240234375], [0.0, 320.18310546875, 78.03072357177734, 425.0], [0.5675312280654907, 318.8517150878906, 165.37586975097656, 425.0], [195.2014923095703, 165.87547302246094, 424.2618713378906, 292.7184753417969], [0.04089688882231712, 2.948831796646118, 14.264056205749512, 246.26934814453125], [33.78913497924805, 32.59971237182617, 205.18853759765625, 93.97599029541016], [73.56779479980469, 27.45887565612793, 200.87709045410156, 56.97642517089844], [34.03736877441406, 32.7751350402832, 212.17994689941406, 142.84945678710938], [0.06044209003448486, 11.492837905883789, 20.180736541748047, 343.66168212890625], [0.025454675778746605, 0.0, 11.427254676818848, 424.8787536621094], [120.14952850341797, 16.521310806274414, 191.85035705566406, 39.14048385620117], [21.48949432373047, 23.17484474182129, 207.8983612060547, 88.30951690673828], [0.0, 303.89306640625, 73.90673828125, 424.9107971191406], [0.0, 243.572021484375, 28.531814575195312, 425.0], [0.0, 39.16318130493164, 377.5423278808594, 424.8492736816406], [0.0, 15.333108901977539, 209.8971710205078, 215.14752197265625], [0.1605793833732605, 239.24388122558594, 425.0, 425.0], [28.568336486816406, 21.906156539916992, 204.92013549804688, 80.47673797607422], [0.0, 310.32373046875, 158.38600158691406, 421.88330078125], [0.0, 268.5697937011719, 35.254127502441406, 425.0], 