{"labels": [40, 0, 42, 40, 56, 56, 39, 0, 60, 0, 56, 44, 40, 51, 0, 56, 44, 60, 60, 56, 60, 56, 60, 45, 56, 60, 60, 56, 51, 51, 51, 56, 43, 60, 42, 56, 56, 50, 51, 56, 60, 60, 41, 50, 56, 41, 60, 56, 56, 0, 60, 60, 60, 56, 44, 56, 0, 0, 50, 53, 56, 56, 50, 40, 0, 56, 0, 60, 60, 56, 50, 60, 42, 42, 56, 45, 56, 40, 43, 44, 56, 51, 44, 43, 42, 56, 56, 60, 44, 43, 45, 40, 42, 44, 44, 39, 44, 60, 50, 50], "scores": [0.9962676167488098, 0.9954342246055603, 0.9951162338256836, 0.9907935261726379, 0.9873721599578857, 0.9851345419883728, 0.9841619729995728, 0.982975423336029, 0.9785276055335999, 0.9694551229476929, 0.9454573392868042, 0.9347989559173584, 0.9338427782058716, 0.9042271971702576, 0.8934673070907593, 0.877518355846405, 0.8646136522293091, 0.8157278299331665, 0.7562974095344543, 0.7512702345848083, 0.7262535691261292, 0.6895347237586975, 0.6271491646766663, 0.618340253829956, 0.5879735946655273, 0.5616830587387085, 0.5423410534858704, 0.5314039587974548, 0.5198312401771545, 0.5079421997070312, 0.4814537465572357, 0.4619528651237488, 0.4597187936306, 0.44824934005737305, 0.4355734884738922, 0.4317012131214142, 0.41473594307899475, 0.4041847586631775, 0.40323418378829956, 0.4027329087257385, 0.3866821527481079, 0.37102898955345154, 0.3656408488750458, 0.35027027130126953, 0.34922516345977783, 0.3462245464324951, 0.34433573484420776, 0.33955520391464233, 0.3390255868434906, 0.3252243399620056, 0.3083651661872864, 0.3078422546386719, 0.30591893196105957, 0.297981321811676, 0.29338422417640686, 0.2925052046775818, 0.2875955402851105, 0.2806195318698883, 0.2779294550418854, 0.26032754778862, 0.25804251432418823, 0.24052555859088898, 0.23659296333789825, 0.2321578413248062, 0.22372867166996002, 0.19930116832256317, 0.19830991327762604, 0.19591958820819855, 0.1810605674982071, 0.17654842138290405, 0.15896162390708923, 0.1449100524187088, 0.1391768753528595, 0.1364063024520874, 0.1353222280740738, 0.13156023621559143, 0.12146361172199249, 0.11688628792762756, 0.0923665389418602, 0.08360335230827332, 0.07919763028621674, 0.07896596193313599, 0.07528021186590195, 0.071027472615242, 0.06328250467777252, 0.06262736022472382, 0.06151939928531647, 0.05957803130149841, 0.05905177816748619, 0.05595603957772255, 0.05532025173306465, 0.055132314562797546, 0.04995735362172127, 0.03978728502988815, 0.03822222352027893, 0.03307259455323219, 0.032565031200647354, 0.022349968552589417, 0.02067846618592739, 0.018502112478017807], "bboxes": [[275.850830078125, 203.3780517578125, 370.72607421875, 365.04595947265625], [0.0, 20.07145881652832, 139.97991943359375, 191.16690063476562], [143.85240173339844, 232.9501190185547, 180.6953887939453, 325.3305969238281], [141.82640075683594, 116.5167007446289, 193.32278442382812, 198.2100372314453], [330.853271484375, 8.26225471496582, 375.5662841796875, 81.79537200927734], [287.0992736816406, 5.757622241973877, 330.3544921875, 79.57942962646484], [247.09518432617188, 141.49365234375, 277.2731628417969, 201.45846557617188], [381.760498046875, 0.0, 425.0, 32.71615982055664], [12.289592742919922, 134.89517211914062, 423.5773010253906, 423.60906982421875], [318.64849853515625, 53.489410400390625, 425.0, 348.63787841796875], [0.0, 52.43147277832031, 157.80184936523438, 139.98519897460938], [94.32096862792969, 183.71141052246094, 116.59827423095703, 215.59901428222656], [0.30287858843803406, 173.5089874267578, 80.94389343261719, 261.2137145996094], [255.38458251953125, 208.55282592773438, 278.4256286621094, 243.54852294921875], [264.38409423828125, 53.472286224365234, 425.0, 350.5419006347656], [366.4304504394531, 4.094259738922119, 388.4178466796875, 29.95535659790039], [96.72333526611328, 183.6359405517578, 117.82820129394531, 210.94854736328125], [367.85693359375, 24.421493530273438, 425.0, 46.90036392211914], [281.5904541015625, 7.060935974121094, 343.302001953125, 70.83084869384766], [0.0, 97.06440734863281, 23.61498260498047, 138.85289001464844], [0.8333206176757812, 93.02136993408203, 424.549560546875, 422.9534606933594], [362.0060729980469, 5.478774070739746, 384.6553955078125, 32.08251190185547], [366.6980895996094, 17.780839920043945, 425.0, 69.05158996582031], [0.010675843805074692, 286.48394775390625, 23.431123733520508, 342.4556579589844], [0.0, 99.2956771850586, 23.017375946044922, 124.76675415039062], [274.2647399902344, 0.03102058544754982, 351.451171875, 8.157061576843262], [365.2892150878906, 24.622678756713867, 425.0, 72.37346649169922], [0.0, 53.181495666503906, 157.06387329101562, 146.7837677001953], [187.53749084472656, 209.42120361328125, 222.8114471435547, 226.35845947265625], [264.3203430175781, 211.9934539794922, 286.72113037109375, 246.4174346923828], [259.34942626953125, 223.8261260986328, 282.8262634277344, 259.4624938964844], [0.0, 102.28460693359375, 23.2637882232666, 129.69956970214844], [329.6830139160156, 347.8109436035156, 405.6451416015625, 424.3250427246094], [370.0467529296875, 29.49800682067871, 425.0, 59.8525276184082], [236.9738311767578, 164.94287109375, 250.7790985107422, 185.32029724121094], [372.2160339355469, 34.981971740722656, 425.0, 73.76860046386719], [0.0, 5.047364234924316, 9.542667388916016, 121.53411865234375], [254.65896606445312, 192.57266235351562, 280.75372314453125, 216.05580139160156], [192.4945831298828, 210.94044494628906, 225.2246551513672, 228.57583618164062], [0.0, 102.13137817382812, 17.447175979614258, 133.6159210205078], [270.8804016113281, 0.050413794815540314, 351.3282775878906, 10.706246376037598], [295.9808349609375, 9.3565673828125, 382.73822021484375, 55.68849563598633], [142.1613311767578, 117.5073471069336, 192.5824432373047, 197.62559509277344], [254.7108154296875, 196.14218139648438, 286.626708984375, 230.46395874023438], [364.8182373046875, 42.95726013183594, 393.4836120605469, 79.89520263671875], [142.2399139404297, 118.06314086914062, 192.44834899902344, 197.85064697265625], [382.22967529296875, 23.233932495117188, 425.0, 40.58611297607422], [310.4630126953125, 6.105550289154053, 342.61328125, 82.45923614501953], [410.99560546875, 29.77023696899414, 425.0, 53.909603118896484], [0.02790316939353943, 0.0, 52.25754165649414, 33.21000289916992], [136.517822265625, 177.3133544921875, 425.0, 424.5157775878906], [378.341552734375, 31.384450912475586, 425.0, 60.299686431884766], [284.7640075683594, 2.934380531311035, 335.4656677246094, 23.388593673706055], [0.00030992086976766586, 0.08164019882678986, 8.325193405151367, 34.32368850708008], [99.3874740600586, 182.0873565673828, 116.25948333740234, 199.01116943359375], [341.63568115234375, 9.694979667663574, 379.60089111328125, 77.96961212158203], [410.9796447753906, 0.0, 425.0, 29.26034927368164], [0.0, 0.0, 5.878025054931641, 93.29356384277344], [223.81809997558594, 210.62326049804688, 249.1305694580078, 231.61886596679688], [188.71600341796875, 226.82452392578125, 278.6482849121094, 287.795166015625], [280.7060852050781, 0.09458009153604507, 320.9481201171875, 31.14760398864746], [0.0, 48.94694519042969, 159.5875244140625, 190.49850463867188], [205.21173095703125, 245.63751220703125, 229.3415985107422, 272.78594970703125], [0.0, 174.87442016601562, 81.02005004882812, 330.2408447265625], [385.4269104003906, 0.0, 425.0, 41.57925796508789], [0.02657482400536537, 0.3949381411075592, 41.81220245361328, 107.5350570678711], [258.74725341796875, 52.404266357421875, 425.0, 361.54156494140625], [26.6698055267334, 173.5897216796875, 424.6150207519531, 422.89813232421875], [317.139892578125, 2.483283758163452, 351.9707946777344, 26.367794036865234], [0.0, 10.642544746398926, 5.943973064422607, 236.64138793945312], [253.8565216064453, 184.30494689941406, 276.3179931640625, 207.88185119628906], [262.7842712402344, 0.0, 324.3106994628906, 5.936807155609131], [91.24737548828125, 185.86138916015625, 118.01831817626953, 219.5753173828125], [290.5249328613281, 179.7219696044922, 315.9791259765625, 211.57115173339844], [0.060866400599479675, 51.663414001464844, 160.4497528076172, 184.41468811035156], [0.0, 232.64321899414062, 