{"labels": [0, 0, 2, 27, 0, 2, 0, 2, 1, 27, 2, 0, 1, 0, 2, 0, 0, 2, 0, 0, 0, 0, 2, 0, 2, 2, 2, 0, 0, 2, 1, 0, 0, 0, 0, 0, 1, 74, 0, 0, 0, 0, 0, 1, 1, 0, 2, 1, 0, 0, 0, 0, 0, 2, 0, 0, 0, 0, 2, 27, 0, 0, 0, 9, 2, 2, 27, 0, 1, 0, 0, 0, 74, 74, 0, 0, 0, 0, 0, 0, 9, 0, 2, 12, 1, 0, 2, 1, 2, 2, 27, 0, 1, 0, 0, 27, 27, 27, 2, 2], "scores": [0.9992265701293945, 0.9960229396820068, 0.991754412651062, 0.9915790557861328, 0.9816889762878418, 0.9812328815460205, 0.9523389339447021, 0.8553109765052795, 0.7125148177146912, 0.6924682855606079, 0.44665393233299255, 0.29304081201553345, 0.26184725761413574, 0.25723832845687866, 0.25437846779823303, 0.24497947096824646, 0.2422633320093155, 0.24172818660736084, 0.23961405456066132, 0.22353923320770264, 0.21781276166439056, 0.21389754116535187, 0.20892176032066345, 0.20512963831424713, 0.2046556919813156, 0.19526635110378265, 0.1901955008506775, 0.18881261348724365, 0.1768397092819214, 0.16771414875984192, 0.16695937514305115, 0.16488699615001678, 0.1599987894296646, 0.15950343012809753, 0.14631246030330658, 0.14359335601329803, 0.13098964095115662, 0.1300189048051834, 0.12472805380821228, 0.11698348075151443, 0.11428873986005783, 0.10983114689588547, 0.1089610829949379, 0.10662874579429626, 0.10219169408082962, 0.098655104637146, 0.09599939733743668, 0.09020546823740005, 0.08837011456489563, 0.08183161914348602, 0.08164895325899124, 0.07845144718885422, 0.07447418570518494, 0.06447409838438034, 0.06218020245432854, 0.06076353043317795, 0.0586775504052639, 0.05432981252670288, 0.0542423240840435, 0.05420477315783501, 0.05325211584568024, 0.053159601986408234, 0.0529794916510582, 0.0504508838057518, 0.04578602313995361, 0.04548346996307373, 0.04332569241523743, 0.04072681441903114, 0.03813886642456055, 0.037146903574466705, 0.034432925283908844, 0.033879492431879044, 0.029209768399596214, 0.028239252045750618, 0.025374876335263252, 0.025134798139333725, 0.02230309322476387, 0.02186678722500801, 0.02172904834151268, 0.019899142906069756, 0.01850459724664688, 0.01798965223133564, 0.015405328944325447, 0.015189612284302711, 0.014571158215403557, 0.013838052749633789, 0.013604539446532726, 0.012784982100129128, 0.00978786125779152, 0.007993960753083229, 0.007968157529830933, 0.007666109129786491, 0.0075798965990543365, 0.006837558466941118, 0.006776212248951197, 0.006058034487068653, 0.0058997441083192825, 0.005112414713948965, 0.004228595178574324, 0.0038697475101798773], "bboxes": [[248.88369750976562, 4.07122802734375, 364.2182312011719, 344.35491943359375], [0.0, 37.719058990478516, 149.99046325683594, 373.16845703125], [183.67703247070312, 170.5147247314453, 272.5913391113281, 238.03787231445312], [272.26373291015625, 59.4580192565918, 314.3139953613281, 134.2501678466797], [401.26165771484375, 192.1086883544922, 411.27166748046875, 214.39878845214844], [184.88922119140625, 169.7103729248047, 389.2861022949219, 241.0009765625], [188.12200927734375, 158.61135864257812, 199.40162658691406, 189.9588623046875], [0.0, 181.6483612060547, 9.606925010681152, 222.18907165527344], [0.12753857672214508, 320.78692626953125, 45.256103515625, 375.33868408203125], [50.408531188964844, 88.04314422607422, 64.7384262084961, 109.49896240234375], [321.42181396484375, 190.6553192138672, 388.7173156738281, 238.44668579101562], [382.8273620605469, 192.69082641601562, 390.032470703125, 209.53164672851562], [0.09008999913930893, 256.9302673339844, 44.35022735595703, 378.84185791015625], [395.99700927734375, 193.50990295410156, 403.4573059082031, 211.19058227539062], [0.0, 168.50389099121094, 7.895955562591553, 262.9079284667969], [421.0256652832031, 190.92312622070312, 425.0, 214.28988647460938], [377.380859375, 192.39894104003906, 384.3547058105469, 208.84120178222656], [0.007506972178816795, 177.49534606933594, 10.158162117004395, 236.352783203125], [368.8505554199219, 190.58358764648438, 376.0530090332031, 207.34214782714844], [423.0958251953125, 191.5476837158203, 425.0, 215.2589111328125], [415.7182922363281, 192.43295288085938, 424.9678039550781, 213.70083618164062], [404.523193359375, 193.38485717773438, 413.47320556640625, 214.07070922851562], [0.003864709287881851, 205.6931610107422, 6.272861003875732, 236.39088439941406], [256.68182373046875, 170.13999938964844, 268.1294860839844, 190.6800994873047], [0.0, 171.11599731445312, 8.16567611694336, 188.46932983398438], [0.0, 175.45736694335938, 6.456480979919434, 221.84854125976562], [0.0, 182.5724639892578, 9.461798667907715, 215.69129943847656], [373.8370361328125, 192.0825653076172, 380.12738037109375, 208.12681579589844], [252.65602111816406, 173.41622924804688, 264.6424865722656, 190.19091796875], [0.023402389138936996, 179.88589477539062, 9.645940780639648, 306.6584777832031], [0.0, 227.170654296875, 46.98539733886719, 375.2448425292969], [413.633544921875, 193.5963897705078, 421.96527099609375, 214.2196807861328], [0.0, 39.223140716552734, 127.82072448730469, 371.8404235839844], [382.4790344238281, 192.40663146972656, 389.96270751953125, 209.5184783935547], [258.4245910644531, 169.77752685546875, 269.3884582519531, 190.6456756591797], [0.0, 75.8817367553711, 27.21759605407715, 366.8415832519531], [0.1225275918841362, 263.41326904296875, 46.31181335449219, 382.0069885253906], [338.0339660644531, 152.30587768554688, 347.975830078125, 162.4141845703125], [353.2946472167969, 186.02732849121094, 362.70831298828125, 203.49447631835938], [396.9095458984375, 192.71815490722656, 405.6358642578125, 212.59375], [0.012441165745258331, 76.9427490234375, 20.313976287841797, 258.31207275390625], [411.98291015625, 192.637451171875, 420.5067138671875, 214.0814971923828], [255.30413818359375, 169.89268493652344, 268.02215576171875, 191.67645263671875], [0.015270430594682693, 317.99737548828125, 44.09484100341797, 376.3363952636719], [0.056597962975502014, 174.00387573242188, 45.333152770996094, 376.25787353515625], [356.5378112792969, 183.97950744628906, 364.91510009765625, 201.6034393310547], [0.0, 199.18597412109375, 1.711840033531189, 292.3080139160156], [0.11629117280244827, 303.0920104980469, 48.625423431396484, 378.8973693847656], [408.4258117675781, 193.7740020751953, 417.3080749511719, 213.32516479492188], [0.0, 102.5497055053711, 6.159542560577393, 179.9409637451172], [400.42901611328125, 194.28927612304688, 408.62060546875, 212.48776245117188], [0.39495712518692017, 38.930416107177734, 153.36376953125, 188.29551696777344], [0.0, 37.432979583740234, 151.13360595703125, 304.83203125], [332.6922607421875, 182.81137084960938, 347.9062194824219, 199.724609375], [258.3326416015625, 168.89195251464844, 269.5402526855469, 189.1041717529297], [0.0, 87.35192108154297, 13.819975852966309, 176.310791015625], [197.5511016845703, 161.5306396484375, 205.20291137695312, 177.32382202148438], [348.7350158691406, 180.96377563476562, 358.9039306640625, 199.53057861328125], [334.3433837890625, 183.1232452392578, 357.32427978515625, 207.51089477539062], [51.06767654418945, 88.00212097167969, 62.32160186767578, 101.9375], [0.0, 83.50619506835938, 6.012036323547363, 248.38165283203125], [0.014106743037700653, 88.8934326171875, 25.822376251220703, 182.1615447998047], [337.852783203125, 181.08514404296875, 351.9198303222656, 199.13580322265625], [419.03094482421875, 147.87030029296875, 424.9980773925781, 179.38047790527344], [0.8758023381233215, 167.7923583984375, 391.43402099609375, 246.1119842529297], [281.13226318359375, 184.7733612060547, 385.7168884277344, 238.8286895751953], [53.20573806762695, 89.66402435302734, 66.31962585449219, 112.17622375488281], [205.6488037109375, 162.73016357421875, 214.8689422607422, 179.30569458007812], [4.618647575378418, 339.6749267578125, 37.5543098449707, 373.5415954589844], [355.5696716308594, 189.46109008789062, 365.51513671875, 205.87396240234375], [0.0, 1.498943567276001, 152.88356018066406, 376.13580322265625], [242.36277770996094, 175.6341552734375, 252.9159698486328, 193.4398651123047], [341.1423645019531, 144.5443115234375, 353.978515625, 162.0170135498047], 