{"labels": [74, 13, 74, 74, 10, 13, 13, 13, 74, 13, 13, 10, 74, 13, 13, 13, 10, 10, 74, 13, 13, 10, 10, 74, 10, 74, 10, 74, 0, 74, 74, 10, 74, 74, 0, 74, 0, 0, 0, 0, 74, 0, 0, 74, 0, 13, 74, 0, 2, 13, 74, 2, 2, 13, 13, 2, 2, 13, 0, 0, 13, 2, 74, 2, 58, 13, 11, 13, 13, 0, 11, 2, 74, 11, 13, 2, 13, 13, 2, 2, 13, 74, 0, 13, 0, 13, 2, 2, 13, 2, 2, 74, 14, 74, 74, 74, 74, 2, 2, 10], "scores": [0.9833211898803711, 0.6662865877151489, 0.03663787245750427, 0.028796382248401642, 0.017938699573278427, 0.014465630985796452, 0.011165848933160305, 0.009307715110480785, 0.00905715674161911, 0.008480338379740715, 0.0073834797367453575, 0.005959692411124706, 0.005522882100194693, 0.005490085110068321, 0.004722409415990114, 0.0046855066902935505, 0.004658838734030724, 0.004538484383374453, 0.004447359591722488, 0.004374717827886343, 0.004363470710813999, 0.004177405498921871, 0.004058131016790867, 0.004036043304949999, 0.00402832729741931, 0.0038356282748281956, 0.003806442953646183, 0.003589203581213951, 0.003317453432828188, 0.003082853276282549, 0.003075207583606243, 0.002931303111836314, 0.0026714655105024576, 0.002598188817501068, 0.0024114931002259254, 0.0024015752132982016, 0.0022448392119258642, 0.0021374907810240984, 0.002124240156263113, 0.002103585284203291, 0.002033025724813342, 0.0019794791005551815, 0.0016314932145178318, 0.0015852494398131967, 0.0015419544652104378, 0.0015417924150824547, 0.0015165600925683975, 0.0014087288873270154, 0.0012699547223746777, 0.0012421595165506005, 0.0011974750086665154, 0.0011680563911795616, 0.0011063657002523541, 0.001040510949678719, 0.0010018557077273726, 0.0009945263154804707, 0.0009197347098961473, 0.0009058069554157555, 0.0008587008342146873, 0.0008533279178664088, 0.0008522610878571868, 0.0008222251781262457, 0.0008187582716345787, 0.0008006917196325958, 0.0007783673354424536, 0.0007567012216895819, 0.0006957913865335286, 0.0006756980437785387, 0.000660745776258409, 0.0006552313570864499, 0.0006284923874773085, 0.0005981700378470123, 0.000594278157223016, 0.0005767499678768218, 0.000562973553314805, 0.0005402977112680674, 0.0004779667651746422, 0.0004735988622996956, 0.0004682894505094737, 0.0004264203307684511, 0.0004241736023686826, 0.0004147440486121923, 0.0003902289317920804, 0.00037872185930609703, 0.00033815574715845287, 0.00033165558124892414, 0.0003266898565925658, 0.00030899341800250113, 0.0002775599714368582, 0.00021914212265983224, 0.0001937062625074759, 0.00019274761143606156, 0.00016289963969029486, 0.00015929891378618777, 0.0001132788383984007, 0.00011110837658634409, 9.503574256086722e-05, 9.181228961097077e-05, 7.559065852547064e-05, 3.6113015084993094e-05], "bboxes": [[26.735422134399414, 125.49092864990234, 42.12350082397461, 143.1540985107422], [359.172119140625, 267.2204284667969, 403.6053771972656, 281.1297302246094], [0.0, 50.801761627197266, 0.7076590657234192, 112.7020263671875], [0.0, 54.26259994506836, 0.8748670220375061, 107.2509536743164], [329.0932922363281, 291.430908203125, 339.8929748535156, 307.8283996582031], [387.0393981933594, 268.6103820800781, 403.7333068847656, 280.8760986328125], [360.3066711425781, 264.82391357421875, 401.0511169433594, 280.9161682128906], [372.3787841796875, 268.86907958984375, 396.00830078125, 280.43572998046875], [0.0, 38.54409408569336, 0.9661141037940979, 169.13565063476562], [396.2385559082031, 268.5317077636719, 410.5532531738281, 280.6194763183594], [383.2752990722656, 265.0823669433594, 403.5820007324219, 279.9866943359375], [330.0456237792969, 291.8414001464844, 339.5965576171875, 307.4630432128906], [18.917850494384766, 127.7757339477539, 30.643999099731445, 144.47512817382812], [378.74969482421875, 265.2149963378906, 412.2461853027344, 282.0443115234375], [410.22735595703125, 267.5276184082031, 421.4958801269531, 282.64520263671875], [394.3465576171875, 264.8102111816406, 409.1209716796875, 280.2669372558594], [328.3855895996094, 291.88934326171875, 338.18255615234375, 307.6143798828125], [327.9032897949219, 291.6418762207031, 338.1625061035156, 307.73583984375], [26.54275894165039, 130.07261657714844, 38.77567672729492, 145.4176483154297], [366.5763244628906, 263.5607604980469, 391.3450927734375, 279.0552978515625], [398.72637939453125, 262.262451171875, 417.4311218261719, 279.862060546875], [328.5877685546875, 291.37530517578125, 338.7120666503906, 307.2408142089844], [327.3257141113281, 291.7428283691406, 336.8414611816406, 307.30694580078125], [22.913169860839844, 126.43572998046875, 37.08713150024414, 144.62841796875], [328.77838134765625, 292.26177978515625, 337.9847717285156, 307.44140625], [28.27211570739746, 124.83769989013672, 39.817020416259766, 139.44796752929688], [330.0451965332031, 292.1993713378906, 339.12164306640625, 306.91973876953125], [16.08302879333496, 131.67828369140625, 31.406593322753906, 159.54713439941406], [37.89937210083008, 305.6015319824219, 45.63547897338867, 320.25872802734375], [32.729759216308594, 131.3846893310547, 44.763511657714844, 146.2152557373047], [29.854028701782227, 127.37787628173828, 45.88534927368164, 147.67184448242188], [331.3445739746094, 292.1394958496094, 339.8504333496094, 306.88134765625], [27.734546661376953, 120.57193756103516, 50.16765594482422, 148.91571044921875], [0.0, 124.43156433105469, 0.7360982298851013, 183.40762329101562], [39.101985931396484, 306.26287841796875, 46.50508117675781, 320.7451171875], [30.685510635375977, 128.31509399414062, 51.91086959838867, 157.3087158203125], [38.182037353515625, 305.5718688964844, 45.648590087890625, 320.00604248046875], [38.9844970703125, 305.2889404296875, 46.11865234375, 319.452880859375], [0.00553701538592577, 284.9504699707031, 5.490602970123291, 315.4998779296875], [0.0, 291.36639404296875, 1.631940245628357, 330.3247985839844], [0.0, 49.12335968017578, 1.3514204025268555, 178.7996826171875], [5.947360515594482, 284.59442138671875, 36.36083984375, 314.84588623046875], [423.3648681640625, 256.8585510253906, 425.0, 335.8453063964844], [38.59041213989258, 125.94886779785156, 53.44196701049805, 145.09603881835938], [37.74379348754883, 300.97552490234375, 46.2808723449707, 317.0005187988281], [293.2701416015625, 265.8744201660156, 400.8977355957031, 284.61077880859375], [47.08216094970703, 125.75065612792969, 57.19819259643555, 140.12852478027344], [423.8421325683594, 265.1773986816406, 425.0, 297.1370849609375], [340.3695068359375, 411.5481262207031, 425.0, 424.9625549316406], [419.8196105957031, 257.5460510253906, 425.0, 283.387451171875], [43.39146423339844, 128.03550720214844, 54.558921813964844, 144.05203247070312], [324.75213623046875, 325.4270324707031, 424.5591735839844, 423.5013122558594], [386.8699035644531, 418.4620056152344, 424.97479248046875, 424.9908447265625], [325.7457275390625, 269.7866516113281, 339.36065673828125, 283.66143798828125], [356.3202819824219, 260.7760009765625, 370.1794128417969, 277.20465087890625], [261.68731689453125, 326.0028991699219, 424.7951965332031, 423.8829650878906], [47.57779312133789, 347.16033935546875, 419.26513671875, 424.12261962890625], [275.0390625, 269.22381591796875, 299.8144226074219, 283.0930480957031], [421.3978576660156, 257.804443359375, 425.0, 284.9469909667969], [0.0, 157.15943908691406, 1.931686282157898, 318.8092346191406], [266.82879638671875, 269.1340637207031, 290.3438415527344, 283.9322509765625], [0.24697408080101013, 312.2474670410156, 424.9044189453125, 422.55059814453125], [45.04518508911133, 119.39078521728516, 55.9737663269043, 135.4810028076172], [1.4668352603912354, 330.482666015625, 425.0, 423.85479736328125], [422.5853576660156, 281.8671569824219, 425.0, 319.87335205078125], [270.7076416015625, 268.9019470214844, 299.2440490722656, 284.3431701660156], [0.0, 42.58445358276367, 0.7410390973091125, 386.9675598144531], [286.77862548828125, 271.28387451171875, 303.0044860839844, 283.3687744140625], [264.4969787597656, 269.0389709472656, 291.2792053222656, 284.1087646484375], [391.31793212890625, 257.62762451171875, 405.64630126953125, 276.65106201171875], 