{"labels": [74, 74, 74, 74, 74, 74, 74, 74, 74, 74, 74, 74, 74, 74, 74, 74, 74, 74, 74, 74, 74, 74, 74, 74, 74, 74, 74, 74, 74, 74, 74, 74, 74, 74, 74, 74, 74, 74, 74, 74, 74, 74, 74, 74, 74, 74, 74, 74, 74, 74, 74, 74, 74, 74, 74, 74, 74, 74, 74, 74, 74, 74, 74, 74, 74, 74, 74, 74, 74, 74, 74, 74, 74, 74, 74, 74, 74, 74, 74, 74, 74, 74, 74, 0, 74, 74, 74, 0, 0, 74, 74, 74, 74, 0, 74, 74, 0, 74, 74, 74], "scores": [0.9968430995941162, 0.09680259972810745, 0.07133534550666809, 0.06683359295129776, 0.05773940309882164, 0.046760059893131256, 0.04527941346168518, 0.04332607984542847, 0.038665078580379486, 0.036525651812553406, 0.035905227065086365, 0.03404202684760094, 0.03360656648874283, 0.02678488940000534, 0.023539656773209572, 0.021884199231863022, 0.020900409668684006, 0.019726304337382317, 0.018299421295523643, 0.012899529188871384, 0.011664202436804771, 0.0076312292367219925, 0.007414867170155048, 0.006160764954984188, 0.006094062700867653, 0.0054490286856889725, 0.005290306638926268, 0.004901747219264507, 0.00478343665599823, 0.004731996450573206, 0.004478669725358486, 0.0043599847704172134, 0.003908871673047543, 0.0036561095621436834, 0.0036529358476400375, 0.0033991828095167875, 0.0033049010671675205, 0.0032581593841314316, 0.0028681461699306965, 0.0026568628381937742, 0.00249636173248291, 0.0024728928692638874, 0.0024697030894458294, 0.0023270875681191683, 0.0023255671840161085, 0.002323269145563245, 0.0023058373481035233, 0.0018973713740706444, 0.0018395466031506658, 0.0016475784359499812, 0.001290673273615539, 0.0012768874876201153, 0.0012293276377022266, 0.0012038323329761624, 0.0011864450061693788, 0.0011488511227071285, 0.001143389381468296, 0.0010983599349856377, 0.0010818520095199347, 0.0010791923850774765, 0.0010780488373711705, 0.0010615721112117171, 0.0009158091270364821, 0.0008771110442467034, 0.0008100317791104317, 0.0007292137015610933, 0.0006318818777799606, 0.0005593826062977314, 0.0005151521181687713, 0.00048118940321728587, 0.0004684391024056822, 0.00044019107008352876, 0.0004397621378302574, 0.0003697595093399286, 0.0002605921763461083, 0.00024297081108670682, 0.00022652435291092843, 0.00021047747577540576, 0.00020854728063568473, 0.00017196201952174306, 0.00014650812954641879, 0.0001332789397565648, 0.0001315693516517058, 0.00012891860387753695, 0.00011262056796113029, 0.00011047784209949896, 0.00010894388833548874, 0.00010398821177659556, 0.00010364917397964746, 9.228085400536656e-05, 9.184853843180463e-05, 7.923621160443872e-05, 7.372312393272296e-05, 6.58500794088468e-05, 4.991489549865946e-05, 4.896453901892528e-05, 4.810294194612652e-05, 4.7318710130639374e-05, 3.0910516215953976e-05, 2.996290822920855e-05], "bboxes": [[213.6104736328125, 9.369622230529785, 259.3067321777344, 40.352203369140625], [261.0206604003906, 18.109891891479492, 277.81640625, 53.02342224121094], [263.10577392578125, 19.46685791015625, 278.7489929199219, 53.35755920410156], [263.6130676269531, 17.974781036376953, 279.0954284667969, 51.12849807739258], [261.0704650878906, 13.738388061523438, 278.7919921875, 50.807159423828125], [263.16986083984375, 16.441604614257812, 279.8313293457031, 52.36813735961914], [258.438720703125, 9.805305480957031, 280.3938903808594, 53.11323547363281], [137.35496520996094, 162.71578979492188, 151.40127563476562, 184.59359741210938], [257.4654541015625, 12.715737342834473, 275.78741455078125, 49.1148681640625], [137.54605102539062, 161.12969970703125, 151.1707763671875, 182.2606658935547], [133.40843200683594, 156.82345581054688, 151.28073120117188, 186.8064727783203], [135.69627380371094, 162.10279846191406, 149.20050048828125, 183.84483337402344], [210.56808471679688, 1.4448202848434448, 278.4955139160156, 51.3751335144043], [224.5551300048828, 6.36730432510376, 277.9838562011719, 53.77288055419922], [256.5, 14.122823715209961, 278.1151123046875, 54.257633209228516], [267.311767578125, 7.497727870941162, 285.17669677734375, 45.93434524536133], [255.83274841308594, 9.266230583190918, 281.2315979003906, 56.003662109375], [257.767578125, 19.012001037597656, 273.36590576171875, 52.09850311279297], [128.31187438964844, 154.21530151367188, 141.8331298828125, 181.23411560058594], [203.55421447753906, 0.4043426215648651, 285.9595031738281, 54.57048797607422], [129.2340545654297, 125.4391098022461, 148.2819366455078, 178.4551239013672], [119.7900390625, 138.15980529785156, 136.87538146972656, 183.06402587890625], [199.7515106201172, 0.0, 283.4050598144531, 72.12419891357422], [222.48927307128906, 0.0, 284.2355041503906, 29.657804489135742], [199.74893188476562, 0.0, 286.8587646484375, 27.635467529296875], [111.84253692626953, 143.00979614257812, 124.75204467773438, 181.29666137695312], [158.44776916503906, 0.0, 283.84576416015625, 12.841976165771484], [198.70509338378906, 0.8256038427352905, 276.11444091796875, 57.18148422241211], [188.44271850585938, 0.0, 269.5145568847656, 42.956295013427734], [206.0584259033203, 2.6172235012054443, 273.1221008300781, 56.318115234375], [162.30288696289062, 0.0, 190.07379150390625, 4.14643669128418], [156.7599639892578, 0.0, 271.34356689453125, 5.515506267547607], [111.03202819824219, 128.1272735595703, 125.78707122802734, 177.03810119628906], [159.1576690673828, 0.0, 191.39878845214844, 3.843971014022827], [156.73040771484375, 0.0, 194.94650268554688, 5.119611740112305], [161.37489318847656, 0.0, 189.0282745361328, 3.8445632457733154], [123.05841064453125, 98.5589599609375, 142.9597930908203, 173.3880157470703], [240.2698211669922, 0.0, 279.4236145019531, 5.080132007598877], [216.9396514892578, 0.0, 276.03741455078125, 44.57899856567383], [119.06298065185547, 87.449951171875, 130.8024444580078, 122.77721405029297], [160.2650146484375, 0.0, 191.88494873046875, 3.1686739921569824], [227.85801696777344, 0.0, 273.34521484375, 6.496121883392334], [171.0174102783203, 0.0, 202.45802307128906, 5.88616418838501], [157.6539306640625, 0.0, 281.13232421875, 6.297352313995361], [141.89752197265625, 148.95704650878906, 178.91163635253906, 187.12506103515625], [260.671142578125, 0.0, 286.0682678222656, 10.552730560302734], [114.69512176513672, 91.42252349853516, 126.29252624511719, 126.50270080566406], [106.2874755859375, 144.74623107910156, 126.06721496582031, 195.5143585205078], [151.645263671875, 0.0, 248.50144958496094, 6.6666975021362305], [359.3450622558594, 317.0179138183594, 377.2879638671875, 349.6844177246094], [128.45803833007812, 0.12531410157680511, 284.14190673828125, 58.32278060913086], [361.2392578125, 316.7076110839844, 380.8013000488281, 348.6311340332031], [360.8700256347656, 318.0464782714844, 380.0924072265625, 349.7967834472656], [359.9795227050781, 314.2119445800781, 380.6310119628906, 350.48919677734375], [146.88571166992188, 0.0, 184.43682861328125, 4.4880571365356445], [193.83041381835938, 0.0, 274.4512023925781, 43.54083251953125], [220.2641143798828, 8.074652671813965, 273.2550048828125, 52.82282257080078], [360.1720886230469, 314.0388488769531, 381.87176513671875, 351.3955078125], [362.77081298828125, 318.0408020019531, 381.56866455078125, 347.64825439453125], [108.2938003540039, 2.3424222469329834, 334.96771240234375, 422.68896484375], [361.00494384765625, 318.0263671875, 378.965576171875, 344.6752624511719], [193.72154235839844, 0.0, 223.9060516357422, 11.9446439743042], [107.09181213378906, 88.86302185058594, 119.18241119384766, 123.19634246826172], [362.2063293457031, 317.5396728515625, 381.3711853027344, 345.4854736328125], [362.3950500488281, 313.6331787109375, 384.0259704589844, 349.6731872558594], [280.18621826171875, 0.0, 319.3432922363281, 8.894818305969238], [380.97198486328125, 316.46923828125, 398.50250244140625, 346.9808349609375], [122.56145477294922, 10.379015922546387, 283.74688720703125, 183.7001495361328], [141.5590362548828, 52.643829345703125, 256.31463623046875, 179.53350830078125], [113.47179412841797, 6.0192694664001465, 278.7472229003906, 169.86773681640625], [130.88621520996094, 2.674182415008545, 301.2358703613281, 413.7644958496094], 