{"labels": [0, 0, 0, 0, 8, 37, 0, 0, 37, 37, 37, 0, 0, 37, 37, 0, 24, 24, 8, 37, 0, 37, 0, 0, 37, 0, 0, 0, 0, 0, 0, 0, 0, 24, 0, 0, 8, 0, 24, 24, 8, 37, 37, 0, 0, 37, 8, 0, 0, 0, 37, 0, 0, 0, 8, 0, 8, 8, 0, 37, 37, 0, 0, 0, 37, 0, 0, 0, 8, 0, 24, 8, 37, 8, 0, 0, 37, 0, 37, 37, 8, 0, 8, 0, 0, 0, 8, 8, 8, 37, 37, 0, 37, 37, 0, 37, 37, 0, 37, 0], "scores": [0.9979255199432373, 0.9800527691841125, 0.9678472280502319, 0.8693249821662903, 0.8264683485031128, 0.4491840600967407, 0.3816967010498047, 0.2560376822948456, 0.21501070261001587, 0.20496900379657745, 0.17448276281356812, 0.15016119182109833, 0.13443893194198608, 0.1325051188468933, 0.10344661772251129, 0.10084947198629379, 0.09940733015537262, 0.09896223247051239, 0.09594089537858963, 0.09077883511781693, 0.08970421552658081, 0.08755641430616379, 0.08671783655881882, 0.0780474841594696, 0.0750567615032196, 0.0692288875579834, 0.06707742065191269, 0.05964723229408264, 0.059612784534692764, 0.058745719492435455, 0.05760299414396286, 0.050242044031620026, 0.04877729341387749, 0.04762609675526619, 0.046719785779714584, 0.046227727085351944, 0.04484940320253372, 0.043650489300489426, 0.04292003810405731, 0.04286910966038704, 0.04212123155593872, 0.042036429047584534, 0.04104779288172722, 0.03929522633552551, 0.03854869678616524, 0.03760231286287308, 0.03686985746026039, 0.036539703607559204, 0.03263389691710472, 0.0319451242685318, 0.03165721520781517, 0.030904488638043404, 0.03040056675672531, 0.029378658160567284, 0.029224557802081108, 0.028785336762666702, 0.027263334020972252, 0.026557689532637596, 0.026387766003608704, 0.026011468842625618, 0.025496572256088257, 0.025320755317807198, 0.025306392461061478, 0.024857059121131897, 0.02223699539899826, 0.02196453884243965, 0.021783599629998207, 0.021719181910157204, 0.02073233760893345, 0.02047799341380596, 0.019468052312731743, 0.018725138157606125, 0.01723664067685604, 0.016943758353590965, 0.016712673008441925, 0.016255484893918037, 0.016014141961932182, 0.014705127105116844, 0.01284328568726778, 0.012699083425104618, 0.012494276277720928, 0.012350592762231827, 0.011339793913066387, 0.010583749040961266, 0.008561777882277966, 0.008506844751536846, 0.008082826621830463, 0.007673976477235556, 0.007520201615989208, 0.0051146396435797215, 0.00510019576177001, 0.004055459052324295, 0.003013273235410452, 0.002733327681198716, 0.0022723881993442774, 0.002091066911816597, 0.00137598835863173, 0.0011477757943794131, 0.001084315124899149, 0.0009746055002324283], "bboxes": [[292.6195068359375, 212.68377685546875, 316.3285827636719, 291.5651550292969], [364.67706298828125, 261.0367126464844, 406.5230407714844, 296.1800842285156], [0.2549314796924591, 219.16232299804688, 69.82259368896484, 275.95001220703125], [0.0, 218.66549682617188, 12.143635749816895, 248.32037353515625], [0.0, 240.377685546875, 307.152587890625, 298.24462890625], [358.9062194824219, 288.7635803222656, 415.40576171875, 299.7330017089844], [367.5584716796875, 263.15447998046875, 392.0644226074219, 292.86553955078125], [366.0557861328125, 261.8029479980469, 391.6786804199219, 293.60858154296875], [372.17132568359375, 291.28564453125, 411.3873596191406, 299.7320556640625], [360.49310302734375, 291.4784851074219, 413.44805908203125, 299.8357849121094], [393.69915771484375, 294.1836242675781, 417.75823974609375, 300.4292907714844], [0.0, 216.69515991210938, 13.895511627197266, 292.6612243652344], [372.6968078613281, 262.857177734375, 395.4545593261719, 279.86224365234375], [354.07781982421875, 282.7640686035156, 375.6854553222656, 297.4934387207031], [350.2291259765625, 267.830810546875, 419.812744140625, 297.9981384277344], [0.001980396220460534, 211.90916442871094, 1.5525211095809937, 294.1562805175781], [376.1203918457031, 264.8047790527344, 396.2825927734375, 280.58209228515625], [381.8126525878906, 264.5555419921875, 398.0315246582031, 277.29913330078125], [1.4904953241348267, 238.1785888671875, 423.15557861328125, 301.89935302734375], [349.9176025390625, 284.9266357421875, 412.8788757324219, 299.8124694824219], [0.0, 215.77658081054688, 1.2677621841430664, 241.44290161132812], [414.0908203125, 292.27630615234375, 425.0, 300.9465637207031], [0.0, 219.66893005371094, 11.648859977722168, 244.3359832763672], [0.0, 221.20571899414062, 2.412938117980957, 254.209716796875], [373.4999694824219, 273.58111572265625, 413.74481201171875, 296.01641845703125], [0.0, 197.4407958984375, 64.1347885131836, 304.8256530761719], [0.0, 220.11485290527344, 8.386700630187988, 239.00196838378906], [376.29705810546875, 264.8963928222656, 401.3355407714844, 291.5386047363281], [33.0645637512207, 253.13226318359375, 67.4891586303711, 274.8263244628906], [0.15648074448108673, 220.24725341796875, 11.588244438171387, 238.09646606445312], [0.0, 216.7815399169922, 4.141353607177734, 237.75990295410156], [0.0, 220.01136779785156, 48.51141357421875, 276.93585205078125], [0.0, 217.1239776611328, 10.300336837768555, 242.25572204589844], [377.8853454589844, 263.77020263671875, 394.9781799316406, 278.2842102050781], [357.0582580566406, 263.17333984375, 411.4303283691406, 298.28955078125], [5.211983680725098, 242.19287109375, 71.84174346923828, 279.1825866699219], [0.0, 179.50181579589844, 307.3109436035156, 299.55694580078125], [357.65985107421875, 261.3312072753906, 394.1912536621094, 297.2815856933594], [370.06707763671875, 264.57965087890625, 383.9953918457031, 278.98443603515625], [374.9376220703125, 263.26531982421875, 389.48992919921875, 275.50201416015625], [0.2576008439064026, 170.31373596191406, 309.3125915527344, 293.8755187988281], [0.0, 241.98980712890625, 17.563095092773438, 286.70111083984375], [5.032526016235352, 279.9236145019531, 300.3243103027344, 298.276611328125], [0.0, 224.75930786132812, 23.00811004638672, 271.0690002441406], [34.11693572998047, 251.80198669433594, 65.32946014404297, 274.46527099609375], [0.0, 249.35292053222656, 6.16203498840332, 292.1477966308594], [0.0, 203.4027862548828, 314.3448791503906, 298.2128601074219], [0.6168177127838135, 227.91102600097656, 71.21224975585938, 275.35394287109375], [0.0, 194.57240295410156, 69.3816909790039, 302.0859069824219], [383.478271484375, 260.072509765625, 423.3999938964844, 297.16595458984375], [349.3896179199219, 264.40679931640625, 378.576904296875, 295.27899169921875], [20.421037673950195, 240.6007080078125, 71.0621109008789, 274.1759033203125], [0.026452913880348206, 215.28759765625, 68.8320541381836, 290.212890625], [0.0, 219.32904052734375, 6.6207404136657715, 295.0977478027344], [0.0, 214.12387084960938, 307.4245300292969, 296.0187072753906], [362.5413818359375, 261.0611877441406, 411.7447814941406, 298.3475036621094], [0.0, 183.90521240234375, 306.1617736816406, 298.9122619628906], [0.0, 186.7409210205078, 303.595947265625, 298.6552734375], [367.7847900390625, 264.57391357421875, 389.5926818847656, 289.3287353515625], [0.0, 244.30885314941406, 14.055133819580078, 287.7909851074219], [362.8451843261719, 271.96807861328125, 378.06427001953125, 293.3049011230469], [368.40631103515625, 264.1772766113281, 382.4940185546875, 282.7397766113281], [0.0, 223.6197509765625, 62.86183547973633, 266.3209533691406], [403.0450134277344, 267.2861328125, 418.48760986328125, 293.1957702636719], [278.51220703125, 277.9112548828125, 371.9808044433594, 297.3860778808594], [0.23480522632598877, 219.3158416748047, 71.4284439086914, 277.4537353515625], [0.03687385469675064, 220.96287536621094, 65.63459777832031, 267.9983215332031], [27.62626838684082, 243.59144592285156, 64.37902069091797, 270.6124572753906], [3.718885660171509, 218.6822967529297, 418.096435546875, 299.025390625], [363.2351379394531, 267.1150207519531, 377.29962158203125, 290.55517578125], [369.0682373046875, 263.1546936035156, 381.30615234375, 276.1145935058594], [3.12467360496521, 247.96481323242188, 303.5783996582031, 296.4820251464844], [353.01092529296875, 271.9357604980469, 368.6313171386719, 292.1390380859375], [0.33157020807266235, 240.6594696044922, 303.5478515625, 297.5065612792969], 