{"labels": [0, 79, 79, 79, 79, 79, 79, 79, 79, 79, 79, 79, 79, 79, 79, 79, 79, 79, 79, 79, 79, 79, 0, 79, 79, 79, 79, 0, 79, 79, 79, 79, 79, 67, 0, 79, 79, 67, 67, 79, 0, 0, 79, 79, 79, 79, 0, 0, 79, 0, 79, 79, 79, 0, 0, 0, 79, 79, 79, 0, 79, 79, 0, 67, 0, 79, 79, 56, 56, 56, 79, 56, 0, 56, 0, 56, 56, 0, 0, 0, 0, 0, 56, 56, 0, 0, 59, 59, 59, 0, 0, 0, 0, 0, 0, 59, 0, 56, 0, 0], "scores": [0.9980325102806091, 0.9919853210449219, 0.5580358505249023, 0.36203038692474365, 0.3486224412918091, 0.1494617760181427, 0.10817134380340576, 0.080462746322155, 0.07264367491006851, 0.06829001009464264, 0.06819827109575272, 0.06372211128473282, 0.05667441710829735, 0.047650158405303955, 0.04231586679816246, 0.04025943577289581, 0.035053521394729614, 0.02757302112877369, 0.02234095148742199, 0.021068178117275238, 0.017699507996439934, 0.017387468367815018, 0.01703186146914959, 0.016606587916612625, 0.016435129567980766, 0.01621527224779129, 0.01560706552118063, 0.011910345405340195, 0.01103260088711977, 0.01067122258245945, 0.010654736310243607, 0.010424776002764702, 0.009185283444821835, 0.008322387002408504, 0.007809024304151535, 0.006869826465845108, 0.006527075078338385, 0.006497184280306101, 0.006410801317542791, 0.006306873634457588, 0.006057566497474909, 0.006021830718964338, 0.0058751958422362804, 0.004818561486899853, 0.00479443185031414, 0.0046729883179068565, 0.0044369203969836235, 0.004293900914490223, 0.004198064561933279, 0.004129336681216955, 0.0040984065271914005, 0.004000335466116667, 0.003995270002633333, 0.0038744795601814985, 0.003732262412086129, 0.003458148567005992, 0.003353120991960168, 0.003338398179039359, 0.0029094379860907793, 0.002571410033851862, 0.002442473778501153, 0.0024269972927868366, 0.0022301485296338797, 0.002211200073361397, 0.0021776037756353617, 0.0018134163692593575, 0.0017550771590322256, 0.0016731037758290768, 0.0013869651593267918, 0.0013857022859156132, 0.0011946626473218203, 0.0010578043293207884, 0.0010553797474130988, 0.0008999096462503076, 0.0008403026149608195, 0.0008215197012759745, 0.0006011499208398163, 0.0005635667475871742, 0.000535325612872839, 0.0005315387388691306, 0.0005220019374974072, 0.0005022750701755285, 0.0004133974143769592, 0.00038466256228275597, 0.0003761128755286336, 0.00032909715082496405, 0.00024746046983636916, 0.000230377510888502, 0.00022043987701181322, 0.0002136019174940884, 0.00020939968817401677, 0.00020238706201780587, 0.0001806721993489191, 0.0001799640158424154, 0.00017385806131642312, 0.00017130511696450412, 0.00017035672499332577, 0.000134652218548581, 6.277066859183833e-05, 4.503435411606915e-05], "bboxes": [[0.0, 77.45842742919922, 238.27627563476562, 424.1709899902344], [56.40092086791992, 243.94259643554688, 166.79945373535156, 287.06475830078125], [136.80018615722656, 277.23455810546875, 166.60975646972656, 290.0954895019531], [48.23255920410156, 233.782958984375, 83.15802001953125, 259.7999572753906], [136.18153381347656, 277.13519287109375, 167.17172241210938, 290.5227355957031], [135.28538513183594, 277.216064453125, 165.37136840820312, 290.7276916503906], [57.42524719238281, 240.7786407470703, 89.31084442138672, 260.68438720703125], [52.594078063964844, 242.2602081298828, 78.11153411865234, 260.24493408203125], [60.4788818359375, 246.32211303710938, 92.05219268798828, 265.3724670410156], [46.87309646606445, 234.5636749267578, 71.98174285888672, 251.34007263183594], [50.215450286865234, 236.8488311767578, 86.4705581665039, 263.3194274902344], [47.58618927001953, 245.9414825439453, 67.93538665771484, 262.0033264160156], [136.6861114501953, 277.4968566894531, 161.686767578125, 288.72552490234375], [135.4558563232422, 276.5090026855469, 166.68629455566406, 290.7837829589844], [43.49552917480469, 233.2332305908203, 76.2072525024414, 260.758056640625], [58.786354064941406, 247.3172607421875, 159.8421630859375, 269.04742431640625], [61.56661605834961, 242.08291625976562, 105.12574005126953, 262.6031799316406], [138.3709716796875, 277.0218811035156, 164.7194061279297, 288.0611267089844], [137.2431640625, 277.0516052246094, 166.53775024414062, 290.6733093261719], [141.66229248046875, 276.98785400390625, 165.58834838867188, 287.3555603027344], [71.2385025024414, 266.7445068359375, 166.5162811279297, 290.88177490234375], [65.83098602294922, 250.41604614257812, 159.86001586914062, 269.940673828125], [9.925687789916992, 74.93202209472656, 352.4112243652344, 424.6280212402344], [140.64646911621094, 274.1014709472656, 160.7315673828125, 283.0093078613281], [141.8251190185547, 276.1690673828125, 166.64874267578125, 288.5150451660156], [68.75597381591797, 269.32391357421875, 164.40646362304688, 289.60845947265625], [139.99569702148438, 272.96148681640625, 163.78390502929688, 284.7873840332031], [0.0, 68.35364532470703, 399.09344482421875, 425.0], [78.09679412841797, 256.81500244140625, 166.93051147460938, 286.32977294921875], [48.86405944824219, 239.0316162109375, 163.52011108398438, 270.1998291015625], [140.6428985595703, 268.5927429199219, 167.0025634765625, 285.2536926269531], [53.08761978149414, 242.4901885986328, 162.02813720703125, 271.135498046875], [66.86483001708984, 245.4632110595703, 163.06944274902344, 266.77093505859375], [21.893590927124023, 147.81565856933594, 35.13397979736328, 170.6356201171875], [6.380237579345703, 74.18445587158203, 363.82879638671875, 425.0], [63.81588363647461, 252.07484436035156, 168.41098022460938, 287.63775634765625], [134.30416870117188, 255.35305786132812, 172.48939514160156, 285.8849792480469], [29.789669036865234, 151.41134643554688, 40.23078536987305, 172.6047821044922], [22.874967575073242, 156.9238739013672, 34.298728942871094, 179.923828125], [129.0182342529297, 252.70372009277344, 168.5062255859375, 283.6798400878906], [111.49322509765625, 82.39507293701172, 419.9489440917969, 424.4375], [0.0, 66.40620422363281, 392.8726806640625, 425.0], [57.12299346923828, 246.026123046875, 165.0811004638672, 277.51275634765625], [54.71345901489258, 242.27809143066406, 167.74563598632812, 286.6752014160156], [34.95711898803711, 227.99533081054688, 170.2376251220703, 290.1835632324219], [131.2418975830078, 266.0283203125, 171.97439575195312, 290.895751953125], [1.043778657913208, 26.216909408569336, 226.76461791992188, 425.0], [0.8738517761230469, 4.87905216217041, 278.0638122558594, 424.34979248046875], [28.752601623535156, 149.90333557128906, 40.5729866027832, 172.41551208496094], [0.7134497165679932, 102.73609924316406, 172.01194763183594, 424.34771728515625], [48.237266540527344, 239.12217712402344, 167.93081665039062, 287.01202392578125], [145.90977478027344, 269.4345703125, 170.30123901367188, 285.08624267578125], [52.493370056152344, 241.49107360839844, 166.82997131347656, 288.58087158203125], [0.023484323173761368, 61.92379379272461, 9.384693145751953, 421.5718688964844], [2.022732734680176, 40.50694274902344, 160.3798828125, 425.0], [0.0006889109499752522, 9.750175476074219, 2.735609769821167, 421.4075012207031], [48.84946823120117, 239.9511260986328, 169.13980102539062, 292.2109680175781], [55.16120529174805, 232.191650390625, 251.45736694335938, 293.1485290527344], [138.86196899414062, 250.25244140625, 173.4301300048828, 284.65826416015625], [10.16099739074707, 76.65345001220703, 316.6546936035156, 423.3450012207031], [130.81422424316406, 247.2931671142578, 188.32656860351562, 286.4877624511719], [0.0, 233.63497924804688, 1.1082643270492554, 330.64691162109375], [0.001602544216439128, 192.8987579345703, 3.0955488681793213, 423.4041748046875], [6.146271705627441, 149.30506896972656, 24.885311126708984, 187.2178497314453], [0.0, 171.1198272705078, 1.9975939989089966, 420.0549011230469], [19.652423858642578, 155.47119140625, 37.90104675292969, 196.21009826660156], [0.0, 246.43032836914062, 1.4598487615585327, 421.3125915527344], [125.88264465332031, 393.4518737792969, 172.6162109375, 424.9250793457031], [124.53671264648438, 390.4320068359375, 170.44110107421875, 424.9246520996094], [122.30900573730469, 393.33782958984375, 173.24301147460938, 