{"labels": [2, 10, 10, 7, 7, 10, 10, 12, 10, 12, 10, 12, 12, 10, 10, 12, 10, 13, 12, 10, 10, 10, 10, 12, 10, 41, 10, 10, 10, 10, 10, 2, 13, 10, 2, 58, 58, 7, 10, 2, 2, 58, 2, 10, 58, 2, 58, 10, 58, 2, 7, 58, 58, 58, 2, 10, 58, 58, 58, 10, 58, 10, 58, 10, 2, 2, 10, 10, 10, 2, 10, 2, 10, 10, 58, 58, 10, 58, 58, 13, 12, 10, 12, 58, 12, 58, 2, 58, 7, 58, 2, 2, 12, 58, 10, 12, 12, 13, 2, 13], "scores": [0.9955253005027771, 0.9247520565986633, 0.8313881754875183, 0.19078370928764343, 0.05833613872528076, 0.048171818256378174, 0.04283067211508751, 0.04150771722197533, 0.0404728464782238, 0.038014378398656845, 0.0326395109295845, 0.03256801888346672, 0.029587121680378914, 0.02433025650680065, 0.019869869574904442, 0.01952161267399788, 0.015972314402461052, 0.015966307371854782, 0.015623110346496105, 0.015207680873572826, 0.014118938706815243, 0.014115984551608562, 0.013475618325173855, 0.01299215853214264, 0.012839248403906822, 0.012515688315033913, 0.012378995306789875, 0.012057245709002018, 0.011772648431360722, 0.011442512273788452, 0.010639755055308342, 0.010264955461025238, 0.009547343477606773, 0.008224188350141048, 0.007633544038981199, 0.007451976183801889, 0.006706580985337496, 0.006215951405465603, 0.005864614620804787, 0.005693855695426464, 0.005431461613625288, 0.005369373131543398, 0.005129997618496418, 0.005074320826679468, 0.004950439091771841, 0.004904670175164938, 0.004414726980030537, 0.004392299335449934, 0.004313619341701269, 0.004260219167917967, 0.004160979297012091, 0.003930366598069668, 0.003709029406309128, 0.0035578415263444185, 0.003525648033246398, 0.003524140454828739, 0.0031909807585179806, 0.0030159177258610725, 0.002938035177066922, 0.002926639514043927, 0.0027906072791665792, 0.0027880806010216475, 0.0025387753266841173, 0.0025228478480130434, 0.0024285404942929745, 0.0022527617402374744, 0.00205233390443027, 0.0019504654919728637, 0.0018803615821525455, 0.0018498015124350786, 0.0017187877092510462, 0.001687556505203247, 0.0016004402423277497, 0.00159835210070014, 0.0014984819572418928, 0.001408329582773149, 0.0013919261982664466, 0.0013280262937769294, 0.00131967943161726, 0.0012743056286126375, 0.0012041308218613267, 0.0011169591452926397, 0.0010357191786170006, 0.0010290744248777628, 0.0009595339652150869, 0.0008327228133566678, 0.0005935630179010332, 0.0005680397152900696, 0.0005195343983359635, 0.00048640958266332746, 0.00047054464812390506, 0.0004531460872385651, 0.000407256418839097, 0.0003253792237956077, 0.00032419158378615975, 0.00029447334236465394, 0.0002000663080252707, 0.0001479394268244505, 0.00013825675705447793, 0.00012066135968780145], "bboxes": [[0.07402002811431885, 40.37350082397461, 101.6565933227539, 112.24222564697266], [138.17782592773438, 26.00319480895996, 225.25848388671875, 171.28189086914062], [139.64816284179688, 25.84564971923828, 217.38169860839844, 136.11282348632812], [0.0, 38.41419982910156, 104.41163635253906, 109.63623809814453], [0.0, 39.539024353027344, 102.21095275878906, 109.47380065917969], [64.870849609375, 26.77450180053711, 232.06173706054688, 201.17706298828125], [99.53550720214844, 26.60672950744629, 235.3161163330078, 185.6048126220703], [93.67143249511719, 11.377408981323242, 122.3994369506836, 35.98569869995117], [60.36672592163086, 25.140121459960938, 234.67051696777344, 271.0360412597656], [94.07696533203125, 9.428247451782227, 124.5848159790039, 34.07603454589844], [135.7267608642578, 24.62713623046875, 237.34854125976562, 185.67437744140625], [91.32406616210938, 11.742718696594238, 127.82141876220703, 86.28247833251953], [95.67328643798828, 13.28978157043457, 126.06526184082031, 53.54909133911133], [136.0019989013672, 26.831987380981445, 235.06253051757812, 182.07716369628906], [137.10287475585938, 25.611854553222656, 236.97848510742188, 176.42556762695312], [94.6432113647461, 17.27183723449707, 126.43059539794922, 82.29400634765625], [234.57904052734375, 51.09952163696289, 245.02468872070312, 71.0023422241211], [94.77196502685547, 93.98575592041016, 150.41656494140625, 122.35188293457031], [90.57246398925781, 7.452195167541504, 130.1836395263672, 92.13471221923828], [142.9502410888672, 24.284040451049805, 214.98419189453125, 129.47671508789062], [235.15150451660156, 51.665504455566406, 245.99070739746094, 72.93817138671875], [140.23245239257812, 24.919246673583984, 229.0032501220703, 170.48536682128906], [136.97854614257812, 24.581331253051758, 232.49868774414062, 176.02438354492188], [94.8965072631836, 13.483114242553711, 128.49803161621094, 86.75670623779297], [235.7168731689453, 51.34832000732422, 246.04234313964844, 71.36144256591797], [64.4595718383789, 90.02073669433594, 107.19082641601562, 168.18943786621094], [150.66256713867188, 26.98316192626953, 236.91964721679688, 173.46604919433594], [142.6177978515625, 25.633087158203125, 214.0809783935547, 121.40203857421875], [237.5170440673828, 51.64179611206055, 247.0296630859375, 70.75946807861328], [63.99610137939453, 90.13980102539062, 109.88508605957031, 172.63450622558594], [139.3245086669922, 24.365997314453125, 215.62661743164062, 158.14292907714844], [0.0, 42.67443084716797, 4.370238304138184, 69.89334869384766], [95.49944305419922, 93.40852355957031, 155.97447204589844, 124.64747619628906], [228.9855499267578, 50.929752349853516, 242.30792236328125, 74.41744995117188], [0.0, 45.207889556884766, 7.103870868682861, 91.01129150390625], [140.0128936767578, 88.48262786865234, 295.9417724609375, 262.40765380859375], [56.36437225341797, 99.37372589111328, 155.06654357910156, 278.7459716796875], [0.1178475096821785, 38.75196075439453, 82.88735961914062, 102.99808502197266], [170.66259765625, 5.698498249053955, 182.36691284179688, 17.790502548217773], [0.0, 45.073638916015625, 8.51134967803955, 72.1356201171875], [0.015589850954711437, 48.073089599609375, 9.69688606262207, 108.3026351928711], [143.65853881835938, 106.08910369873047, 304.192626953125, 264.440673828125], [0.0, 38.10179901123047, 9.851298332214355, 66.69283294677734], [235.51039123535156, 51.54164123535156, 246.537109375, 73.22110748291016], [58.96051025390625, 130.70217895507812, 154.41201782226562, 272.94927978515625], [0.0, 45.58546447753906, 19.833736419677734, 69.6710433959961], [58.057247161865234, 95.72357940673828, 135.16148376464844, 202.9971466064453], [55.311824798583984, 40.813045501708984, 107.94688415527344, 171.00100708007812], [143.18206787109375, 123.01371002197266, 236.96852111816406, 261.13629150390625], [0.0, 45.604949951171875, 1.4275473356246948, 129.88531494140625], [0.4153810441493988, 32.23258972167969, 107.76507568359375, 181.2239532470703], [3.0833191871643066, 98.77995300292969, 273.55828857421875, 282.9788818359375], [64.02130889892578, 83.50975036621094, 409.641845703125, 287.42724609375], [62.078975677490234, 98.22229766845703, 151.99240112304688, 203.04696655273438], [0.1612190157175064, 38.15239334106445, 106.999755859375, 186.71043395996094], [171.4957275390625, 6.607438564300537, 182.1451873779297, 18.021299362182617], [144.74282836914062, 123.9686508178711, 235.0762939453125, 256.5787658691406], [201.3424835205078, 86.07630157470703, 307.74725341796875, 194.39749145507812], [200.6035919189453, 92.4292984008789, 285.9972229003906, 174.8632049560547], [171.9843292236328, 6.3263373374938965, 182.93040466308594, 17.88266944885254], [147.9222412109375, 125.82756042480469, 236.36761474609375, 258.9115905761719], [214.0892333984375, 43.28969192504883, 250.37510681152344, 76.35926818847656], [0.0, 114.78512573242188, 108.58234405517578, 280.31231689453125], [96.39105987548828, 26.6743221282959, 416.7307434082031, 188.4947052001953], [0.0, 50.23769760131836, 30.553173065185547, 102.89215087890625], [0.4287373125553131, 46.31135177612305, 67.01271057128906, 84.94527435302734], [171.93215942382812, 5.076272964477539, 182.53538513183594, 16.816495895385742], [187.600830078125, 39.18696594238281, 210.99830627441406, 79.94422149658203], [64.40363311767578, 90.00851440429688, 109.95135498046875, 168.949462890625], 