{"labels": [6, 6, 6, 6, 6, 6, 6, 6, 6, 6, 6, 6, 6, 6, 6, 6, 6, 6, 9, 9, 6, 0, 9, 0, 0, 0, 0, 6, 0, 0, 0, 6, 0, 0, 0, 0, 2, 0, 0, 6, 0, 0, 0, 0, 0, 6, 0, 0, 0, 6, 6, 6, 0, 0, 6, 0, 6, 0, 6, 6, 6, 6, 6, 6, 6, 6, 6, 6, 6, 6, 6, 6, 0, 6, 0, 0, 6, 0, 6, 6, 6, 6, 0, 0, 6, 2, 6, 0, 2, 6, 6, 13, 2, 2, 2, 2, 2, 13, 0, 0], "scores": [0.9983804225921631, 0.10936582833528519, 0.04656493663787842, 0.04234131798148155, 0.03782951831817627, 0.03520301356911659, 0.031542107462882996, 0.029140442609786987, 0.02791658788919449, 0.027842191979289055, 0.027226101607084274, 0.027165159583091736, 0.022693350911140442, 0.020973868668079376, 0.019445233047008514, 0.017365099862217903, 0.016430363059043884, 0.014415524899959564, 0.013766944408416748, 0.012400588020682335, 0.011991907842457294, 0.01080148946493864, 0.01045275665819645, 0.010239300318062305, 0.009422642178833485, 0.009127737022936344, 0.008978374302387238, 0.008962797001004219, 0.008951149880886078, 0.008949709124863148, 0.008563393726944923, 0.007926087826490402, 0.007439094129949808, 0.007428658660501242, 0.007279243785887957, 0.007078345399349928, 0.006907527334988117, 0.006459678988903761, 0.006446146406233311, 0.006222306285053492, 0.005997447296977043, 0.005845033563673496, 0.005838204175233841, 0.005772883538156748, 0.005427689757198095, 0.005294008646160364, 0.0052613201551139355, 0.005116264335811138, 0.004956135060638189, 0.004820905160158873, 0.004259394947439432, 0.0042480225674808025, 0.004086915869265795, 0.004025662317872047, 0.004019453655928373, 0.003813676768913865, 0.0032995641231536865, 0.003214181400835514, 0.0031511990819126368, 0.0030744264367967844, 0.002724532037973404, 0.002564036753028631, 0.0024508878123015165, 0.0024374271742999554, 0.0024107694625854492, 0.0023593162186443806, 0.0022665271535515785, 0.002240291330963373, 0.002122400561347604, 0.00212187715806067, 0.0018978872103616595, 0.001709295203909278, 0.0017009853618219495, 0.0013589910231530666, 0.0011543463915586472, 0.0010762002784758806, 0.001019469229504466, 0.0010165661806240678, 0.0008858676301315427, 0.0008787204860709608, 0.0008044014684855938, 0.0007637879461981356, 0.0007021288620308042, 0.0006832995568402112, 0.0005442780675366521, 0.0004928390262648463, 0.0004715477116405964, 0.00047134567284956574, 0.0004674715455621481, 0.00045245097135193646, 0.0004038022307213396, 0.0003288741281721741, 0.0003175711026415229, 0.00030200189212337136, 0.0002935891679953784, 0.000267600902589038, 0.0002399720106041059, 0.00023936702928040177, 0.00022136491315905005, 0.00019054973381571472], "bboxes": [[0.06479918956756592, 152.02027893066406, 424.9291076660156, 346.9233703613281], [414.3479309082031, 190.60154724121094, 425.0, 288.6159362792969], [414.1321105957031, 175.66189575195312, 425.0, 294.1936950683594], [413.3982849121094, 183.20204162597656, 425.0, 291.5466003417969], [412.1146545410156, 182.5937957763672, 425.0, 296.7587890625], [413.8606872558594, 181.8363494873047, 425.0, 309.8005676269531], [414.74755859375, 191.99493408203125, 425.0, 285.1572265625], [416.5878601074219, 186.7933349609375, 425.0, 289.3818664550781], [414.82781982421875, 190.98300170898438, 425.0, 282.11846923828125], [414.2306823730469, 145.91323852539062, 425.0, 292.30267333984375], [414.25982666015625, 173.20127868652344, 425.0, 396.20928955078125], [416.7064514160156, 191.2602996826172, 425.0, 287.7493896484375], [417.0726318359375, 191.8336181640625, 425.0, 290.5766906738281], [416.1891784667969, 141.56642150878906, 425.0, 294.8067321777344], [415.4919128417969, 191.6354217529297, 425.0, 357.3316650390625], [414.6912841796875, 190.8997344970703, 425.0, 290.9159240722656], [416.72381591796875, 80.15756225585938, 425.0, 392.0993347167969], [415.8384094238281, 189.24795532226562, 425.0, 262.330810546875], [420.3555603027344, 194.00352478027344, 425.0, 247.73707580566406], [417.7098083496094, 193.6186981201172, 425.0, 248.15020751953125], [417.5533447265625, 195.37203979492188, 425.0, 276.924072265625], [422.5082702636719, 232.5594482421875, 425.0, 286.9546203613281], [414.8380126953125, 194.47251892089844, 425.0, 240.34048461914062], [304.28814697265625, 193.7141876220703, 323.8501281738281, 215.15573120117188], [302.36212158203125, 194.58229064941406, 320.50244140625, 214.8101043701172], [306.2330017089844, 192.40652465820312, 328.54193115234375, 216.46084594726562], [300.8235778808594, 195.00970458984375, 318.68524169921875, 215.26583862304688], [0.8554480671882629, 122.41829681396484, 423.8927001953125, 350.3475341796875], [307.1090087890625, 195.03965759277344, 325.4287109375, 215.49778747558594], [305.0697021484375, 193.1132354736328, 321.9370422363281, 211.97161865234375], [308.5121765136719, 193.9899444580078, 326.326171875, 214.32814025878906], [375.3201599121094, 137.83763122558594, 425.0, 298.1782531738281], [421.7862854003906, 238.91848754882812, 425.0, 289.8026123046875], [423.1858215332031, 197.352783203125, 425.0, 285.9753723144531], [305.44622802734375, 192.78665161132812, 327.74578857421875, 216.04391479492188], [305.2606201171875, 193.49630737304688, 325.21478271484375, 215.53271484375], [418.71881103515625, 244.51971435546875, 425.0, 284.5851745605469], [374.846923828125, 193.5023193359375, 388.9281311035156, 213.02194213867188], [373.1527099609375, 191.02650451660156, 389.05023193359375, 212.9687957763672], [419.46441650390625, 45.16913986206055, 425.0, 409.1708679199219], [419.39739990234375, 236.2542266845703, 425.0, 287.2651062011719], [35.56026077270508, 201.3777618408203, 48.6362190246582, 229.01400756835938], [303.5171813964844, 192.3321533203125, 326.5657043457031, 216.1873321533203], [417.8851013183594, 236.18995666503906, 425.0, 283.4710693359375], [380.9342346191406, 193.51609802246094, 397.6563720703125, 215.65631103515625], [0.17386600375175476, 62.3872184753418, 424.8929138183594, 353.8188781738281], [36.652870178222656, 201.21240234375, 50.07986831665039, 233.01776123046875], [305.1124572753906, 194.55538940429688, 323.49285888671875, 214.86473083496094], [34.220760345458984, 202.2277069091797, 48.31282424926758, 235.12216186523438], [349.5174865722656, 151.99794006347656, 425.0, 387.58612060546875], [0.07054954767227173, 143.1028594970703, 425.0, 349.0753173828125], [192.1416473388672, 180.85073852539062, 425.0, 287.068359375], [318.9088439941406, 194.34906005859375, 335.6586608886719, 215.97311401367188], [34.69819641113281, 201.77667236328125, 49.31458282470703, 239.2220001220703], [0.42609646916389465, 99.39820861816406, 424.425537109375, 369.9057922363281], [32.844215393066406, 200.5529327392578, 49.77037048339844, 245.12484741210938], [410.6005859375, 189.427001953125, 424.19140625, 264.8759460449219], [421.3651428222656, 220.5858612060547, 425.0, 318.0858459472656], [0.39174631237983704, 42.840396881103516, 424.20269775390625, 394.9028625488281], [0.0, 160.64035034179688, 418.99029541015625, 329.7427062988281], [391.0149841308594, 169.6241912841797, 425.0, 412.1637268066406], [0.34437552094459534, 63.78288269042969, 424.72943115234375, 360.480224609375], [0.23544803261756897, 79.48457336425781, 424.9532775878906, 420.24224853515625], [0.12275874614715576, 174.09642028808594, 425.0, 289.41644287109375], [0.23155957460403442, 168.00662231445312, 424.60955810546875, 338.1614685058594], [0.10001063346862793, 144.37132263183594, 425.0, 387.5166015625], [0.03598406910896301, 150.18499755859375, 424.9357604980469, 301.7392883300781], [0.26955753564834595, 132.88052368164062, 424.63507080078125, 350.5071716308594], [59.7083740234375, 160.02354431152344, 425.0, 329.7431640625], [0.33787786960601807, 168.6201171875, 425.0, 295.8946533203125], [0.11176466941833496, 88.94717407226562, 425.0, 356.6111145019531], [57.13068389892578, 155.40017700195312, 424.0863342285156, 339.5700378417969], [342.0546875, 193.07435607910156, 359.4569091796875, 215.48277282714844], [0.0, 184.14923095703125, 224.2206268310547, 282.6262512207031], [20.005264282226562, 197.63063049316406, 50.511253356933594, 232.9710235595703], [0.0, 