{"labels": [63, 56, 73, 56, 56, 73, 60, 56, 63, 73, 56, 73, 60, 56, 56, 56, 56, 60, 73, 56, 60, 60, 56, 56, 56, 56, 73, 56, 56, 56, 56, 56, 60, 56, 56, 60, 56, 60, 56, 56, 60, 56, 56, 63, 56, 73, 56, 60, 56, 73, 73, 56, 63, 56, 73, 60, 62, 73, 62, 56, 63, 62, 73, 56, 56, 56, 62, 73, 63, 56, 60, 73, 60, 62, 63, 0, 56, 56, 56, 63, 73, 60, 0, 60, 63, 56, 73, 73, 56, 62, 60, 66, 72, 66, 66, 74, 66, 62, 73, 60], "scores": [0.8014938235282898, 0.4577021896839142, 0.42038944363594055, 0.34371811151504517, 0.34249603748321533, 0.32152748107910156, 0.30692049860954285, 0.30489709973335266, 0.28060320019721985, 0.27405989170074463, 0.2715749144554138, 0.2702023386955261, 0.2611667513847351, 0.2583400011062622, 0.2301217019557953, 0.18305857479572296, 0.1824232041835785, 0.18159937858581543, 0.18004746735095978, 0.169135183095932, 0.16632936894893646, 0.16282770037651062, 0.16201068460941315, 0.16017453372478485, 0.15520980954170227, 0.14971138536930084, 0.14919772744178772, 0.1489604115486145, 0.14852434396743774, 0.13769349455833435, 0.13356298208236694, 0.13345137238502502, 0.11605028808116913, 0.11519619077444077, 0.11498408019542694, 0.11354963481426239, 0.11103560775518417, 0.11099577695131302, 0.10527738183736801, 0.10481495410203934, 0.10332093387842178, 0.09662020206451416, 0.09204235672950745, 0.09089651703834534, 0.0902227982878685, 0.0885278582572937, 0.08821707218885422, 0.08705972135066986, 0.08556518703699112, 0.07773344218730927, 0.07108858972787857, 0.06812901794910431, 0.0677213966846466, 0.06593992561101913, 0.06563609838485718, 0.06483890116214752, 0.06304849684238434, 0.06065264716744423, 0.059946224093437195, 0.058682605624198914, 0.05856030806899071, 0.05796927213668823, 0.055774010717868805, 0.055729642510414124, 0.05564388260245323, 0.05529554933309555, 0.05025171861052513, 0.04984484240412712, 0.048051588237285614, 0.04726676642894745, 0.045211054384708405, 0.04341097176074982, 0.03898930177092552, 0.03857865184545517, 0.03833382949233055, 0.038066621869802475, 0.03760826215147972, 0.037149909883737564, 0.03699803352355957, 0.034763675183057785, 0.030427223071455956, 0.029522119089961052, 0.028823519125580788, 0.02703125588595867, 0.025534462183713913, 0.024638429284095764, 0.024038778617978096, 0.019957834854722023, 0.0186814796179533, 0.018566487357020378, 0.017638105899095535, 0.014662962406873703, 0.013164825737476349, 0.012533308006823063, 0.011085204780101776, 0.009890997782349586, 0.008811939507722855, 0.0026672312524169683, 0.002243530470877886, 0.0017186766490340233], "bboxes": [[0.0, 0.06510317325592041, 327.28118896484375, 425.0], [325.1777648925781, 243.0344696044922, 343.8835144042969, 294.96026611328125], [385.3467102050781, 56.273193359375, 418.4794616699219, 107.69225311279297], [356.2852783203125, 233.11631774902344, 425.0, 410.8155517578125], [403.7874450683594, 148.7747039794922, 425.0, 230.87100219726562], [369.2237854003906, 62.30641555786133, 389.7472839355469, 113.8102035522461], [397.6576843261719, 222.78530883789062, 425.0, 259.2337646484375], [412.49835205078125, 248.15521240234375, 425.0, 408.1285705566406], [158.3451385498047, 129.06285095214844, 333.1699523925781, 425.0], [366.21624755859375, 57.49470901489258, 391.81561279296875, 115.78729248046875], [405.79852294921875, 147.1383819580078, 425.0, 271.17584228515625], [346.5406494140625, 58.562950134277344, 371.94677734375, 117.7072982788086], [407.39215087890625, 214.19818115234375, 425.0, 246.63693237304688], [411.5215759277344, 279.3860778808594, 425.0, 404.3415222167969], [360.1578674316406, 356.1739501953125, 393.2538757324219, 410.08099365234375], [320.45501708984375, 245.1143035888672, 355.4532470703125, 378.87420654296875], [414.5722961425781, 265.10687255859375, 425.0, 406.3017883300781], [0.26084333658218384, 393.2207946777344, 425.0, 425.0], [344.94976806640625, 61.17172622680664, 364.3514404296875, 116.26847839355469], [414.9241027832031, 330.8502502441406, 424.99310302734375, 413.79833984375], [404.7513427734375, 161.70001220703125, 425.0, 241.344482421875], [186.5760955810547, 370.32708740234375, 424.0974426269531, 425.0], [366.11431884765625, 150.87278747558594, 400.8468322753906, 226.7054901123047], [413.0068359375, 148.44921875, 425.0, 233.4535675048828], [360.2193298339844, 238.04002380371094, 425.0, 424.414794921875], [410.57330322265625, 277.32122802734375, 425.0, 401.00225830078125], [364.88690185546875, 55.84562301635742, 424.8232116699219, 143.5352783203125], [366.40826416015625, 147.84640502929688, 424.8531188964844, 237.30064392089844], [411.3132019042969, 146.87188720703125, 425.0, 412.6085510253906], [405.5098571777344, 147.97964477539062, 425.0, 198.25588989257812], [408.61700439453125, 172.84112548828125, 425.0, 407.65899658203125], [369.9914855957031, 154.8322296142578, 401.53082275390625, 227.7324981689453], [407.8410339355469, 211.2963104248047, 425.0, 242.42007446289062], [328.60791015625, 216.4044189453125, 425.0, 423.98724365234375], [418.8844909667969, 211.03529357910156, 425.0, 282.4244079589844], [0.18601268529891968, 399.4981384277344, 425.0, 425.0], [342.37738037109375, 327.80230712890625, 425.0, 425.0], [213.57772827148438, 405.576904296875, 424.7501220703125, 424.9718017578125], [380.3661193847656, 175.1139678955078, 425.0, 418.564208984375], [411.0251159667969, 172.89877319335938, 424.985107421875, 411.58099365234375], [289.2126770019531, 400.025390625, 425.0, 425.0], [392.14373779296875, 148.63958740234375, 418.77899169921875, 197.60418701171875], [289.4703674316406, 246.2796173095703, 384.1847229003906, 390.5648193359375], [0.0, 118.48075866699219, 330.2433776855469, 425.0], [404.34893798828125, 148.3046417236328, 425.0, 288.85479736328125], [331.2094421386719, 154.73890686035156, 353.36407470703125, 204.9069366455078], [415.0486145019531, 260.9706726074219, 424.9948425292969, 408.5523376464844], [46.07345199584961, 404.10382080078125, 425.0, 425.0], [413.9583435058594, 208.6409912109375, 425.0, 324.4188232421875], [403.62646484375, 148.39646911621094, 424.9690246582031, 198.47569274902344], [328.1885986328125, 155.04739379882812, 346.9961853027344, 197.74557495117188], [294.52734375, 406.98162841796875, 425.0, 424.9513854980469], [0.04590153694152832, 0.016516447067260742, 425.0, 425.0], [415.2555847167969, 210.6072235107422, 425.0, 285.8204345703125], [392.9907531738281, 81.3628158569336, 412.7331237792969, 109.29011535644531], [200.493896484375, 262.45294189453125, 423.4906921386719, 425.0], [0.0, 0.003369152545928955, 193.26516723632812, 424.98150634765625], [410.3438415527344, 80.09972381591797, 425.0, 111.73136138916016], [0.657067060470581, 0.0, 159.70127868652344, 424.3861999511719], [410.0048522949219, 134.1727752685547, 425.0, 264.06536865234375], [0.0, 0.064849853515625, 180.5755157470703, 425.0], [0.0, 0.0, 191.6233367919922, 424.9595031738281], [364.7332458496094, 150.67770385742188, 389.81915283203125, 198.84927368164062], [405.4841613769531, 168.47767639160156, 425.0, 425.0], [328.1069641113281, 191.85125732421875, 363.5501708984375, 293.58795166015625], [324.2887878417969, 243.59263610839844, 341.626953125, 292.8181457519531], [0.0, 0.0, 329.2296447753906, 424.66278076171875], [394.7634582519531, 61.1517333984375, 419.4990539550781, 98.9498519897461], [0.0, 0.0, 327.0068359375, 424.7309265136719], [300.7648620605469, 261.7925109863281, 425.0, 425.0], [336.0488586425781, 89.46000671386719, 425.0, 277.0379333496094], [414.4860534667969, 147.1774139404297, 425.0, 197.69216918945312], [0.041278451681137085, 408.4593811035156, 424.9172058105469, 425.0], [0.0, 0.0, 200.4672393798828, 424.53863525390625], [0.0, 124.10159301757812, 329.6518859863281, 425.0], [414.1984558105469, 71.86997985839844, 425.0, 418.7099914550781], [320.8627624511719, 237.5157928466797, 339.42413330078125, 296.89788818359375], [406.7759704589844, 398.88916015625, 424.9430236816406, 424.93255615234375], [344.43402099609375, 198.4453125, 388.2336730957031, 263.4553527832031], [0.0, 0.0, 398.3695068359375, 424.656494140625], 