{"labels": [74, 74, 62, 39, 0, 73, 73, 73, 73, 73, 62, 73, 73, 73, 73, 73, 73, 73, 75, 73, 73, 73, 73, 73, 73, 0, 58, 73, 73, 74, 73, 73, 2, 73, 73, 74, 39, 73, 73, 62, 73, 39, 73, 0, 77, 73, 0, 73, 39, 75, 73, 74, 2, 39, 39, 39, 2, 0, 0, 73, 0, 65, 41, 73, 0, 65, 73, 62, 74, 0, 39, 75, 62, 65, 74, 0, 0, 0, 0, 58, 65, 75, 73, 73, 73, 73, 74, 73, 56, 74, 73, 2, 74, 58, 39, 62, 74, 62, 62, 73], "scores": [0.9913502931594849, 0.9904685616493225, 0.9838395714759827, 0.9644227623939514, 0.9582493901252747, 0.9261669516563416, 0.923258364200592, 0.9203972220420837, 0.9124441146850586, 0.9004847407341003, 0.8986455202102661, 0.898625910282135, 0.8924450874328613, 0.8892491459846497, 0.8867722153663635, 0.8808384537696838, 0.8788985013961792, 0.8712297677993774, 0.8691579103469849, 0.834770917892456, 0.8319904804229736, 0.7946071624755859, 0.7603094577789307, 0.7524228692054749, 0.7435767650604248, 0.7226207852363586, 0.6642430424690247, 0.652586042881012, 0.6295052170753479, 0.5966216921806335, 0.5258139967918396, 0.4532831311225891, 0.39500853419303894, 0.39293423295021057, 0.3850065767765045, 0.3339340388774872, 0.3313363194465637, 0.32317641377449036, 0.3202574551105499, 0.3142718970775604, 0.30221298336982727, 0.277011513710022, 0.2607802748680115, 0.2596912086009979, 0.25407570600509644, 0.24933689832687378, 0.20457598567008972, 0.18998709321022034, 0.1868898868560791, 0.18518617749214172, 0.18484747409820557, 0.1802457869052887, 0.17301419377326965, 0.16556943953037262, 0.1608925610780716, 0.15370109677314758, 0.1457904726266861, 0.14546212553977966, 0.1376057118177414, 0.1371525526046753, 0.13184112310409546, 0.11712098121643066, 0.11521625518798828, 0.11042803525924683, 0.1042037159204483, 0.10084817558526993, 0.10065215826034546, 0.09299841523170471, 0.0855351909995079, 0.0840868353843689, 0.08258786797523499, 0.08147544413805008, 0.07460643351078033, 0.06543562561273575, 0.06000184640288353, 0.057577818632125854, 0.057494696229696274, 0.05360213667154312, 0.05214416980743408, 0.04922759160399437, 0.044682569801807404, 0.04347274824976921, 0.043387521058321, 0.04265782609581947, 0.03868161514401436, 0.037632621824741364, 0.03701221942901611, 0.03327684476971626, 0.029696300625801086, 0.028291327878832817, 0.02606944926083088, 0.025947056710720062, 0.024634312838315964, 0.024617861956357956, 0.022938501089811325, 0.020039832219481468, 0.01710430718958378, 0.009531443938612938, 0.009084895253181458, 0.00511444266885519], "bboxes": [[162.7034149169922, 222.1295166015625, 181.0587158203125, 245.48655700683594], [375.306396484375, 178.17831420898438, 397.9128723144531, 197.83731079101562], [93.04765319824219, 241.6015167236328, 232.4872589111328, 415.81500244140625], [236.77883911132812, 24.5208740234375, 248.75741577148438, 68.41580963134766], [234.64505004882812, 320.5841979980469, 251.5836944580078, 357.16571044921875], [384.3372497558594, 326.7011413574219, 399.1270751953125, 368.72833251953125], [352.4918212890625, 315.1957092285156, 371.521484375, 359.2686767578125], [345.168701171875, 312.89678955078125, 363.8386535644531, 357.74365234375], [368.68450927734375, 322.1333923339844, 384.41961669921875, 364.11578369140625], [338.99969482421875, 311.46429443359375, 357.9482116699219, 356.29296875], [69.96498107910156, 240.71658325195312, 232.61880493164062, 417.13006591796875], [376.9883117675781, 324.76776123046875, 393.3599548339844, 367.1992492675781], [325.9123229980469, 310.8337097167969, 341.56109619140625, 353.772216796875], [390.83251953125, 327.6867370605469, 405.69281005859375, 370.4620361328125], [331.7142028808594, 311.36737060546875, 347.16448974609375, 354.644775390625], [354.4538879394531, 318.813720703125, 369.9570617675781, 360.4783935546875], [405.5576171875, 328.5465087890625, 425.0, 374.9212951660156], [333.8595275878906, 308.8533935546875, 356.5776062011719, 355.5048828125], [316.7976379394531, 173.51559448242188, 336.16558837890625, 197.94984436035156], [315.6770935058594, 306.4593505859375, 342.0421142578125, 353.6024169921875], [312.6280212402344, 309.8935241699219, 326.6361389160156, 351.46014404296875], [385.5827331542969, 324.40704345703125, 421.1255187988281, 373.8205261230469], [342.02850341796875, 309.79296875, 373.05084228515625, 360.4376525878906], [174.14198303222656, 189.1713409423828, 204.4165496826172, 201.2631072998047], [356.5950012207031, 316.0612487792969, 375.6822509765625, 360.8976135253906], [140.03729248046875, 385.3383483886719, 154.04257202148438, 412.534912109375], [315.4073486328125, 144.3003387451172, 340.87945556640625, 195.66737365722656], [163.30287170410156, 186.64122009277344, 203.0747528076172, 203.94207763671875], [179.0535430908203, 193.12472534179688, 206.3693389892578, 205.32870483398438], [416.02587890625, 180.3867950439453, 425.0, 199.19076538085938], [316.4425048828125, 315.119873046875, 329.6041564941406, 352.4952697753906], [179.03135681152344, 197.68722534179688, 204.7036895751953, 208.28822326660156], [172.95179748535156, 388.42822265625, 193.2568359375, 402.12310791015625], [163.1846466064453, 188.49185180664062, 188.5546875, 206.37066650390625], [314.71466064453125, 306.8753967285156, 332.9169616699219, 352.85992431640625], [261.28082275390625, 48.37373733520508, 280.0436096191406, 68.5399398803711], [236.56744384765625, 26.616418838500977, 247.60302734375, 69.21025848388672], [419.3140563964844, 274.8155822753906, 425.0, 370.5807800292969], [186.90164184570312, 178.43002319335938, 209.24952697753906, 204.4546356201172], [0.0, 235.79127502441406, 84.07062530517578, 423.6703796386719], [421.352783203125, 266.4613037109375, 424.99786376953125, 307.2501525878906], [259.0823974609375, 23.69788932800293, 274.6266784667969, 60.984710693359375], [312.9458923339844, 276.9492492675781, 339.20361328125, 295.5179748535156], [192.6634979248047, 358.4366149902344, 208.03997802734375, 386.38543701171875], [122.44552612304688, 229.99618530273438, 146.59568786621094, 263.83905029296875], [386.6216735839844, 280.17822265625, 412.3634948730469, 301.96954345703125], [125.30428314208984, 86.81571197509766, 143.82626342773438, 118.71843719482422], [419.8490295410156, 264.49298095703125, 425.0, 304.2939147949219], [186.2649688720703, 35.79798889160156, 199.96005249023438, 72.11270141601562], [380.1897277832031, 220.0731201171875, 402.4164123535156, 252.6863250732422], [385.2090148925781, 274.6101379394531, 409.4963684082031, 296.146240234375], [385.6923522949219, 283.58514404296875, 406.2474060058594, 303.9080810546875], [192.350830078125, 415.7336120605469, 227.45550537109375, 425.0], [245.43865966796875, 31.89625358581543, 257.4385070800781, 67.14839172363281], [368.4060363769531, 258.03228759765625, 381.7810974121094, 289.29107666015625], [256.4409484863281, 28.68509292602539, 273.2976379394531, 65.8957748413086], [152.77874755859375, 394.3385314941406, 181.89234924316406, 411.6614685058594], [318.87628173828125, 205.8929901123047, 345.11767578125, 241.9244384765625], [162.3538055419922, 134.7721405029297, 183.3245849609375, 170.48263549804688], [377.3023376464844, 276.333984375, 397.67230224609375, 300.52569580078125], [27.72870445251465, 99.06246948242188, 61.95000457763672, 170.77255249023438], [116.79773712158203, 256.9387512207031, 149.39129638671875, 271.2925720214844], [251.2386016845703, 48.15835189819336, 269.85833740234375, 71.82067108154297], [315.8165283203125, 273.112548828125, 355.5458679199219, 292.30517578125], [157.24720764160156, 136.77769470214844, 179.4921417236328, 176.69313049316406], [110.68510437011719, 257.8301696777344, 137.74871826171875, 272.15545654296875], [0.0, 244.08157348632812, 16.797412872314453, 317.9543151855469], [0.0, 193.7337188720703, 86.39607238769531, 423.5782775878906], [339.8660888671875, 176.31491088867188, 357.164306640625, 198.91177368164062], [54.440528869628906, 95.39888763427734, 85.90311431884766, 142.01348876953125], [367.5928039550781, 259.67864990234375, 380.7732849121094, 291.6745300292969], [333.6345520019531, 175.73321533203125, 