{"labels": [0, 35, 0, 0, 0, 32, 0, 0, 32, 0, 0, 0, 0, 0, 0, 0, 0, 0, 0, 0, 0, 32, 0, 32, 32, 0, 32, 0, 0, 32, 32, 32, 32, 32, 32, 0, 0, 32, 0, 0, 32, 32, 32, 32, 32, 32, 32, 35, 0, 32, 35, 0, 0, 35, 0, 32, 32, 35, 32, 0, 32, 32, 0, 0, 35, 0, 0, 35, 0, 0, 35, 32, 0, 0, 0, 0, 32, 32, 0, 0, 0, 35, 0, 0, 35, 35, 32, 32, 32, 0, 32, 0, 32, 35, 0, 0, 0, 0, 32, 0], "scores": [0.9937379360198975, 0.9926198124885559, 0.4538330137729645, 0.028738616034388542, 0.023719336837530136, 0.02055591344833374, 0.018520943820476532, 0.017994608730077744, 0.017779339104890823, 0.017473841086030006, 0.014416416175663471, 0.01199841033667326, 0.011319686658680439, 0.010479140095412731, 0.009842793457210064, 0.009833924472332, 0.009608181193470955, 0.009353254921734333, 0.00933838076889515, 0.009262384846806526, 0.009129653684794903, 0.009013859555125237, 0.008701120503246784, 0.008617834188044071, 0.008067956194281578, 0.0077466522343456745, 0.007001221179962158, 0.006633332930505276, 0.006249815691262484, 0.006101702805608511, 0.005835826508700848, 0.005805684253573418, 0.005185344256460667, 0.0051099928095936775, 0.004904105328023434, 0.004669748712331057, 0.004353669937700033, 0.004258282482624054, 0.00398517120629549, 0.0033538788557052612, 0.003309345105662942, 0.0033070947974920273, 0.0032270965166389942, 0.003193279728293419, 0.0031308706384152174, 0.003033131593838334, 0.0029472773894667625, 0.0027439380064606667, 0.002675343072041869, 0.0024804556742310524, 0.0023754029534757137, 0.0021952148526906967, 0.0021417192183434963, 0.002120597753673792, 0.0020616166293621063, 0.0019963104277849197, 0.0018082389142364264, 0.0017956971423700452, 0.0017949119210243225, 0.0015966749051585793, 0.0015235920436680317, 0.0014207495842128992, 0.001369549660012126, 0.001364551717415452, 0.001347560086287558, 0.0011831274023279548, 0.0011628729989752173, 0.001094909617677331, 0.0010726511245593429, 0.0010210223263129592, 0.0009375429945066571, 0.0009305973653681576, 0.0008942130370996892, 0.0008708970854058862, 0.0008687747176736593, 0.0007882861536927521, 0.00076263677328825, 0.0007302070152945817, 0.0007082950323820114, 0.0005983748123981059, 0.0005128459888510406, 0.0004979426739737391, 0.00046293690684251487, 0.00046030900557525456, 0.0004403890634421259, 0.00042028777534142137, 0.00040719041135162115, 0.0003635211323853582, 0.00035494565963745117, 0.00035380039480514824, 0.0003328978782519698, 0.0002963682636618614, 0.0002625987399369478, 0.00025300239212810993, 0.0002528363838791847, 0.0002294720325153321, 0.00019218656234443188, 0.00017219346773345023, 0.00010872333950828761, 3.1231222237693146e-05], "bboxes": [[73.58094787597656, 121.705810546875, 375.84332275390625, 424.14056396484375], [256.20013427734375, 42.91866683959961, 370.1556091308594, 167.092041015625], [74.14656066894531, 44.667327880859375, 374.55914306640625, 423.98687744140625], [75.51191711425781, 42.762107849121094, 374.9549865722656, 424.5113525390625], [75.72592163085938, 43.16372299194336, 376.57794189453125, 424.9661560058594], [360.58807373046875, 128.28890991210938, 369.8396911621094, 141.07000732421875], [29.069555282592773, 119.2225570678711, 413.6673278808594, 424.0841979980469], [82.87997436523438, 42.9471549987793, 377.36041259765625, 425.0], [362.0697021484375, 127.74642181396484, 370.78375244140625, 139.54177856445312], [28.78374671936035, 119.9399642944336, 413.95892333984375, 424.38763427734375], [160.94049072265625, 123.1524429321289, 369.3982238769531, 424.1126403808594], [80.38977813720703, 43.8044319152832, 374.2981262207031, 425.0], [96.74894714355469, 169.89122009277344, 241.93299865722656, 423.85858154296875], [166.4744110107422, 43.628562927246094, 370.1059875488281, 423.739990234375], [61.11003112792969, 40.44392776489258, 407.8963623046875, 424.8078308105469], [70.9157485961914, 166.97567749023438, 260.5074462890625, 422.982421875], [66.1026382446289, 116.73795318603516, 401.205078125, 424.40167236328125], [42.58622741699219, 114.40225219726562, 414.1883544921875, 425.0], [76.3300552368164, 108.97481536865234, 375.64727783203125, 424.3625793457031], [93.53067016601562, 168.74745178222656, 243.3838348388672, 423.5061950683594], [91.0636215209961, 168.8216094970703, 239.84332275390625, 423.8139953613281], [346.93212890625, 128.80780029296875, 363.32611083984375, 147.05368041992188], [78.12755584716797, 133.218505859375, 342.2294921875, 423.261962890625], [356.4068298339844, 128.36643981933594, 367.163818359375, 141.89903259277344], [358.9388732910156, 130.8585205078125, 369.2447814941406, 145.740234375], [94.05088806152344, 168.52047729492188, 232.7877197265625, 423.16082763671875], [362.63018798828125, 131.80996704101562, 372.7032470703125, 148.14157104492188], [72.39855194091797, 43.871498107910156, 373.8242492675781, 332.48809814453125], [52.69111251831055, 121.16256713867188, 403.5057678222656, 425.0], [191.04046630859375, 234.51638793945312, 204.56858825683594, 250.92893981933594], [188.62904357910156, 232.87632751464844, 202.15631103515625, 248.94993591308594], [194.6457061767578, 236.03671264648438, 207.9544677734375, 252.5547332763672], [361.67156982421875, 133.1627197265625, 372.7378234863281, 152.9709930419922], [186.97044372558594, 230.9855499267578, 199.68511962890625, 245.6086883544922], [189.9851837158203, 231.59124755859375, 202.4799041748047, 245.65782165527344], [67.9279556274414, 118.51072692871094, 408.6711120605469, 422.9156188964844], [59.51955032348633, 120.45667266845703, 408.6874084472656, 343.1592102050781], [191.93954467773438, 234.0260467529297, 206.669921875, 253.30357360839844], [78.14724731445312, 43.087799072265625, 373.3757629394531, 289.3131408691406], [78.33154296875, 169.46376037597656, 202.59432983398438, 422.75115966796875], [316.85333251953125, 124.72547912597656, 364.8241271972656, 165.65280151367188], [188.49000549316406, 229.17709350585938, 200.93453979492188, 243.167236328125], [271.20086669921875, 73.63156127929688, 342.27899169921875, 150.3756103515625], [344.0060729980469, 108.80431365966797, 358.11956787109375, 121.3259048461914], [333.48834228515625, 115.92672729492188, 352.5265197753906, 134.23680114746094], [364.89129638671875, 132.01153564453125, 375.3080749511719, 149.0408477783203], [266.1758117675781, 52.37202072143555, 355.16717529296875, 139.2700653076172], [265.7994689941406, 107.7991943359375, 310.0805358886719, 155.49801635742188], [108.42288970947266, 235.5638427734375, 239.84642028808594, 424.1922302246094], [319.00567626953125, 125.51842498779297, 368.4648742675781, 164.935791015625], [262.240478515625, 48.231842041015625, 309.2970886230469, 113.89861297607422], [168.65907287597656, 376.0546569824219, 238.3813934326172, 424.9533386230469], [77.65186309814453, 43.37122344970703, 374.0845642089844, 293.01544189453125], [260.9134826660156, 51.33953857421875, 313.02508544921875, 137.17970275878906], [80.67623138427734, 42.85948181152344, 374.1925048828125, 296.45867919921875], [275.9232482910156, 41.799190521240234, 318.42626953125, 75.58499908447266], [262.09442138671875, 40.76065444946289, 294.23284912109375, 72.53807067871094], [261.283935546875, 44.64293670654297, 313.03082275390625, 109.46153259277344], [366.9866027832031, 129.58349609375, 376.5951843261719, 144.75326538085938], [172.47317504882812, 372.582275390625, 241.48580932617188, 424.93206787109375], [363.089599609375, 124.43666076660156, 374.4296569824219, 140.71644592285156], [259.1824645996094, 46.42869186401367, 361.7560729980469, 152.18223571777344], [83.15998840332031, 43.26615524291992, 372.72296142578125, 225.1341094970703], [106.45830535888672, 369.5480041503906, 236.9538116455078, 425.0], [241.6808624267578, 39.62308883666992, 374.3869323730469, 176.7096710205078], [98.10122680664062, 402.0035095214844, 144.09292602539062, 424.8106994628906], [103.32750701904297, 350.7787780761719, 241.12535095214844, 424.8886413574219], [253.1636962890625, 41.672767639160156, 373.5049133300781, 212.03826904296875], [101.92333984375, 382.7838134765625, 139.39285278320312, 