{"labels": [0, 0, 0, 27, 0, 56, 56, 39, 39, 39, 56, 0, 39, 56, 39, 56, 56, 56, 56, 56, 62, 39, 0, 39, 26, 56, 0, 0, 56, 56, 0, 0, 0, 56, 56, 56, 26, 56, 57, 26, 56, 56, 56, 56, 0, 0, 56, 0, 56, 0, 0, 56, 56, 5, 0, 5, 39, 39, 56, 56, 0, 0, 56, 56, 0, 0, 5, 0, 0, 56, 56, 0, 0, 56, 0, 56, 0, 56, 0, 5, 0, 62, 0, 56, 0, 0, 56, 62, 0, 0, 0, 27, 62, 0, 27, 27, 27, 0, 27, 27], "scores": [0.9988875985145569, 0.9985700845718384, 0.9981333613395691, 0.9970791339874268, 0.9967612624168396, 0.986944317817688, 0.973115861415863, 0.6763088703155518, 0.6737313270568848, 0.6306659579277039, 0.5345991849899292, 0.5310165882110596, 0.45943769812583923, 0.4254307746887207, 0.4063812494277954, 0.3857437074184418, 0.3319893777370453, 0.2508419454097748, 0.24771364033222198, 0.23895128071308136, 0.2132413238286972, 0.21013745665550232, 0.19618508219718933, 0.1883259117603302, 0.1828422248363495, 0.16025972366333008, 0.15987716615200043, 0.15629060566425323, 0.1486889123916626, 0.1480533927679062, 0.14140696823596954, 0.12015487253665924, 0.11891783028841019, 0.11340026557445526, 0.10883834213018417, 0.10707487165927887, 0.09951488673686981, 0.09507273137569427, 0.08184757828712463, 0.08156866580247879, 0.08141911029815674, 0.07436170428991318, 0.07350277155637741, 0.07338453829288483, 0.07129893451929092, 0.07000184059143066, 0.06970405578613281, 0.06935976445674896, 0.0643080323934555, 0.06163417547941208, 0.06035966798663139, 0.05653095245361328, 0.05625198408961296, 0.0556408055126667, 0.05472572147846222, 0.05114239454269409, 0.049970101565122604, 0.04579203575849533, 0.04120306298136711, 0.03827735036611557, 0.037814538925886154, 0.03648624196648598, 0.03643420711159706, 0.034204911440610886, 0.03219878673553467, 0.03141269087791443, 0.030850352719426155, 0.030747544020414352, 0.03005954436957836, 0.027999140322208405, 0.027656299993395805, 0.027068542316555977, 0.025071244686841965, 0.023788757622241974, 0.022907529026269913, 0.021790973842144012, 0.0212259478867054, 0.019257009029388428, 0.017466243356466293, 0.014801722951233387, 0.014269519597291946, 0.013919428922235966, 0.013767019845545292, 0.011982331052422523, 0.010595828294754028, 0.009226873517036438, 0.009094896726310253, 0.008129346184432507, 0.0071942671202123165, 0.006800935138016939, 0.006270539481192827, 0.004959015175700188, 0.0042248740792274475, 0.0037685667630285025, 0.0035693375393748283, 0.0019780914299190044, 0.0018675059545785189, 0.0017682097386568785, 0.0014672939432784915, 0.0010542911477386951], "bboxes": [[117.8552474975586, 105.86470031738281, 223.97021484375, 424.565673828125], [290.2549743652344, 80.3346939086914, 425.0, 424.7111511230469], [0.0, 77.63826751708984, 148.7535858154297, 423.947509765625], [238.63975524902344, 159.05714416503906, 263.75787353515625, 293.82794189453125], [202.05081176757812, 77.2728042602539, 318.31982421875, 424.5827331542969], [167.57260131835938, 376.9139404296875, 279.7505798339844, 424.9855041503906], [335.0779724121094, 321.6445617675781, 425.0, 425.0], [3.77504825592041, 116.3113784790039, 10.278752326965332, 140.11766052246094], [0.47816160321235657, 115.51708221435547, 8.048160552978516, 140.34893798828125], [1.998603343963623, 116.57427215576172, 9.440193176269531, 143.10736083984375], [0.0, 313.25701904296875, 17.98607635498047, 424.9317321777344], [221.579833984375, 127.00691223144531, 241.0480194091797, 149.21206665039062], [0.0, 115.41920471191406, 3.6245763301849365, 140.5821533203125], [0.0, 385.1361083984375, 17.228574752807617, 424.9685974121094], [0.29661646485328674, 159.80154418945312, 9.155708312988281, 183.94911193847656], [0.0, 325.4263000488281, 13.539999961853027, 394.4022216796875], [0.0, 301.79998779296875, 16.51176643371582, 424.2490234375], [0.0036248471587896347, 326.5791015625, 18.147769927978516, 425.0], [0.0, 304.1573181152344, 13.940917015075684, 404.48388671875], [0.0, 312.797119140625, 15.730202674865723, 390.2103576660156], [283.4568786621094, 111.28292846679688, 320.317138671875, 134.78285217285156], [0.0, 159.33267211914062, 4.219060897827148, 187.60838317871094], [0.023754267022013664, 82.47730255126953, 14.425517082214355, 425.0], [3.1279690265655518, 160.15077209472656, 11.984017372131348, 184.5044403076172], [109.0838394165039, 396.78369140625, 132.75405883789062, 424.8164978027344], [0.0, 294.4544677734375, 14.652134895324707, 396.0552673339844], [0.0, 176.5305938720703, 14.822495460510254, 425.0], [420.8148193359375, 57.865535736083984, 425.0, 421.43829345703125], [0.0, 286.05535888671875, 130.8152313232422, 423.3599853515625], [0.0, 309.1853332519531, 14.345490455627441, 339.29150390625], [418.6380920410156, 109.71479034423828, 425.0, 425.0], [421.22509765625, 110.57040405273438, 425.0, 334.64166259765625], [221.21173095703125, 125.96444702148438, 240.9509735107422, 149.8839569091797], [170.20855712890625, 324.31219482421875, 425.0, 425.0], [0.0, 308.29278564453125, 15.469156265258789, 424.8432922363281], [112.55497741699219, 381.3905944824219, 281.7295837402344, 424.93267822265625], [109.096435546875, 393.7474670410156, 131.4282684326172, 424.8167724609375], [333.63427734375, 308.7786865234375, 425.0, 425.0], [335.1946716308594, 327.3219909667969, 425.0, 425.0], [106.48978424072266, 406.6676025390625, 131.0523681640625, 424.9529113769531], [0.47991424798965454, 352.847412109375, 131.6644744873047, 424.83837890625], [418.46954345703125, 303.90863037109375, 425.0, 421.06158447265625], [414.489013671875, 289.8316650390625, 425.0, 424.4968566894531], [412.8319091796875, 324.53143310546875, 424.98583984375, 424.1866760253906], [420.1748962402344, 190.3955535888672, 425.0, 324.36639404296875], [420.49462890625, 113.51995849609375, 425.0, 247.69969177246094], [168.6199493408203, 320.41162109375, 425.0, 425.0], [213.69552612304688, 123.73597717285156, 241.51483154296875, 153.92860412597656], [416.8409729003906, 297.7178649902344, 425.0, 338.3129577636719], [422.882080078125, 185.10572814941406, 425.0, 329.12164306640625], [224.03233337402344, 126.66092681884766, 241.26486206054688, 147.6204071044922], [336.84320068359375, 245.09219360351562, 425.0, 425.0], [112.44690704345703, 386.41229248046875, 134.7541961669922, 424.7760925292969], [226.51116943359375, 108.76432800292969, 328.4138488769531, 164.6620635986328], [419.9089050292969, 194.14845275878906, 425.0, 338.3777160644531], [276.4961242675781, 108.58200073242188, 422.0457763671875, 166.16395568847656], [0.0, 129.98036193847656, 5.386874198913574, 205.47036743164062], [2.234576940536499, 114.54183959960938, 10.67324161529541, 143.1764678955078], [112.13587188720703, 356.37066650390625, 129.84815979003906, 394.7977294921875], [408.005126953125, 313.7585144042969, 425.0, 425.0], [422.4507751464844, 138.19627380371094, 425.0, 422.9222717285156], [0.08820593357086182, 109.13786315917969, 425.0, 424.7159118652344], [25.227176666259766, 385.8716735839844, 136.77926635742188, 425.0], [0.13261288404464722, 291.2094421386719, 425.0, 424.4643859863281], [421.3703308105469, 196.6854705810547, 425.0, 243.17694091796875], [422.62249755859375, 194.18896484375, 425.0, 330.4372863769531], [276.2984313964844, 112.13300323486328, 326.8165283203125, 160.86013793945312], [97.16881561279297, 74.61871337890625, 400.8847351074219, 425.0], [422.27337646484375, 182.77371215820312, 425.0, 237.5386199951172], [110.15572357177734, 353.2213134765625, 132.37208557128906, 417.5614013671875], [97.95318603515625, 390.45068359375, 295.8545837402344, 424.9244384765625], [94.37200927734375, 105.41822814941406, 304.07806396484375, 425.0], [273.2464599609375, 83.00408935546875, 425.0, 425.0], [161.70176696777344, 373.1908264160156, 291.5121765136719, 425.0], [206.6964569091797, 125.55661010742188, 235.74020385742188, 153.97804260253906], [0.1615673303604126, 337.4578857421875, 425.0, 425.0], [0.0, 73.93521881103516, 218.33660888671875, 425.0], [170.55703735351562, 390.3627014160156, 279.1197204589844, 424.987548828125], [416.9217224121094, 196.76031494140625, 425.0, 425.0], [276.6915283203125, 