{"labels": [55, 42, 55, 60, 55, 55, 42, 60, 42, 42, 60, 42, 55, 55, 42, 60, 42, 42, 55, 42, 55, 42, 55, 42, 42, 60, 42, 55, 42, 55, 42, 42, 55, 55, 55, 42, 42, 42, 60, 60, 60, 42, 60, 60, 60, 55, 55, 55, 55, 42, 60, 60, 42, 60, 55, 60, 55, 60, 60, 60, 60, 60, 60, 42, 60, 60, 55, 55, 60, 60, 55, 55, 60, 60, 55, 60, 0, 55, 55, 0, 60, 60, 55, 42, 60, 0, 55, 42, 42, 43, 60, 60, 55, 0, 43, 42, 42, 0, 42, 42], "scores": [0.9937769174575806, 0.9907006025314331, 0.973383903503418, 0.5009267330169678, 0.33295416831970215, 0.03634107485413551, 0.03590362146496773, 0.03182084113359451, 0.03035714104771614, 0.025549927726387978, 0.022172540426254272, 0.017595868557691574, 0.016524765640497208, 0.016077373176813126, 0.015413171611726284, 0.01205857377499342, 0.011985542252659798, 0.010759895667433739, 0.010569029487669468, 0.010454357601702213, 0.010036852210760117, 0.0096361692994833, 0.00948857981711626, 0.008871476165950298, 0.00878378190100193, 0.008248216472566128, 0.008142616599798203, 0.007929699495434761, 0.00775360781699419, 0.00773503677919507, 0.007710625883191824, 0.0075760954059660435, 0.0075664338655769825, 0.007442734204232693, 0.007095011416822672, 0.006692910101264715, 0.006626676768064499, 0.0066030374728143215, 0.006499053910374641, 0.006466832477599382, 0.0064651682041585445, 0.006366057321429253, 0.006334964651614428, 0.006253324914723635, 0.006192860659211874, 0.0061217802576720715, 0.005848369095474482, 0.005696346051990986, 0.005496467463672161, 0.00545802665874362, 0.005382529925554991, 0.005300450604408979, 0.005243903025984764, 0.0051885563880205154, 0.004890331532806158, 0.004590988624840975, 0.004589844029396772, 0.004375147167593241, 0.004250261466950178, 0.0042294105514883995, 0.003859560005366802, 0.003756398567929864, 0.0037485866341739893, 0.003658655798062682, 0.003583452431485057, 0.0035833280999213457, 0.003561183111742139, 0.0034472988918423653, 0.003321070922538638, 0.003267967840656638, 0.003266667714342475, 0.003218801226466894, 0.0030813845805823803, 0.0030400604009628296, 0.003034316236153245, 0.003000732744112611, 0.002930914517492056, 0.0024970329832285643, 0.0024913481902331114, 0.002439996227622032, 0.0023831625003367662, 0.0023571758065372705, 0.002198633272200823, 0.0021629459224641323, 0.002162341959774494, 0.002030744682997465, 0.00201325467787683, 0.001905752345919609, 0.001813502749428153, 0.0016570662846788764, 0.001620794297195971, 0.0015739037189632654, 0.0015278945211321115, 0.0013400939060375094, 0.0012339710956439376, 0.0011513622011989355, 0.0011163176968693733, 0.0009401964489370584, 0.0004469824198167771, 0.0003815632371697575], "bboxes": [[0.05433708429336548, 30.246845245361328, 214.53128051757812, 415.4815673828125], [136.38829040527344, 0.0, 302.7872619628906, 329.7734069824219], [195.59425354003906, 133.83641052246094, 382.6780090332031, 408.0430908203125], [0.0, 0.030246376991271973, 424.96417236328125, 424.9662170410156], [0.0, 28.01283073425293, 381.85711669921875, 415.71783447265625], [132.80284118652344, 0.9085692167282104, 381.41497802734375, 408.1305847167969], [156.6258087158203, 117.55143737792969, 302.86956787109375, 330.3509826660156], [0.06616711616516113, 0.0, 425.0, 145.8638153076172], [141.82139587402344, 131.0870361328125, 296.35784912109375, 331.1185607910156], [137.79669189453125, 0.458420068025589, 425.0, 335.58465576171875], [0.0, 0.0, 424.94561767578125, 138.84217834472656], [167.15130615234375, 1.3317525386810303, 302.8394470214844, 326.6270751953125], [0.0, 129.60263061523438, 382.6536865234375, 418.1855163574219], [0.23287683725357056, 80.18985748291016, 204.88595581054688, 338.5816345214844], [137.73965454101562, 111.51515197753906, 299.4045715332031, 355.293701171875], [0.0, 0.0, 424.9933166503906, 175.27699279785156], [151.7946319580078, 117.48446655273438, 299.660400390625, 341.7046813964844], [138.69363403320312, 177.64454650878906, 256.2293701171875, 320.16558837890625], [183.10247802734375, 120.00362396240234, 384.99383544921875, 421.94305419921875], [133.91905212402344, 0.5383930802345276, 301.5490417480469, 366.42364501953125], [191.28018188476562, 133.84262084960938, 349.6048889160156, 404.65673828125], [152.3637237548828, 104.30835723876953, 301.0624084472656, 336.8126525878906], [1.5071130990982056, 107.19892883300781, 384.67230224609375, 417.0091552734375], [143.15867614746094, 1.6719735860824585, 298.6805114746094, 317.9323425292969], [138.77032470703125, 0.7275975942611694, 298.8247985839844, 317.28094482421875], [340.5400085449219, 0.07552094757556915, 425.0, 147.70233154296875], [133.266357421875, 1.0006762742996216, 303.0630798339844, 405.48883056640625], [0.0, 7.66578483581543, 218.4265594482422, 420.8614501953125], [133.27098083496094, 0.0, 304.3601379394531, 347.6946716308594], [184.45391845703125, 104.11355590820312, 384.65765380859375, 417.1111145019531], [137.91098022460938, 0.7242791056632996, 292.2254333496094, 317.5621643066406], [180.0555877685547, 112.23857879638672, 302.03662109375, 329.9454650878906], [0.0, 41.82921600341797, 208.11465454101562, 317.3861999511719], [132.44036865234375, 118.69662475585938, 382.053466796875, 416.9963073730469], [0.3533683717250824, 18.623851776123047, 273.9264831542969, 420.0510559082031], [129.92596435546875, 0.0, 384.1984558105469, 413.776611328125], [138.66200256347656, 0.983045220375061, 300.3027038574219, 327.207763671875], [142.1858367919922, 1.3844810724258423, 294.408447265625, 312.2438659667969], [0.04547089338302612, 0.07348805665969849, 425.0, 362.04736328125], [326.59783935546875, 1.8092095851898193, 425.0, 421.6994323730469], [338.70654296875, 0.0, 425.0, 168.72279357910156], [139.1339111328125, 1.674950122833252, 382.05450439453125, 403.66082763671875], [350.68121337890625, 0.0802706927061081, 425.0, 143.75509643554688], [0.04607886075973511, 0.0, 425.0, 211.5338897705078], [0.08932054042816162, 2.6398069858551025, 425.0, 420.8458251953125], [189.03582763671875, 129.4063262939453, 382.8319091796875, 400.5401306152344], [192.80067443847656, 115.04336547851562, 383.589111328125, 414.24853515625], [2.6200859546661377, 3.353814125061035, 269.6477355957031, 420.97747802734375], [0.0, 33.96903991699219, 222.635986328125, 421.92626953125], [147.83572387695312, 0.6523616313934326, 302.7447509765625, 314.0975646972656], [337.038330078125, 1.722472906112671, 424.984619140625, 422.46112060546875], [332.6142578125, 0.0, 425.0, 140.8797607421875], [138.07752990722656, 0.18293485045433044, 296.14013671875, 316.36712646484375], [328.5578918457031, 0.0, 425.0, 138.03184509277344], [130.70803833007812, 124.96537780761719, 381.4256896972656, 408.9504699707031], [342.4959411621094, 1.639840006828308, 425.0, 421.39862060546875], [0.6359908580780029, 30.90728187561035, 207.44325256347656, 192.57217407226562], [0.5422847270965576, 383.7464904785156, 80.93192291259766, 424.59808349609375], [0.42008012533187866, 274.6006164550781, 425.0, 425.0], [331.6991882324219, 0.0, 425.0, 179.78077697753906], [49.17049789428711, 338.69146728515625, 205.0775604248047, 424.15631103515625], [202.45358276367188, 0.0, 424.3689880371094, 157.3131866455078], [339.72198486328125, 1.073049783706665, 425.0, 413.1245422363281], [193.1602020263672, 0.0, 304.6622314453125, 156.03921508789062], [349.0105285644531, 0.5547575354576111, 425.0, 402.4466552734375], [337.07354736328125, 0.0, 425.0, 238.302490234375], [0.2730153501033783, 22.42511749267578, 213.50355529785156, 419.8678894042969], [0.0, 23.409530639648438, 216.70523071289062, 420.2627868652344], [344.5256652832031, 0.0, 424.92071533203125, 174.7754669189453], [346.2190856933594, 1.4973729848861694, 425.0, 421.38897705078125], [0.4393450915813446, 31.73133659362793, 208.97647094726562, 195.437744140625], [0.3035403788089752, 133.3544158935547, 218.6772003173828, 421.7813720703125], [344.9688720703125, 0.0, 425.0, 206.2233123779297], [0.7366316318511963, 352.4284973144531, 99.33039093017578, 424.9945983886719], [0.36734527349472046, 33.70643997192383, 183.5194854736328, 