{"labels": [56, 73, 24, 73, 73, 28, 73, 73, 73, 73, 73, 73, 73, 73, 73, 73, 73, 73, 73, 73, 73, 73, 73, 73, 73, 73, 73, 73, 73, 73, 73, 73, 65, 73, 73, 73, 73, 73, 73, 73, 45, 73, 73, 73, 73, 73, 73, 73, 73, 73, 60, 73, 57, 73, 73, 73, 73, 41, 73, 73, 59, 65, 73, 73, 59, 73, 73, 59, 56, 26, 65, 65, 59, 45, 59, 65, 41, 73, 26, 59, 24, 73, 73, 45, 57, 65, 73, 76, 75, 73, 56, 26, 56, 75, 41, 74, 57, 57, 56, 59], "scores": [0.9867667555809021, 0.8737924695014954, 0.8713074922561646, 0.8641434907913208, 0.859585165977478, 0.8562738299369812, 0.8493456244468689, 0.8422926664352417, 0.8312909603118896, 0.8247430920600891, 0.8233398795127869, 0.8197677731513977, 0.817315936088562, 0.8171449899673462, 0.8116613626480103, 0.8102929592132568, 0.8057674765586853, 0.8052757382392883, 0.8025821447372437, 0.801934540271759, 0.7938582301139832, 0.7881425023078918, 0.7874663472175598, 0.7871353030204773, 0.7791527509689331, 0.7727771997451782, 0.7695696949958801, 0.7602991461753845, 0.7592637538909912, 0.7557982802391052, 0.7553415298461914, 0.7388379573822021, 0.7337544560432434, 0.7329635620117188, 0.7278954386711121, 0.7253087162971497, 0.7246991395950317, 0.7187094688415527, 0.7166280746459961, 0.7057321667671204, 0.7051712274551392, 0.7021283507347107, 0.7000203728675842, 0.6856293082237244, 0.6769223809242249, 0.6698837876319885, 0.657677173614502, 0.6561466455459595, 0.6547439694404602, 0.6245348453521729, 0.615484356880188, 0.608123242855072, 0.605868399143219, 0.5696293711662292, 0.5421410799026489, 0.48660486936569214, 0.4685494601726532, 0.46695399284362793, 0.46515777707099915, 0.45608651638031006, 0.4429278075695038, 0.43187475204467773, 0.37754857540130615, 0.3608652949333191, 0.3604573607444763, 0.3540947735309601, 0.3315507173538208, 0.25249066948890686, 0.25039249658584595, 0.24780726432800293, 0.2363799661397934, 0.22053863108158112, 0.21932172775268555, 0.21166649460792542, 0.1985851526260376, 0.19107681512832642, 0.17285548150539398, 0.17148326337337494, 0.15631559491157532, 0.14925362169742584, 0.1432330459356308, 0.1333198994398117, 0.13001033663749695, 0.11550045013427734, 0.1064770445227623, 0.10461147874593735, 0.08489111810922623, 0.0824025422334671, 0.07789573073387146, 0.06257493048906326, 0.058509159833192825, 0.054140981286764145, 0.05075462907552719, 0.04979804530739784, 0.04536799341440201, 0.04197218641638756, 0.03489125892519951, 0.019674152135849, 0.019188111647963524, 0.013813973404467106], "bboxes": [[0.27905702590942383, 248.69845581054688, 123.38653564453125, 424.0796203613281], [259.7274475097656, 333.8605041503906, 269.47064208984375, 377.13934326171875], [384.41632080078125, 267.4109191894531, 425.0, 355.6780090332031], [180.5928955078125, 356.65850830078125, 216.69525146484375, 371.99896240234375], [245.17465209960938, 331.157470703125, 254.65245056152344, 375.97406005859375], [306.7327880859375, 313.0924987792969, 371.6136779785156, 424.6645812988281], [255.2275848388672, 333.1705322265625, 264.5994567871094, 376.55609130859375], [265.3641662597656, 334.7345886230469, 274.75592041015625, 376.8966064453125], [229.1011199951172, 329.4398498535156, 238.07431030273438, 375.2575378417969], [236.7914581298828, 329.9608459472656, 245.8857879638672, 375.2007141113281], [253.73045349121094, 289.0621643066406, 261.75616455078125, 321.6422424316406], [222.96141052246094, 328.2264099121094, 231.89068603515625, 375.04608154296875], [231.94198608398438, 329.4357604980469, 240.982666015625, 374.9418640136719], [209.66232299804688, 327.0506286621094, 307.5163879394531, 379.9720764160156], [264.02874755859375, 289.3396301269531, 271.25836181640625, 321.66375732421875], [281.29095458984375, 336.1273498535156, 289.9388427734375, 377.3758239746094], [267.5747375488281, 288.9405212402344, 274.6425476074219, 321.9251403808594], [170.04290771484375, 291.7170715332031, 177.13690185546875, 328.3690490722656], [273.08709716796875, 335.968017578125, 282.1535339355469, 377.551513671875], [164.62387084960938, 291.57147216796875, 171.69305419921875, 329.0082092285156], [223.95481872558594, 288.0349426269531, 231.6749267578125, 322.09515380859375], [259.8836669921875, 289.7450256347656, 267.1168518066406, 321.4650573730469], [244.54681396484375, 289.264892578125, 252.41644287109375, 321.81939697265625], [232.33364868164062, 288.5732727050781, 240.38621520996094, 321.88690185546875], [146.83689880371094, 290.3607482910156, 153.74432373046875, 328.9859619140625], [271.9010925292969, 289.3896484375, 278.5388488769531, 321.38134765625], [207.7661590576172, 289.3765563964844, 217.22897338867188, 325.1844787597656], [142.5580291748047, 289.9306335449219, 149.60696411132812, 328.6189880371094], [248.29135131835938, 288.89453125, 256.38616943359375, 321.8880615234375], [226.24281311035156, 288.52191162109375, 233.25045776367188, 321.1924133300781], [288.1961669921875, 336.343505859375, 296.9326171875, 377.2694091796875], [276.0505676269531, 289.195556640625, 282.8685302734375, 321.3132629394531], [3.171963691711426, 270.4071350097656, 55.98575973510742, 281.10186767578125], [280.79345703125, 289.5299987792969, 287.7459716796875, 321.221435546875], [242.0378875732422, 331.0467834472656, 251.04234313964844, 375.67681884765625], [258.0335693359375, 333.71185302734375, 270.08648681640625, 376.940673828125], [179.94297790527344, 358.2696533203125, 217.19174194335938, 375.0279541015625], [175.07118225097656, 291.7870788574219, 184.54620361328125, 328.4139709472656], [218.410888671875, 288.41082763671875, 225.70462036132812, 321.517333984375], [294.29022216796875, 336.0625305175781, 302.66644287109375, 377.4388427734375], [153.93157958984375, 355.79022216796875, 181.7188262939453, 373.78253173828125], [151.42825317382812, 290.6264343261719, 165.1121063232422, 330.14764404296875], [282.98663330078125, 337.5193176269531, 291.48126220703125, 377.3903503417969], [250.66766357421875, 289.6594543457031, 258.4739685058594, 320.08453369140625], [202.41917419433594, 290.8819274902344, 211.57186889648438, 325.9367370605469], [255.59254455566406, 289.09051513671875, 263.6658020019531, 321.12017822265625], [273.5381774902344, 294.630859375, 283.5996398925781, 351.37664794921875], [134.6678466796875, 289.7892761230469, 140.93699645996094, 329.0867919921875], [173.8119354248047, 367.85516357421875, 220.29815673828125, 381.1162414550781], [288.6449279785156, 289.0664978027344, 296.45721435546875, 320.52191162109375], [0.0631747767329216, 263.32293701171875, 89.85449981689453, 423.49456787109375], [184.79188537597656, 291.3761901855469, 208.5441436767578, 328.52191162109375], [336.2825927734375, 266.9694519042969, 425.0, 424.9408874511719], [218.55746459960938, 289.0030822753906, 226.24514770507812, 323.21337890625], [146.85023498535156, 290.4351806640625, 181.43174743652344, 332.3427734375], [293.40234375, 290.1156311035156, 300.883056640625, 319.1072998046875], [241.52464294433594, 288.8391418457031, 249.72308349609375, 321.0643005371094], [370.004150390625, 258.1783142089844, 385.5712585449219, 280.5865783691406], [139.4130096435547, 290.0943908691406, 147.88357543945312, 330.5450134277344], [178.95806884765625, 292.38568115234375, 187.59461975097656, 326.7177734375], [366.86767578125, 329.3601379394531, 425.0, 424.8329162597656], [0.1925736665725708, 270.7949523925781, 52.010353088378906, 280.767333984375], [170.0668487548828, 292.24566650390625, 184.49594116210938, 329.59063720703125], [195.34161376953125, 327.1330871582031, 306.75640869140625, 380.1064453125], [365.5743408203125, 273.81744384765625, 425.0, 424.1993103027344], [167.89601135253906, 360.7971496582031, 214.7558135986328, 377.3884582519531], [244.51353454589844, 242.5406951904297, 269.104248046875, 275.8024597167969], [341.8577880859375, 270.1032409667969, 425.0, 424.2369079589844], [0.11771135032176971, 334.1891784667969, 88.66065979003906, 424.99432373046875], [387.64410400390625, 267.3863830566406, 425.0, 352.713134765625], [0.0, 267.8800048828125, 21.202428817749023, 277.4490051269531], [0.0, 267.4527282714844,