{"labels": [23, 23, 23, 23, 23, 23, 23, 23, 23, 23, 23, 23, 23, 23, 23, 23, 23, 23, 23, 23, 23, 23, 23, 23, 23, 23, 23, 23, 23, 23, 23, 23, 23, 23, 23, 23, 23, 23, 23, 23, 23, 23, 23, 23, 23, 23, 23, 23, 23, 23, 23, 23, 23, 23, 23, 23, 23, 23, 23, 23, 23, 23, 23, 23, 23, 23, 23, 23, 23, 23, 23, 23, 23, 23, 23, 23, 23, 23, 23, 23, 23, 23, 23, 23, 23, 23, 23, 23, 23, 23, 23, 23, 23, 23, 23, 0, 0, 0, 23, 0], "scores": [0.9980164766311646, 0.9973861575126648, 0.9947433471679688, 0.9944425225257874, 0.9785445332527161, 0.9779220819473267, 0.9516798853874207, 0.886915922164917, 0.5907080173492432, 0.5110597014427185, 0.4657246470451355, 0.38794901967048645, 0.35123157501220703, 0.26512816548347473, 0.1608460545539856, 0.12285368144512177, 0.11781999468803406, 0.10326813906431198, 0.08961331844329834, 0.08828913420438766, 0.08463545888662338, 0.08287818729877472, 0.07313218712806702, 0.07168726623058319, 0.06012123450636864, 0.059119705110788345, 0.05518355593085289, 0.05121167004108429, 0.0509549081325531, 0.04412142187356949, 0.04136833921074867, 0.041215479373931885, 0.03892723470926285, 0.037109144032001495, 0.035007938742637634, 0.03381303325295448, 0.03194323927164078, 0.027558987960219383, 0.025331368669867516, 0.022370239719748497, 0.021404989063739777, 0.02101125381886959, 0.021009644493460655, 0.020749755203723907, 0.020538335666060448, 0.01906416565179825, 0.018096985295414925, 0.018086792901158333, 0.015938349068164825, 0.014637195505201817, 0.014544174075126648, 0.014142949134111404, 0.012880595400929451, 0.012081296183168888, 0.011412326246500015, 0.011060226708650589, 0.010570768266916275, 0.010291585698723793, 0.010174746625125408, 0.009953911416232586, 0.009712191298604012, 0.008928601630032063, 0.008562322705984116, 0.008063279092311859, 0.008027425035834312, 0.007614043075591326, 0.007559171412140131, 0.007300622295588255, 0.007027184125036001, 0.006570064928382635, 0.00652850279584527, 0.006501308176666498, 0.006218308117240667, 0.006045170594006777, 0.005815023556351662, 0.005793440155684948, 0.0051537975668907166, 0.00513495784252882, 0.004681226797401905, 0.004617113620042801, 0.004515135660767555, 0.004423001315444708, 0.004219896625727415, 0.00411621667444706, 0.004041093401610851, 0.0038861657958477736, 0.003861723467707634, 0.003724393667653203, 0.0036879228428006172, 0.003579413518309593, 0.0035339421592652798, 0.0032471574377268553, 0.0029438682831823826, 0.0023332354612648487, 0.0012650445569306612, 0.0005081006675027311, 0.00045249570393934846, 0.000427354039857164, 0.0003581676573958248, 0.00034879479790106416], "bboxes": [[322.46282958984375, 110.20741271972656, 384.4031982421875, 213.2740478515625], [20.15968132019043, 121.05426025390625, 45.96464538574219, 192.83985900878906], [124.25410461425781, 125.03092193603516, 146.19876098632812, 196.8492431640625], [160.03814697265625, 127.46879577636719, 187.6969757080078, 198.23974609375], [192.2656707763672, 139.6450958251953, 228.38888549804688, 201.56582641601562], [240.47994995117188, 124.02495574951172, 281.2214660644531, 204.7758331298828], [211.07981872558594, 106.3528823852539, 273.9114685058594, 203.7742156982422], [206.58030700683594, 105.76610565185547, 247.53793334960938, 200.21888732910156], [228.99563598632812, 119.3257064819336, 261.6273498535156, 198.9438934326172], [241.03585815429688, 122.8615951538086, 275.1448974609375, 163.9306182861328], [219.8956756591797, 114.59934997558594, 262.760009765625, 201.83180236816406], [232.10479736328125, 118.7762451171875, 267.7000732421875, 194.1410675048828], [254.7935791015625, 153.89230346679688, 280.2008361816406, 204.4952850341797], [237.0125732421875, 120.92630767822266, 266.82037353515625, 159.49465942382812], [193.18626403808594, 140.3489532470703, 226.45938110351562, 200.2588653564453], [231.48684692382812, 118.27507781982422, 256.9025573730469, 156.451416015625], [240.1026153564453, 122.75238800048828, 279.26153564453125, 202.91407775878906], [233.19317626953125, 126.25908660888672, 265.9161071777344, 201.44940185546875], [239.91455078125, 121.68444061279297, 267.0820007324219, 156.81895446777344], [38.64413070678711, 111.45560455322266, 380.0903625488281, 215.52230834960938], [250.84774780273438, 159.73008728027344, 276.415283203125, 204.39646911621094], [244.8767852783203, 124.77654266357422, 277.64959716796875, 163.8717803955078], [217.724365234375, 150.6376190185547, 238.52081298828125, 200.87452697753906], [215.56736755371094, 151.85464477539062, 236.37176513671875, 200.9920196533203], [422.16351318359375, 111.95512390136719, 425.0, 246.585693359375], [237.60618591308594, 125.39749908447266, 279.0032958984375, 204.7838592529297], [212.38526916503906, 106.56105041503906, 253.5823516845703, 199.27297973632812], [256.1216125488281, 158.06129455566406, 279.9160461425781, 203.49961853027344], [246.7977294921875, 126.27106475830078, 278.21783447265625, 173.18316650390625], [416.9713134765625, 118.47183990478516, 425.0, 176.2362823486328], [221.92739868164062, 169.10411071777344, 238.08763122558594, 201.37867736816406], [240.44752502441406, 119.9590835571289, 281.06298828125, 185.06292724609375], [250.53736877441406, 151.31094360351562, 280.9581298828125, 204.5217742919922], [216.96607971191406, 113.01133728027344, 280.9183654785156, 204.5143280029297], [228.39547729492188, 116.78125762939453, 285.4795227050781, 205.0780792236328], [0.0, 123.71891021728516, 0.8944813013076782, 193.43772888183594], [419.8431091308594, 166.59994506835938, 425.0, 181.34283447265625], [0.0, 135.18109130859375, 1.1599739789962769, 183.32374572753906], [415.6161193847656, 171.99583435058594, 425.0, 185.33657836914062], [208.65859985351562, 106.27598571777344, 269.47369384765625, 203.2180633544922], [210.38076782226562, 104.9002914428711, 241.1505126953125, 146.32969665527344], [198.42218017578125, 113.12651824951172, 280.4018249511719, 204.1917724609375], [253.8748779296875, 142.30816650390625, 282.33184814453125, 204.6146697998047], [243.07598876953125, 122.32182312011719, 282.3642883300781, 205.4827880859375], [421.5283203125, 171.88320922851562, 425.0, 186.56761169433594], [17.036710739135742, 125.49653625488281, 34.3748893737793, 190.85997009277344], [214.60446166992188, 161.638427734375, 231.97027587890625, 200.50357055664062], [24.3668155670166, 126.85414123535156, 42.01091003417969, 180.5617218017578], [206.03233337402344, 106.94817352294922, 237.45680236816406, 200.310791015625], [188.5336151123047, 143.16162109375, 207.60328674316406, 181.5222930908203], [40.54065704345703, 127.1939697265625, 354.9944763183594, 200.34677124023438], [0.7323241829872131, 163.64170837402344, 6.996706485748291, 187.9122772216797], [211.64646911621094, 108.6955337524414, 267.55316162109375, 202.12428283691406], [192.8136749267578, 138.9058074951172, 213.10633850097656, 161.06158447265625], [0.0, 162.51803588867188, 0.7349021434783936, 193.91900634765625], [162.86956787109375, 127.44992065429688, 186.46270751953125, 196.2100830078125], [199.0500946044922, 140.7406463623047, 232.91163635253906, 202.2816619873047], [29.876270294189453, 123.0652084350586, 45.40886688232422, 154.4869384765625], [385.6158447265625, 172.02972412109375, 398.4273376464844, 182.82208251953125], [200.3460235595703, 166.99649047851562, 220.3568878173828, 196.5537872314453], [389.2468566894531, 171.83314514160156, 403.1492919921875, 182.3399658203125], [16.664302825927734, 121.9742202758789, 45.215457916259766, 210.4955596923828], [126.6144027709961, 125.86634063720703, 144.79176330566406, 183.89540100097656], [0.0, 166.87916564941406, 1.526370644569397, 186.65966796875], [418.31719970703125, 174.39349365234375, 425.0, 186.4132080078125], [386.537841796875, 172.3272247314453, 399.8164978027344, 182.30374145507812], [23.78421401977539, 123.31372833251953, 44.490203857421875, 189.60760498046875], [366.9657287597656, 170.90074157714844, 384.4493408203125, 187.44430541992188], [29.465612411499023, 121.90088653564453, 43.681175231933594, 142.1012725830078], [166.82965087890625, 