{"labels": [23, 23, 23, 23, 23, 23, 23, 23, 23, 23, 23, 23, 23, 23, 23, 23, 23, 23, 23, 23, 23, 23, 23, 23, 23, 23, 23, 23, 23, 23, 23, 23, 23, 23, 23, 23, 23, 23, 14, 23, 23, 14, 23, 23, 14, 23, 23, 23, 23, 14, 23, 23, 23, 23, 14, 23, 14, 23, 23, 23, 23, 23, 23, 23, 23, 23, 23, 23, 23, 23, 14, 23, 14, 14, 23, 23, 23, 23, 23, 23, 23, 23, 14, 23, 23, 23, 23, 23, 23, 23, 14, 23, 23, 23, 23, 23, 14, 23, 23, 23], "scores": [0.9986144304275513, 0.9977070093154907, 0.050410740077495575, 0.01069989800453186, 0.00990258902311325, 0.009864281862974167, 0.009841627441346645, 0.00972959864884615, 0.009692838415503502, 0.009666102938354015, 0.009049929678440094, 0.008790004067122936, 0.00877754669636488, 0.008672641590237617, 0.008640454150736332, 0.008339191786944866, 0.008334933780133724, 0.008252987638115883, 0.008166804909706116, 0.008094064891338348, 0.007752427365630865, 0.007571711204946041, 0.0074051725678145885, 0.0071097202599048615, 0.0067504090256989, 0.006102640647441149, 0.0056397756561636925, 0.005468958523124456, 0.005379233043640852, 0.005255211144685745, 0.004801015369594097, 0.004686923231929541, 0.0045218076556921005, 0.0044944752007722855, 0.004486127756536007, 0.004435115493834019, 0.0035151110496371984, 0.0031932778656482697, 0.0030655215959995985, 0.002931639552116394, 0.0029150762129575014, 0.0027395393699407578, 0.0027136190328747034, 0.0026821328792721033, 0.0026118075475096703, 0.002510467544198036, 0.002475886372849345, 0.002468931255862117, 0.0024533281102776527, 0.002438830677419901, 0.002427662955597043, 0.0023921949323266745, 0.002340971725061536, 0.002265503630042076, 0.002261571818962693, 0.0021834142971783876, 0.002003686036914587, 0.001960557186976075, 0.0018799514509737492, 0.0017557523678988218, 0.001700882101431489, 0.001607920858077705, 0.0015956094721332192, 0.0015257274499163032, 0.0015093692345544696, 0.0014674665872007608, 0.0014582752482965589, 0.0014257075963541865, 0.0013976744376122952, 0.0012969168601557612, 0.0012851302744820714, 0.001284845289774239, 0.0012726715067401528, 0.001266425708308816, 0.0012552806874737144, 0.0010697232792153955, 0.0009007693151943386, 0.0008960916311480105, 0.0008958150865510106, 0.0008850694866850972, 0.0008430295856669545, 0.0008269489626400173, 0.0007853981805965304, 0.0007749915239401162, 0.0007309880456887186, 0.0006425232859328389, 0.0005561028956435621, 0.0005291578127071261, 0.00043656135676428676, 0.0004176866787020117, 0.0003954001294914633, 0.00030448491452261806, 0.0002485010481905192, 0.00022774886747356504, 0.00021632821881212294, 0.00020089578174520284, 0.0001689865457592532, 0.0001536453637527302, 9.75591829046607e-05, 7.652272324776277e-05], "bboxes": [[214.66439819335938, 162.99916076660156, 313.32073974609375, 356.7597351074219], [82.024658203125, 231.2879638671875, 160.72406005859375, 321.6340026855469], [322.7297058105469, 257.98931884765625, 333.1763916015625, 279.2020263671875], [293.2134704589844, 262.4798278808594, 302.4210205078125, 269.6977844238281], [324.7041931152344, 261.869873046875, 333.2004699707031, 277.3423156738281], [369.6777648925781, 259.114990234375, 377.870361328125, 272.7572326660156], [323.76556396484375, 257.0544128417969, 335.97589111328125, 278.65985107421875], [323.65771484375, 258.58905029296875, 333.6560363769531, 279.092529296875], [291.6768493652344, 261.7599182128906, 300.870361328125, 268.8682556152344], [363.7912902832031, 261.1502685546875, 370.57855224609375, 272.3739929199219], [291.89190673828125, 261.57318115234375, 302.22418212890625, 269.2716979980469], [289.1455078125, 261.4183654785156, 298.3625793457031, 268.61834716796875], [292.9964599609375, 261.4357604980469, 301.9035949707031, 268.24786376953125], [294.3414001464844, 261.2546691894531, 303.7502136230469, 268.4176025390625], [321.5841064453125, 256.40447998046875, 333.8604736328125, 276.2843017578125], [298.4472961425781, 261.4091796875, 308.93865966796875, 269.2342529296875], [83.09300231933594, 163.68638610839844, 313.12066650390625, 353.34747314453125], [365.4934997558594, 259.7536315917969, 373.5176696777344, 273.1114807128906], [365.6720886230469, 258.8379211425781, 373.7255859375, 271.9101867675781], [362.00396728515625, 260.6427917480469, 369.0400695800781, 271.9394836425781], [281.8857727050781, 260.5467224121094, 292.8646545410156, 268.97998046875], [80.65946960449219, 232.4978485107422, 153.39761352539062, 319.64666748046875], [288.2487487792969, 261.85980224609375, 298.08905029296875, 269.55169677734375], [292.71630859375, 261.3426208496094, 302.4852294921875, 268.847900390625], [323.9364318847656, 257.35137939453125, 334.5671081542969, 267.83648681640625], [365.0191345214844, 260.85321044921875, 372.1585998535156, 272.7616271972656], [302.8508605957031, 263.2217712402344, 314.1479187011719, 272.1276550292969], [293.5440673828125, 261.1745910644531, 308.8782958984375, 271.13531494140625], [380.4810485839844, 257.3948669433594, 391.0247497558594, 273.1146240234375], [370.1754455566406, 258.0323486328125, 381.7724914550781, 274.01458740234375], [295.3083190917969, 260.0778503417969, 303.42694091796875, 266.7057189941406], [309.90875244140625, 258.54351806640625, 319.1930847167969, 266.9109191894531], [302.4365234375, 259.25555419921875, 323.220458984375, 275.5799255371094], [82.67545318603516, 195.03012084960938, 310.7094421386719, 344.21673583984375], [81.6624526977539, 168.7279815673828, 310.36962890625, 334.4690856933594], [322.9031066894531, 257.2170715332031, 333.0430908203125, 266.06298828125], [106.90687561035156, 233.60113525390625, 157.25827026367188, 261.68023681640625], [370.31854248046875, 260.49420166015625, 378.45526123046875, 273.22650146484375], [171.70010375976562, 415.20196533203125, 187.00735473632812, 424.8846740722656], [137.3854217529297, 234.14584350585938, 158.9783172607422, 250.92669677734375], [83.84187316894531, 235.9290771484375, 157.26585388183594, 316.07708740234375], [64.10861206054688, 314.3835144042969, 73.1046142578125, 323.67669677734375], [89.2563705444336, 234.05616760253906, 150.91163635253906, 281.6191101074219], [129.34902954101562, 235.0247802734375, 159.65008544921875, 260.7264099121094], [67.30722045898438, 316.16473388671875, 76.24744415283203, 325.6566162109375], [92.39756774902344, 165.1109619140625, 315.2413330078125, 358.8445129394531], [171.6245574951172, 234.82009887695312, 187.29925537109375, 248.65293884277344], [317.90057373046875, 240.2793426513672, 332.6751708984375, 270.6776123046875], [95.0600814819336, 232.15721130371094, 156.50230407714844, 265.9676208496094], [68.6273422241211, 314.3890075683594, 77.94939422607422, 324.0345764160156], [111.89362335205078, 229.93312072753906, 155.7638397216797, 255.0424041748047], [108.22203063964844, 234.98312377929688, 148.1312713623047, 261.8267517089844], [103.6302261352539, 236.87454223632812, 134.97801208496094, 261.85498046875], [385.0001525878906, 250.00816345214844, 423.3381652832031, 272.1175842285156], [172.96817016601562, 413.7834777832031, 187.42344665527344, 424.8171081542969], [340.4400634765625, 258.08148193359375, 348.97821044921875, 266.47906494140625], [62.6646728515625, 311.0479736328125, 72.13067626953125, 320.7925109863281], [129.5413360595703, 240.18597412109375, 158.94366455078125, 274.45684814453125], [173.1839141845703, 234.1924591064453, 194.65399169921875, 251.42022705078125], [394.2687683105469, 256.9609680175781, 406.2476806640625, 273.0309143066406], [136.12188720703125, 238.58950805664062, 160.9855499267578, 265.7555236816406], [173.70619201660156, 233.9150390625, 187.85389709472656, 245.69126892089844], [168.28184509277344, 233.8206024169922, 180.05824279785156, 244.80136108398438], [168.5508575439453, 234.2874755859375, 180.99038696289062, 245.8505096435547], [95.50398254394531, 236.11148071289062, 134.8964080810547, 270.0155944824219], [166.32374572753906, 233.28518676757812, 177.37428283691406, 243.21234130859375], [386.0856018066406, 249.2769012451172, 424.9820556640625, 272.72332763671875], [222.2423858642578, 