{"labels": [46, 60, 45, 55, 45, 45, 45, 45, 45, 45, 45, 45, 45, 45, 46, 45, 45, 55, 60, 60, 60, 45, 55, 55, 60, 60, 60, 60, 55, 45, 45, 45, 60, 55, 55, 46, 46, 60, 60, 60, 45, 60, 46, 60, 60, 45, 55, 60, 60, 55, 60, 60, 60, 45, 46, 60, 46, 46, 46, 60, 45, 46, 60, 60, 60, 60, 55, 60, 46, 46, 46, 55, 60, 46, 46, 60, 46, 60, 60, 46, 55, 46, 55, 46, 60, 46, 60, 46, 46, 46, 46, 60, 60, 60, 46, 60, 60, 60, 60, 60], "scores": [0.9913091659545898, 0.9420373439788818, 0.6733077764511108, 0.583605170249939, 0.1188453808426857, 0.0816182866692543, 0.06635022163391113, 0.06422856450080872, 0.05586020275950432, 0.054658256471157074, 0.04811479523777962, 0.03651446849107742, 0.03151169419288635, 0.03038747049868107, 0.023387519642710686, 0.022228451445698738, 0.018605900928378105, 0.015781790018081665, 0.015619229525327682, 0.014590935781598091, 0.013636162504553795, 0.013427608646452427, 0.011413268744945526, 0.011379214003682137, 0.010888228192925453, 0.010295523330569267, 0.009663707576692104, 0.009629332460463047, 0.009171519428491592, 0.009131955914199352, 0.00910992082208395, 0.008953860960900784, 0.008626994676887989, 0.008307425305247307, 0.008207567036151886, 0.008055531419813633, 0.007720627821981907, 0.007644826080650091, 0.007562735583633184, 0.006855560000985861, 0.0065996358171105385, 0.00658052833750844, 0.0065622637048363686, 0.006510734558105469, 0.006274068262428045, 0.006044432986527681, 0.005967800971120596, 0.005875659640878439, 0.005600446835160255, 0.005445243325084448, 0.005054904147982597, 0.004895382560789585, 0.004420184530317783, 0.004304452333599329, 0.004242271650582552, 0.004104061052203178, 0.003934288397431374, 0.0035721089225262403, 0.0033911936916410923, 0.0031502945348620415, 0.0030002116691321135, 0.002997571136802435, 0.0029059522785246372, 0.0028245234861969948, 0.0027416266966611147, 0.0026734715793281794, 0.00206328765489161, 0.0019727079197764397, 0.001961013302206993, 0.0018070077057927847, 0.001586887170560658, 0.0015826851595193148, 0.0015462280716747046, 0.0015024652238935232, 0.001350987353362143, 0.0012317218352109194, 0.0012143661733716726, 0.0011497832601889968, 0.0010702399304136634, 0.0009085180936381221, 0.0008858719957061112, 0.0008264326024800539, 0.0008028678130358458, 0.0007318163407035172, 0.0005958689143881202, 0.0005849575391039252, 0.0005483624991029501, 0.0005043158307671547, 0.00043216440826654434, 0.0003744855639524758, 0.0003290431632194668, 0.0002831540768966079, 0.0002160965377697721, 0.00018670246936380863, 0.0001768185757100582, 0.00015458979760296643, 0.00014889708836562932, 0.00014394617755897343, 0.0001285731268581003, 9.185997623717412e-05], "bboxes": [[86.81094360351562, 26.992713928222656, 424.44921875, 366.9264221191406], [0.0174790620803833, 0.0, 425.0, 424.3589172363281], [0.14375895261764526, 87.46717834472656, 425.0, 400.30511474609375], [63.70133972167969, 97.066650390625, 311.5334777832031, 280.3006896972656], [0.22516325116157532, 25.364524841308594, 425.0, 395.05657958984375], [3.2794013023376465, 26.054201126098633, 424.92340087890625, 389.6848449707031], [0.1712694764137268, 18.11574363708496, 425.0, 395.6505126953125], [30.628597259521484, 88.77737426757812, 424.93695068359375, 396.60150146484375], [0.16136467456817627, 87.53607940673828, 425.0, 399.6585388183594], [0.16640573740005493, 12.930275917053223, 425.0, 396.8847961425781], [0.16677305102348328, 11.965975761413574, 425.0, 396.2691345214844], [0.1322329044342041, 87.74513244628906, 425.0, 405.3155822753906], [0.08921921253204346, 1.3814412355422974, 425.0, 401.57489013671875], [0.14145374298095703, 85.88041687011719, 425.0, 419.6177062988281], [88.39644622802734, 33.55574417114258, 424.4251708984375, 365.9649658203125], [0.10966211557388306, 89.06233978271484, 425.0, 406.255615234375], [48.45961380004883, 81.29508209228516, 424.71295166015625, 394.16094970703125], [64.05745697021484, 97.915771484375, 311.2727966308594, 281.79595947265625], [0.17296671867370605, 255.52418518066406, 425.0, 423.5240173339844], [0.13273954391479492, 255.93153381347656, 425.0, 423.79620361328125], [0.0927656888961792, 263.6480712890625, 425.0, 421.89361572265625], [19.758394241333008, 87.78700256347656, 423.7906494140625, 400.6332092285156], [64.70881652832031, 97.65955352783203, 308.95074462890625, 282.85748291015625], [63.22855758666992, 95.17495727539062, 313.5617370605469, 286.5531921386719], [0.03163963556289673, 0.0, 425.0, 204.45059204101562], [0.17962902784347534, 267.274658203125, 425.0, 423.9114074707031], [0.17902106046676636, 270.8192443847656, 425.0, 422.7768859863281], [0.14332830905914307, 189.5462188720703, 425.0, 425.0], [62.6096076965332, 94.52304077148438, 311.1033020019531, 282.1755676269531], [0.06834566593170166, 2.421002149581909, 425.0, 400.75067138671875], [0.09598284959793091, 1.3735755681991577, 425.0, 413.8896179199219], [48.40362548828125, 16.79328727722168, 424.4372253417969, 390.7822265625], [0.09914934635162354, 141.3806915283203, 425.0, 422.9353332519531], [64.74610900878906, 97.82388305664062, 309.91375732421875, 277.9811096191406], [72.1793441772461, 96.73573303222656, 309.14068603515625, 282.38702392578125], [88.14881134033203, 52.09247970581055, 424.48883056640625, 364.8017883300781], [63.362892150878906, 27.925132751464844, 425.0, 291.814697265625], [0.1892298460006714, 142.18939208984375, 425.0, 423.1144104003906], [0.1580461859703064, 157.61679077148438, 425.0, 425.0], [0.1918897032737732, 235.99114990234375, 425.0, 424.2118835449219], [0.12109950184822083, 0.31259655952453613, 425.0, 390.6601257324219], [0.0903591513633728, 238.12088012695312, 425.0, 415.23382568359375], [72.56056213378906, 49.96639633178711, 351.27374267578125, 365.52032470703125], [0.059504806995391846, 2.2861599922180176, 425.0, 367.9607849121094], [0.07477998733520508, 0.0, 425.0, 202.3524169921875], [0.1636698842048645, 66.01109313964844, 425.0, 423.90740966796875], [65.89397430419922, 97.8741455078125, 291.872314453125, 279.1763610839844], [0.06913095712661743, 0.0, 425.0, 202.5733642578125], [0.135880708694458, 104.3718490600586, 425.0, 425.0], [64.51937103271484, 96.5446548461914, 306.4716491699219, 283.56536865234375], [0.1456335186958313, 35.95561981201172, 425.0, 420.5408935546875], [0.1435309648513794, 0.12520328164100647, 425.0, 422.78961181640625], [0.06064474582672119, 0.0, 425.0, 200.8431854248047], [0.12375935912132263, 0.12147948145866394, 425.0, 423.4664611816406], [61.94211196899414, 29.97911262512207, 340.3558044433594, 288.28436279296875], [0.09798407554626465, 0.06923861801624298, 425.0, 211.99867248535156], [78.5690689086914, 37.99223709106445, 424.49798583984375, 364.765380859375], [89.78466796875, 125.24724578857422, 424.2021789550781, 366.51678466796875], [86.62367248535156, 33.351924896240234, 424.34112548828125, 363.0170593261719], [0.026826560497283936, 0.0, 425.0, 205.6714630126953], [0.08103698492050171, 0.883173942565918, 425.0, 374.91455078125], [85.4175033569336, 33.64323043823242, 424.3511962890625, 349.7740783691406], [0.09355098009109497, 0.0, 425.0, 247.56112670898438], [0.09456425905227661, 1.7273240089416504, 425.0, 378.740234375], [0.12065619230270386, 2.3139872550964355, 425.0, 420.6478271484375], [1.547593593597412, 275.794677734375, 425.0, 401.44384765625], [61.810638427734375, 98.95785522460938, 224.99728393554688, 280.8828125], [0.09742677211761475, 0.0, 425.0, 289.87957763671875], [89.94221496582031, 29.44454574584961, 424.2857666015625, 360.44482421875], [86.17931365966797, 30.780576705932617, 425.0, 361.780029296875], [87.2048110961914, 7.683175086975098, 423.5350036621094, 376.0460205078125], [68.41487884521484, 154.13648986816406, 302.0284423828125, 278.40447998046875], [0.11353790760040283, 0.450858473777771, 425.0, 279.1025085449219], [64.90495300292969, 85.64663696289062, 422.2969055175781, 333.6560974121094], [87.17265319824219, 28.563522338867188, 424.4095153808594, 366.3379211425781], [67.2145767211914, 0.0, 404.6631774902344, 424.4591369628906], [85.860595703125, 