{"labels": [51, 51, 51, 50, 48, 60, 60, 51, 48, 51, 51, 51, 45, 48, 51, 51, 48, 51, 51, 48, 50, 51, 48, 51, 50, 48, 50, 50, 51, 51, 45, 45, 41, 51, 41, 50, 51, 50, 50, 50, 50, 50, 52, 60, 48, 50, 52, 41, 50, 60, 45, 51, 50, 48, 0, 51, 41, 51, 50, 50, 71, 41, 45, 51, 60, 71, 50, 71, 71, 50, 71, 48, 60, 71, 39, 45, 41, 39, 56, 52, 69, 45, 68, 48, 51, 71, 60, 56, 69, 51, 68, 39, 56, 39, 39, 71, 56, 0, 44, 56], "scores": [0.9886779189109802, 0.980714738368988, 0.9747514724731445, 0.9726229310035706, 0.954559326171875, 0.9243876338005066, 0.7435813546180725, 0.7400038242340088, 0.6748260855674744, 0.6569116711616516, 0.6499147415161133, 0.6496373414993286, 0.5300309658050537, 0.47546184062957764, 0.36380693316459656, 0.35409873723983765, 0.3454294502735138, 0.3354966640472412, 0.327709823846817, 0.30261752009391785, 0.28689810633659363, 0.2831859886646271, 0.27499788999557495, 0.24268537759780884, 0.2263595312833786, 0.21073706448078156, 0.1741527020931244, 0.15729452669620514, 0.1514245569705963, 0.151009663939476, 0.14815767109394073, 0.11539600044488907, 0.1123799979686737, 0.11216194182634354, 0.1069951131939888, 0.10448010265827179, 0.0931866317987442, 0.08979829400777817, 0.08473031222820282, 0.0846182256937027, 0.08407872915267944, 0.08103306591510773, 0.07912170886993408, 0.0649355798959732, 0.06042482703924179, 0.0598224401473999, 0.056110821664333344, 0.05579598248004913, 0.053030021488666534, 0.05265262350440025, 0.044639818370342255, 0.04208746552467346, 0.04002966731786728, 0.03998705372214317, 0.03877650946378708, 0.03798431158065796, 0.0369146354496479, 0.03660748153924942, 0.03571884334087372, 0.026740165427327156, 0.025232693180441856, 0.02448100782930851, 0.02368386648595333, 0.022315511479973793, 0.019953792914748192, 0.019764462485909462, 0.018399273976683617, 0.01691311225295067, 0.016409598290920258, 0.01619907096028328, 0.016183646395802498, 0.015074496157467365, 0.014858211390674114, 0.014713581651449203, 0.013812358491122723, 0.012998664751648903, 0.012783795595169067, 0.012567242607474327, 0.012390727177262306, 0.011869214475154877, 0.010177114978432655, 0.009829794056713581, 0.009034990333020687, 0.008788925595581532, 0.008277804590761662, 0.008082137443125248, 0.007198655046522617, 0.007155946921557188, 0.006968098226934671, 0.0054669552482664585, 0.0049518379382789135, 0.0044130296446383, 0.004374919459223747, 0.003278880612924695, 0.003057148540392518, 0.003011945867910981, 0.0029638831038028, 0.002847930183634162, 0.002631392329931259, 0.0008082591812126338], "bboxes": [[189.26612854003906, 275.9794921875, 269.61492919921875, 334.376220703125], [301.19000244140625, 290.97784423828125, 394.93914794921875, 347.5661315917969], [365.5686340332031, 263.7940979003906, 424.9447326660156, 319.15069580078125], [277.53070068359375, 217.92225646972656, 362.8998718261719, 303.44580078125], [3.4568517208099365, 86.51990509033203, 393.14794921875, 319.4947814941406], [0.05155056715011597, 135.4123992919922, 425.0, 424.249755859375], [0.09608417749404907, 79.45890045166016, 425.0, 422.83001708984375], [344.113037109375, 262.4404296875, 377.0345458984375, 301.44830322265625], [177.5626220703125, 86.69789123535156, 394.55596923828125, 221.0926513671875], [398.1830139160156, 251.78170776367188, 425.0, 306.5101013183594], [302.81304931640625, 255.8572998046875, 424.7511291503906, 346.5711364746094], [364.8894348144531, 250.13424682617188, 425.0, 320.04132080078125], [7.6230244636535645, 193.9176483154297, 424.7900695800781, 395.68792724609375], [3.935410737991333, 131.81642150878906, 269.6255798339844, 317.80810546875], [400.6651306152344, 246.15606689453125, 425.0, 318.9674987792969], [298.8877258300781, 232.7443084716797, 424.67730712890625, 345.9454040527344], [4.283674716949463, 134.44407653808594, 268.4796447753906, 316.9235534667969], [404.23773193359375, 252.25759887695312, 425.0, 308.3175048828125], [411.1627197265625, 248.65406799316406, 425.0, 288.17083740234375], [3.6520347595214844, 134.41429138183594, 267.7119140625, 315.4604187011719], [228.29783630371094, 198.69053649902344, 363.9435119628906, 317.2751770019531], [346.7408752441406, 263.995849609375, 380.2981872558594, 304.65216064453125], [2.1179683208465576, 168.78443908691406, 130.9832763671875, 297.4798278808594], [398.14276123046875, 249.60693359375, 425.0, 276.9538269042969], [313.1980285644531, 195.212158203125, 353.3092956542969, 224.1461944580078], [4.417313575744629, 130.02484130859375, 269.0684814453125, 313.51654052734375], [299.3690185546875, 196.981689453125, 356.6233215332031, 232.6905059814453], [255.325927734375, 196.72442626953125, 356.39019775390625, 251.42364501953125], [250.00547790527344, 304.7050476074219, 307.8539123535156, 331.81842041015625], [359.1017761230469, 246.2112579345703, 424.9871520996094, 320.6612243652344], [0.5501344799995422, 177.644287109375, 424.9083557128906, 417.0904541015625], [0.0, 73.27386474609375, 71.79434967041016, 153.83848571777344], [362.20599365234375, 0.0, 425.0, 48.700958251953125], [189.15826416015625, 270.3585510253906, 307.92279052734375, 334.4162292480469], [340.01983642578125, 0.0, 412.23907470703125, 48.605857849121094], [230.79595947265625, 222.05809020996094, 363.17730712890625, 330.4423828125], [410.350341796875, 250.4445037841797, 425.0, 322.9474792480469], [255.16966247558594, 197.184326171875, 358.4410400390625, 287.3515930175781], [278.34271240234375, 190.37396240234375, 352.9427185058594, 227.3650665283203], [270.7660827636719, 198.72259521484375, 363.9154357910156, 306.2220153808594], [274.96441650390625, 206.11329650878906, 354.5611267089844, 254.86956787109375], [231.5911102294922, 198.1290283203125, 362.6120300292969, 298.7127380371094], [3.678189992904663, 85.65569305419922, 393.70037841796875, 307.4748840332031], [0.0, 270.64886474609375, 423.8363952636719, 421.9696044921875], [3.6219403743743896, 134.15370178222656, 266.4969177246094, 295.8876037597656], [265.4335021972656, 197.24720764160156, 424.8329162597656, 293.4053649902344], [8.428833961486816, 85.32130432128906, 392.9860534667969, 320.2955017089844], [340.114501953125, 0.007995404303073883, 425.0, 51.857810974121094], [229.2202911376953, 254.4386749267578, 300.87542724609375, 285.6479797363281], [0.22854506969451904, 249.61276245117188, 425.0, 424.7762756347656], [2.5611765384674072, 222.78619384765625, 425.0, 407.23016357421875], [302.0520324707031, 270.6104736328125, 375.5411682128906, 326.0768127441406], [21.614614486694336, 191.8013916015625, 71.09684753417969, 242.44491577148438], [173.8715362548828, 86.43645477294922, 396.46075439453125, 258.0261535644531], [104.39934539794922, 0.0, 169.148681640625, 42.738250732421875], [242.57740783691406, 201.8647003173828, 425.0, 344.54730224609375], [387.57452392578125, 0.0, 425.0, 45.38397979736328], [304.2655029296875, 292.1672058105469, 396.9993896484375, 348.7425231933594], [353.8437805175781, 247.00711059570312, 423.2113037109375, 283.3558654785156], [65.0941390991211, 224.90806579589844, 130.3041534423828, 285.5609130859375], [81.94248962402344, 39.25625228881836, 182.76011657714844, 54.726680755615234], [222.6292724609375, 0.08131247013807297, 376.3642883300781, 54.2542610168457], [0.0, 74.11847686767578, 70.43975067138672, 151.48435974121094], [189.8314666748047, 276.71942138671875, 266.4305725097656, 332.91107177734375], [1.0363436937332153, 224.5074005126953, 424.814208984375, 354.76861572265625], [79.38172912597656, 38.34634780883789, 210.3121337890625, 56.366092681884766], [26.58258056640625, 186.6685028076172, 117.81903839111328, 245.6439208984375], [0.0, 29.641841888427734, 110.43242645263672, 76.8960189819336], [0.2294190227985382, 54.11740493774414, 170.0837860107422, 155.0941162109375], [169.5177001953125, 235.9033660888672, 306.26995849609375, 287.35797119140625], [0.13844557106494904, 71.97669219970703, 69.400146484375, 117.93303680419922], [3.4842989444732666, 164.21409606933594, 390.1374206542969, 320.9924621582031], [0.35789012908935547, 161.83493041992188, 425.0, 