{"labels": [17, 0, 17, 0, 0, 0, 2, 0, 0, 0, 17, 0, 2, 2, 17, 17, 17, 27, 17, 0, 0, 2, 17, 17, 0, 17, 2, 17, 0, 0, 2, 2, 2, 0, 2, 0, 0, 2, 2, 2, 0, 0, 17, 17, 17, 2, 2, 0, 2, 17, 2, 0, 0, 2, 0, 17, 17, 2, 17, 0, 2, 17, 0, 17, 0, 0, 2, 0, 2, 17, 17, 0, 2, 0, 0, 0, 2, 0, 0, 2, 0, 2, 0, 27, 2, 0, 2, 0, 0, 0, 17, 0, 0, 0, 0, 17, 0, 17, 0, 2], "scores": [0.9972189664840698, 0.9921729564666748, 0.9722951054573059, 0.9702381491661072, 0.9510573148727417, 0.9375123977661133, 0.9161391258239746, 0.8793172240257263, 0.8470589518547058, 0.8355688452720642, 0.7532442808151245, 0.7187977433204651, 0.7035017609596252, 0.5730705261230469, 0.431630939245224, 0.4154151380062103, 0.40417996048927307, 0.3852803409099579, 0.36885303258895874, 0.2960626482963562, 0.2671128511428833, 0.24710586667060852, 0.23674800992012024, 0.22514250874519348, 0.22299471497535706, 0.22053241729736328, 0.20885111391544342, 0.19885653257369995, 0.19008703529834747, 0.17495736479759216, 0.16894611716270447, 0.16577710211277008, 0.16493511199951172, 0.1642838567495346, 0.15663602948188782, 0.15142568945884705, 0.14658766984939575, 0.14518238604068756, 0.14354266226291656, 0.13805106282234192, 0.13357064127922058, 0.1311737447977066, 0.12995675206184387, 0.12635941803455353, 0.12442856281995773, 0.11562744528055191, 0.11421460658311844, 0.11247039586305618, 0.10934659093618393, 0.10824357718229294, 0.10607540607452393, 0.10500580072402954, 0.10398796200752258, 0.10356293618679047, 0.10157328099012375, 0.09913848340511322, 0.09755213558673859, 0.09672226011753082, 0.0959310308098793, 0.08864607661962509, 0.08627653121948242, 0.08532081544399261, 0.08444441109895706, 0.082737497985363, 0.08139625936746597, 0.07772448658943176, 0.07600674033164978, 0.07506861537694931, 0.07424426823854446, 0.07370680570602417, 0.07099933177232742, 0.06806239485740662, 0.06547560542821884, 0.06116505339741707, 0.06000831350684166, 0.05767609551548958, 0.05762914568185806, 0.05317925661802292, 0.051238469779491425, 0.05099566653370857, 0.04996392875909805, 0.047965407371520996, 0.0464465506374836, 0.046388719230890274, 0.04530744254589081, 0.04406554624438286, 0.04334200173616409, 0.04017472639679909, 0.0377669520676136, 0.036615628749132156, 0.03628214821219444, 0.03391115367412567, 0.02810441330075264, 0.02308405004441738, 0.02089661732316017, 0.017604265362024307, 0.01750127226114273, 0.01677320897579193, 0.01621781662106514, 0.00709238788112998], "bboxes": [[0.0, 67.29720306396484, 312.45733642578125, 420.14019775390625], [3.9354629516601562, 106.87567138671875, 48.338504791259766, 167.48606872558594], [226.52908325195312, 73.73405456542969, 407.731689453125, 401.4944763183594], [72.09407806396484, 120.45112609863281, 97.53636169433594, 152.141357421875], [90.9986572265625, 8.347063064575195, 223.61746215820312, 149.87110900878906], [175.90472412109375, 11.810210227966309, 266.65545654296875, 127.74957275390625], [295.55572509765625, 195.2269287109375, 425.0, 351.8763122558594], [246.1835174560547, 20.483991622924805, 325.08709716796875, 93.27079772949219], [91.96272277832031, 6.747126579284668, 253.1493377685547, 211.1455841064453], [251.4660186767578, 21.777902603149414, 325.9028015136719, 88.77082061767578], [190.11819458007812, 59.03810119628906, 344.78173828125, 401.96966552734375], [92.74556732177734, 6.442174434661865, 228.97938537597656, 210.4011993408203], [0.0, 168.86380004882812, 82.05872344970703, 352.1282043457031], [0.2521418035030365, 244.41372680664062, 81.62004089355469, 351.660400390625], [328.9635009765625, 77.04924011230469, 415.8913879394531, 201.87278747558594], [327.9342346191406, 76.19065856933594, 411.9111633300781, 200.5424041748047], [224.96234130859375, 64.13082885742188, 344.7143249511719, 309.2923889160156], [16.821969985961914, 155.4536590576172, 24.464271545410156, 168.28945922851562], [165.64698791503906, 73.1300277709961, 411.7505187988281, 404.2395935058594], [96.73925018310547, 8.575215339660645, 262.28424072265625, 138.8726806640625], [213.9399871826172, 11.596952438354492, 268.07720947265625, 71.3661117553711], [0.0, 240.3231201171875, 20.24292755126953, 336.26043701171875], [226.62660217285156, 73.308837890625, 395.8758544921875, 370.20220947265625], [223.8701629638672, 71.28748321533203, 404.0945739746094, 309.17779541015625], [249.55889892578125, 34.12054443359375, 285.6590881347656, 75.32086181640625], [327.1813659667969, 76.70702362060547, 414.11944580078125, 202.96958923339844], [49.8906364440918, 282.8404846191406, 82.45391082763672, 348.5725402832031], [155.19248962402344, 56.42544174194336, 340.9378662109375, 369.5500793457031], [69.4651870727539, 118.87421417236328, 113.80171966552734, 199.71035766601562], [190.87216186523438, 10.684514045715332, 283.30352783203125, 122.0370864868164], [0.0, 172.25611877441406, 17.780696868896484, 322.8743591308594], [0.05413126200437546, 201.19808959960938, 82.73440551757812, 389.9308776855469], [0.2618027925491333, 267.61712646484375, 85.58280181884766, 356.25677490234375], [158.305419921875, 297.8570251464844, 195.8696746826172, 356.2812805175781], [0.0, 170.89418029785156, 17.239641189575195, 353.64117431640625], [0.0, 109.04251098632812, 6.057753562927246, 361.1139831542969], [103.39997863769531, 68.70012664794922, 181.3566131591797, 148.17825317382812], [0.0, 212.24659729003906, 10.450218200683594, 355.56591796875], [0.0022355467081069946, 157.32066345214844, 79.67074584960938, 401.7774353027344], [0.06644576787948608, 176.30323791503906, 425.0, 359.6458740234375], [74.89229583740234, 122.08866882324219, 115.45906066894531, 156.0892333984375], [211.55751037597656, 12.52056884765625, 283.44671630859375, 109.69383239746094], [361.4435119628906, 102.08229064941406, 415.0213317871094, 201.1233673095703], [0.766773521900177, 65.2773208618164, 412.6707763671875, 415.2294006347656], [266.3075866699219, 74.84881591796875, 416.7301330566406, 351.9143371582031], [0.0, 171.0017547607422, 76.79631805419922, 325.7961120605469], [0.01886717416346073, 288.6097106933594, 12.654820442199707, 349.7337341308594], [170.05596923828125, 11.657844543457031, 285.2720642089844, 195.7170867919922], [399.94921875, 192.77072143554688, 425.0, 304.30413818359375], [329.7610778808594, 77.41350555419922, 413.73095703125, 199.0455780029297], [0.0, 173.01620483398438, 10.873040199279785, 308.4681396484375], [0.22266805171966553, 106.60260009765625, 98.58280181884766, 284.33514404296875], [0.0, 105.30699920654297, 18.22902488708496, 396.31103515625], [46.86298751831055, 281.32098388671875, 109.30945587158203, 350.0364685058594], [91.94222259521484, 7.146383762359619, 246.81210327148438, 147.76231384277344], [296.77618408203125, 75.93059539794922, 422.4466857910156, 351.1383972167969], [231.6690673828125, 75.69031524658203, 401.2922668457031, 388.9957580566406], [170.86093139648438, 193.0564727783203, 424.47967529296875, 375.8351745605469], [239.34373474121094, 75.57771301269531, 412.2286376953125, 362.5018310546875], [176.39295959472656, 64.9586181640625, 243.708984375, 140.963134765625], [0.0, 166.93438720703125, 19.145130157470703, 203.89682006835938], [85.91764068603516, 62.816165924072266, 347.8315124511719, 415.47967529296875], [265.2676086425781, 33.83434295654297, 281.58966064453125, 51.40212631225586], [245.25677490234375, 76.64363098144531, 405.7210998535156, 350.5867004394531], [169.8111572265625, 8.597171783447266, 266.79779052734375, 141.99205017089844], [90.7457275390625, 9.762714385986328, 280.900634765625, 206.86386108398438], [0.0, 162.728271484375, 120.06405639648438, 349.3548583984375], [95.6379623413086, 15.139692306518555, 294.8565368652344, 368.616943359375], [318.58026123046875, 160.07156372070312, 425.0, 348.6357727050781], [0.0, 67.16461181640625, 398.5889892578125, 379.3160095214844], [359.3804626464844, 85.33366394042969, 417.40057373046875, 205.8712615966797], [78.2829360961914, 141.33360290527344, 118.23655700683594, 192.59796142578125], [246.41522216796875, 199.51734924316406, 425.0, 355.4007873535156], [250.32191467285156, 