{"labels": [0, 0, 0, 0, 0, 0, 0, 0, 0, 56, 24, 24, 0, 0, 0, 0, 0, 38, 0, 0, 0, 0, 13, 0, 56, 0, 0, 0, 0, 0, 0, 56, 0, 56, 0, 0, 56, 0, 0, 26, 0, 0, 0, 0, 13, 13, 0, 0, 0, 0, 0, 0, 0, 0, 0, 56, 0, 0, 0, 0, 0, 56, 24, 13, 0, 0, 0, 56, 0, 0, 0, 13, 24, 56, 0, 56, 26, 0, 0, 0, 13, 0, 26, 0, 26, 0, 56, 0, 0, 35, 24, 0, 0, 13, 56, 13, 26, 35, 0, 32], "scores": [0.9993357062339783, 0.9901933073997498, 0.98143470287323, 0.9744668006896973, 0.9570213556289673, 0.9464262127876282, 0.928553581237793, 0.9195144176483154, 0.8953598737716675, 0.886253833770752, 0.8766289353370667, 0.8664121627807617, 0.8613952398300171, 0.8393658399581909, 0.8333308100700378, 0.8179858922958374, 0.7899131774902344, 0.7796940803527832, 0.7602806091308594, 0.7523655295372009, 0.7490077614784241, 0.7405233979225159, 0.7084795236587524, 0.6877708435058594, 0.6831516623497009, 0.6527201533317566, 0.6368563771247864, 0.6214300394058228, 0.6096839308738708, 0.5909452438354492, 0.539527952671051, 0.5034053325653076, 0.4999766945838928, 0.47388267517089844, 0.44477954506874084, 0.4408301115036011, 0.43743622303009033, 0.4282848834991455, 0.4252982437610626, 0.42345017194747925, 0.4201379418373108, 0.4052125811576843, 0.39832279086112976, 0.38211628794670105, 0.37670326232910156, 0.35599392652511597, 0.34348198771476746, 0.32754582166671753, 0.32752329111099243, 0.31097447872161865, 0.31015634536743164, 0.30981090664863586, 0.3065072000026703, 0.3029009699821472, 0.29936155676841736, 0.2974826693534851, 0.29510316252708435, 0.2939669191837311, 0.2938515245914459, 0.2845538854598999, 0.27817583084106445, 0.27288398146629333, 0.26833558082580566, 0.2632460594177246, 0.24881434440612793, 0.24034152925014496, 0.22990785539150238, 0.221034973859787, 0.20764343440532684, 0.20592162013053894, 0.17851847410202026, 0.16301105916500092, 0.16066111624240875, 0.15538401901721954, 0.14728206396102905, 0.14031757414340973, 0.13040126860141754, 0.12466713041067123, 0.11397577822208405, 0.10808432847261429, 0.0842944085597992, 0.08377156406641006, 0.08220725506544113, 0.08069945871829987, 0.0773138627409935, 0.07043520361185074, 0.07022225856781006, 0.0694977417588234, 0.061220597475767136, 0.058780647814273834, 0.05347852036356926, 0.052735503762960434, 0.051000628620386124, 0.048808421939611435, 0.041106853634119034, 0.03867194056510925, 0.03429938480257988, 0.03323296085000038, 0.03271563723683357, 0.022499563172459602], "bboxes": [[70.99334716796875, 155.4201202392578, 206.82064819335938, 423.31072998046875], [293.6270751953125, 264.79473876953125, 336.0749206542969, 339.0130920410156], [0.593575656414032, 262.501220703125, 55.869632720947266, 338.4897766113281], [145.25299072265625, 256.0320739746094, 190.67782592773438, 332.3906555175781], [257.85174560546875, 295.9911193847656, 285.746337890625, 338.65704345703125], [330.5085144042969, 272.8073425292969, 371.2938232421875, 335.7890625], [212.1182403564453, 274.3349914550781, 262.9617919921875, 338.4384765625], [190.9188690185547, 275.39471435546875, 212.44094848632812, 313.0145568847656], [165.99879455566406, 122.02864074707031, 177.67987060546875, 147.36463928222656], [335.4507141113281, 302.7128601074219, 363.57623291015625, 335.0035705566406], [29.58759880065918, 283.592529296875, 60.045684814453125, 329.2591552734375], [174.85301208496094, 294.3002014160156, 198.72731018066406, 331.2089538574219], [258.6241760253906, 274.4368591308594, 283.8359680175781, 309.0293884277344], [387.0384521484375, 297.8883056640625, 418.9039611816406, 333.81005859375], [48.397953033447266, 278.0719909667969, 72.44640350341797, 326.693359375], [368.0671081542969, 274.9886474609375, 387.9169921875, 310.7759704589844], [248.806640625, 273.27825927734375, 271.9949645996094, 308.919677734375], [97.47317504882812, 326.55462646484375, 130.65882873535156, 375.4178771972656], [0.0, 267.2018737792969, 10.987139701843262, 331.9464111328125], [151.68789672851562, 302.2364501953125, 196.56411743164062, 411.3092041015625], [375.54241943359375, 274.2874450683594, 397.38629150390625, 309.43499755859375], [51.446231842041016, 276.6753845214844, 72.64730834960938, 309.6166687011719], [364.5816650390625, 314.3460693359375, 395.44384765625, 337.5595397949219], [403.00006103515625, 272.9334411621094, 424.9423828125, 311.24761962890625], [335.80181884765625, 304.6122741699219, 362.25396728515625, 335.44610595703125], [390.8677673339844, 273.3865966796875, 411.3329162597656, 307.51336669921875], [321.2340087890625, 266.8567810058594, 341.7132263183594, 296.4261779785156], [247.839111328125, 273.2760925292969, 269.1883544921875, 308.6203308105469], [402.5373840332031, 275.10980224609375, 424.99462890625, 328.258544921875], [389.03857421875, 273.1139221191406, 407.0763854980469, 304.6885681152344], [211.3063201904297, 313.4406433105469, 232.1416778564453, 340.3755798339844], [182.2834014892578, 139.65972900390625, 198.18350219726562, 151.0443572998047], [145.3570098876953, 259.5308837890625, 190.2398681640625, 386.9722900390625], [176.78372192382812, 139.07106018066406, 192.6182861328125, 150.4115753173828], [357.5542297363281, 276.6492004394531, 374.9978942871094, 305.4078674316406], [53.13932418823242, 275.7004089355469, 74.25736236572266, 340.9130554199219], [188.8521270751953, 137.32493591308594, 208.46141052246094, 150.52149963378906], [412.2701721191406, 257.65277099609375, 425.0, 279.045166015625], [280.2375793457031, 278.0524597167969, 296.2469482421875, 309.4110107421875], [300.0082092285156, 291.9122619628906, 327.2235412597656, 321.5385437011719], [171.01036071777344, 267.5584716796875, 191.5194854736328, 302.3486022949219], [34.96303176879883, 260.0952453613281, 48.7136116027832, 281.7500915527344], [50.835384368896484, 262.5068054199219, 63.96980667114258, 281.7622375488281], [0.014337501488626003, 267.75567626953125, 12.58178997039795, 328.4026184082031], [281.23626708984375, 303.8208312988281, 303.25360107421875, 335.78240966796875], [281.1034240722656, 302.84814453125, 308.18682861328125, 336.7716979980469], [417.8839416503906, 278.1163024902344, 424.99969482421875, 325.5660400390625], [267.06463623046875, 259.2763671875, 285.9773864746094, 279.64361572265625], [0.0, 262.443603515625, 11.374095916748047, 296.42730712890625], [316.9502258300781, 268.9914245605469, 337.3154296875, 300.762939453125], [160.623046875, 265.4039611816406, 183.94981384277344, 300.61236572265625], [310.8822021484375, 260.3204345703125, 326.9489440917969, 281.73162841796875], [387.84906005859375, 259.6495361328125, 402.1961975097656, 279.0002746582031], [0.017718132585287094, 262.99639892578125, 17.571842193603516, 324.6665344238281], [202.7045135498047, 260.3421325683594, 218.71148681640625, 277.8830261230469], [203.15748596191406, 132.4788360595703, 228.00851440429688, 149.52723693847656], [58.71573257446289, 262.5168762207031, 70.8355484008789, 280.8962097167969], [339.00360107421875, 259.0140075683594, 356.272216796875, 273.9673156738281], [256.9078369140625, 129.3161163330078, 268.2727355957031, 148.6478271484375], [251.41888427734375, 257.6043701171875, 266.62890625, 276.2923583984375], [237.7957763671875, 270.2185363769531, 254.5741424560547, 299.8700256347656], [197.74459838867188, 135.8024139404297, 219.1851043701172, 150.52587890625], [235.60696411132812, 302.8424072265625, 270.2083740234375, 337.67724609375], [379.7933349609375, 315.4835205078125, 413.7293395996094, 336.21319580078125], [319.1919250488281, 259.506591796875, 335.3634948730469, 277.9788513183594], [251.42039489746094, 274.9978332519531, 273.30328369140625, 308.6068420410156], [63.88542556762695, 265.2316589355469, 83.40577697753906, 287.7168884277344], [172.8699951171875, 136.58477783203125, 186.86581420898438, 149.68698120117188], [192.68482971191406, 272.2242126464844, 211.13429260253906, 299.63299560546875], [371.18243408203125, 278.8124694824219, 390.19659423828125, 307.9654541015625], [145.54397583007812, 261.3446960449219, 178.41465759277344, 315.6590576171875], [167.0784149169922, 316.7506408691406, 