{"labels": [5, 5, 5, 5, 5, 0, 5, 5, 5, 5, 5, 5, 7, 5, 7, 5, 5, 5, 5, 7, 0, 0, 5, 0, 7, 5, 5, 0, 5, 7, 0, 5, 5, 5, 0, 0, 5, 5, 5, 0, 0, 5, 0, 5, 5, 0, 0, 0, 0, 0, 7, 0, 0, 5, 5, 5, 5, 0, 5, 5, 5, 5, 5, 5, 5, 0, 0, 5, 5, 5, 5, 5, 5, 5, 5, 5, 0, 5, 0, 0, 5, 0, 5, 0, 5, 5, 7, 2, 5, 5, 5, 5, 0, 7, 5, 7, 5, 5, 5, 5], "scores": [0.9986347556114197, 0.9977164268493652, 0.996707022190094, 0.34507855772972107, 0.31532782316207886, 0.12656427919864655, 0.12568943202495575, 0.08586806803941727, 0.07410905510187149, 0.06950722634792328, 0.0667748674750328, 0.054997675120830536, 0.05132535099983215, 0.048297446221113205, 0.04393519088625908, 0.032918792217969894, 0.030474096536636353, 0.029710104689002037, 0.029240276664495468, 0.021373329684138298, 0.020268850028514862, 0.017886796966195107, 0.017402054741978645, 0.014804194681346416, 0.01479488518089056, 0.014629396609961987, 0.012976780533790588, 0.012254340574145317, 0.011719089932739735, 0.011534727178514004, 0.011470050550997257, 0.011393925175070763, 0.010860277339816093, 0.010730882175266743, 0.010675599798560143, 0.010551344603300095, 0.010474205948412418, 0.010213394649326801, 0.009686102159321308, 0.009309685789048672, 0.008817586116492748, 0.007993388921022415, 0.007727664429694414, 0.007021151948720217, 0.006914943922311068, 0.006804542616009712, 0.006388298235833645, 0.006205637473613024, 0.006163060665130615, 0.005966503638774157, 0.005924816243350506, 0.005833921488374472, 0.005454003345221281, 0.005170558579266071, 0.004642666783183813, 0.004513808526098728, 0.0036740200594067574, 0.0036570068914443254, 0.0036511742509901524, 0.003473122837021947, 0.003238420933485031, 0.0028806866612285376, 0.0028045347426086664, 0.002608329989016056, 0.002540590474382043, 0.00246639596298337, 0.0023640787694603205, 0.002305909525603056, 0.0020816356409341097, 0.0019465755904093385, 0.0017360849305987358, 0.00168943265452981, 0.0016843900084495544, 0.0016164297703653574, 0.0015292840544134378, 0.0015002997824922204, 0.0014508445747196674, 0.0014301581541076303, 0.001403357833623886, 0.0013843901688233018, 0.0012451307848095894, 0.0011721305781975389, 0.0011707678204402328, 0.001033960608765483, 0.0010258691618219018, 0.000975216506049037, 0.0007896503666415811, 0.000687764142639935, 0.000649377703666687, 0.0005966763710603118, 0.0005845417035743594, 0.0005712421843782067, 0.000502758368384093, 0.0004744703765027225, 0.00046370329800993204, 0.0004133078909944743, 0.0003019902796950191, 0.0002923346764873713, 0.0002463987038936466, 0.00012195116141811013], "bboxes": [[164.09182739257812, 41.726951599121094, 425.0, 400.05517578125], [0.0, 130.42823791503906, 49.46141052246094, 322.1444396972656], [31.35679054260254, 103.97480773925781, 184.4522247314453, 349.2410583496094], [27.04051971435547, 204.89706420898438, 54.53382873535156, 319.1261291503906], [0.0, 206.0072784423828, 38.07819366455078, 320.8772888183594], [134.13003540039062, 228.06289672851562, 156.4879608154297, 256.4364013671875], [0.005543447099626064, 140.17173767089844, 2.6942803859710693, 323.8159484863281], [0.0, 209.2101287841797, 19.222341537475586, 321.7903747558594], [0.004435866139829159, 215.26287841796875, 4.194219589233398, 318.3118591308594], [0.0, 131.074462890625, 51.02042770385742, 234.25823974609375], [0.0, 126.7056884765625, 53.98233413696289, 316.04107666015625], [0.0036756100598722696, 217.27938842773438, 2.695643663406372, 320.54095458984375], [31.604379653930664, 104.52651977539062, 218.75, 347.9533996582031], [0.0, 133.20474243164062, 50.61583709716797, 225.67677307128906], [30.070775985717773, 104.11266326904297, 183.18331909179688, 347.2275085449219], [0.0, 130.22108459472656, 14.791051864624023, 322.8070983886719], [0.012293923646211624, 131.6238555908203, 50.27497482299805, 282.66180419921875], [1.3367080688476562, 217.70091247558594, 38.86688995361328, 318.2455139160156], [0.14034388959407806, 211.3858642578125, 40.624717712402344, 312.717529296875], [30.063867568969727, 103.79439544677734, 184.77920532226562, 348.56170654296875], [182.079833984375, 240.43331909179688, 202.45233154296875, 257.71142578125], [181.7904052734375, 240.73666381835938, 201.23345947265625, 257.741455078125], [0.0, 229.21437072753906, 6.251420021057129, 314.22735595703125], [64.81558227539062, 230.97039794921875, 84.9139404296875, 252.33154296875], [164.79132080078125, 41.07464599609375, 425.0, 397.8231201171875], [0.0, 142.88368225097656, 2.1347084045410156, 197.00003051757812], [0.0833406075835228, 130.9239959716797, 43.99143600463867, 199.6521759033203], [140.58871459960938, 229.81117248535156, 159.96424865722656, 254.99038696289062], [422.01898193359375, 58.15815734863281, 425.0, 401.4289855957031], [0.0, 128.61085510253906, 49.694114685058594, 323.7514343261719], [90.12803649902344, 231.40431213378906, 110.53582763671875, 253.6549072265625], [32.411258697509766, 131.2236785888672, 89.46163177490234, 334.2681884765625], [168.51254272460938, 43.42030715942383, 424.50982666015625, 373.3759765625], [0.0, 148.2154083251953, 10.510390281677246, 229.72447204589844], [134.11863708496094, 229.9621124267578, 150.6066131591797, 254.13058471679688], [122.86286926269531, 224.90225219726562, 155.62242126464844, 258.7220458984375], [0.05779489874839783, 116.7019271850586, 49.380130767822266, 313.8023376464844], [31.67141342163086, 41.622535705566406, 423.7522888183594, 397.1018981933594], [0.0, 135.9096221923828, 45.46567153930664, 321.9098815917969], [35.721126556396484, 225.75436401367188, 54.277252197265625, 257.90093994140625], [31.40546226501465, 232.60963439941406, 48.39220428466797, 266.7619323730469], [421.4546203613281, 99.62891387939453, 425.0, 265.28692626953125], [195.80642700195312, 238.1064453125, 216.5494384765625, 258.72186279296875], [27.53989028930664, 102.53221130371094, 222.72962951660156, 348.16912841796875], [33.72705841064453, 208.36451721191406, 58.57976531982422, 264.1426696777344], [261.8420104980469, 233.9088134765625, 282.70709228515625, 260.0703125], [349.47998046875, 237.02391052246094, 369.2562255859375, 261.666748046875], [350.7275695800781, 238.34085083007812, 367.6033630371094, 260.52520751953125], [345.02972412109375, 237.66778564453125, 364.4072570800781, 260.7950439453125], [347.26141357421875, 237.9128875732422, 364.97064208984375, 260.41546630859375], [33.9613037109375, 104.05783081054688, 182.3230743408203, 343.1636047363281], [352.8502502441406, 238.78379821777344, 369.1030578613281, 260.8973388671875], [242.6490020751953, 232.71055603027344, 273.49560546875, 261.0259704589844], [419.7811279296875, 157.1024627685547, 425.0, 322.9337158203125], [0.0, 200.1157989501953, 31.52593994140625, 324.4677429199219], [29.73829460144043, 186.46560668945312, 156.29843139648438, 341.1977233886719], [169.9806671142578, 43.028751373291016, 425.0, 339.96832275390625], [187.76194763183594, 306.3911437988281, 215.9127197265625, 346.1555480957031], [420.3578796386719, 87.92549896240234, 425.0, 215.5722198486328], [423.98443603515625, 148.47764587402344, 424.9996337890625, 257.04559326171875], [28.802871704101562, 198.82949829101562, 168.6441650390625, 344.62841796875], [169.18357849121094, 126.28873443603516, 220.19793701171875, 323.8480529785156], [171.391357421875, 41.661773681640625, 424.55230712890625, 321.4611511230469], [2.104491710662842, 42.631507873535156, 425.0, 343.4413757324219], [169.39093017578125, 184.21791076660156, 220.7042236328125, 322.6553039550781], [423.753173828125, 227.55526733398438, 424.9999084472656, 320.1669921875], [353.7542419433594, 240.4799041748047, 374.0845947265625, 269.7957458496094], [38.46199417114258, 106.20455169677734, 184.14898681640625, 260.04736328125], [172.71949768066406, 232.65933227539062, 222.61001586914062, 312.27337646484375], [178.3258514404297, 45.015750885009766, 425.0, 291.42779541015625], [41.4781608581543, 107.881103515625, 182.4557342529297, 273.8083190917969], [33.376502990722656, 214.13433837890625, 221.8316650390625, 346.4040222167969], [176.3964385986328, 43.87468719482422, 