{"labels": [0, 27, 67, 27, 63, 0, 27, 0, 0, 27, 63, 38, 38, 27, 27, 63, 39, 67, 67, 34, 27, 0, 67, 38, 0, 67, 63, 0, 27, 67, 67, 27, 63, 27, 0, 34, 63, 63, 38, 67, 27, 0, 27, 67, 0, 27, 0, 27, 27, 27, 67, 0, 67, 0, 27, 27, 27, 34, 27, 38, 0, 0, 67, 38, 38, 63, 27, 27, 27, 27, 27, 63, 63, 63, 27, 27, 56, 67, 27, 38, 0, 27, 27, 27, 63, 0, 27, 38, 38, 27, 14, 27, 0, 27, 0, 62, 14, 27, 74, 27], "scores": [0.999014139175415, 0.9898439645767212, 0.18992789089679718, 0.12776736915111542, 0.07438081502914429, 0.06693568080663681, 0.03532646968960762, 0.017287081107497215, 0.01596713811159134, 0.012608365155756474, 0.011851857416331768, 0.010310365818440914, 0.010116011835634708, 0.010056519880890846, 0.009816964156925678, 0.009038148447871208, 0.007932406850159168, 0.007891014218330383, 0.007185174617916346, 0.006981608457863331, 0.006945016793906689, 0.006728933192789555, 0.0061538866721093655, 0.00565985357388854, 0.005460219457745552, 0.005234865937381983, 0.004360560327768326, 0.00431901914998889, 0.004199303686618805, 0.00409063370898366, 0.00387128465808928, 0.0034949155524373055, 0.0034432443790137768, 0.0033366200514137745, 0.0031586578115820885, 0.0031063479837030172, 0.003098574699833989, 0.003067819867283106, 0.0030173759441822767, 0.003006076905876398, 0.0029798997566103935, 0.0029711145907640457, 0.0026632610242813826, 0.002605434274300933, 0.002480535302311182, 0.002271408447995782, 0.002248060889542103, 0.0022445376962423325, 0.0021304201800376177, 0.0020740493200719357, 0.002008207840844989, 0.0019356852862983942, 0.0019067985704168677, 0.0018920699367299676, 0.0018883872544392943, 0.001630517072044313, 0.0016180361853912473, 0.0015918120043352246, 0.0015687723644077778, 0.0015326759312301874, 0.00152091053314507, 0.0014701851177960634, 0.0014333397848531604, 0.00138821080327034, 0.001137132872827351, 0.001116502215154469, 0.0011140060378238559, 0.0011031993199139833, 0.0010603745467960835, 0.0010590704623609781, 0.0010456247255206108, 0.0010131511371582747, 0.0009546070359647274, 0.0009493876132182777, 0.0008950232295319438, 0.0008538973052054644, 0.0008049568277783692, 0.0007883859216235578, 0.0007420190377160907, 0.0007107383571565151, 0.0006621087086386979, 0.0006081091123633087, 0.0005888317245990038, 0.0005241893231868744, 0.0005207695649005473, 0.00045155914267525077, 0.0003883212630171329, 0.0003798635443672538, 0.0003604064986575395, 0.0003529120294842869, 0.0003143252688460052, 0.0003049024089705199, 0.0002813178871292621, 0.0002793234307318926, 0.00025311196804977953, 0.0002417710784357041, 0.00022763281594961882, 0.00020442613458726555, 0.00011488026211736724, 6.78282740409486e-05], "bboxes": [[42.98966598510742, 57.79855728149414, 307.7130126953125, 420.77301025390625], [182.6008758544922, 215.30075073242188, 206.64651489257812, 278.7948913574219], [354.0022277832031, 267.30859375, 424.5413513183594, 339.26025390625], [181.44253540039062, 217.28733825683594, 218.99285888671875, 401.6235046386719], [162.04966735839844, 350.2099609375, 425.0, 424.5502624511719], [41.90195846557617, 56.87002944946289, 424.8367614746094, 422.5964050292969], [181.005126953125, 217.3307647705078, 220.2637481689453, 403.87652587890625], [41.67151641845703, 55.770442962646484, 424.60528564453125, 421.63336181640625], [46.76108932495117, 56.15507125854492, 425.0, 422.0170593261719], [195.88851928710938, 357.8274230957031, 220.70765686035156, 405.4212951660156], [159.91738891601562, 348.65606689453125, 425.0, 425.0], [354.23138427734375, 231.8437042236328, 424.78729248046875, 349.62158203125], [353.8461608886719, 268.88201904296875, 424.9432373046875, 340.8426513671875], [180.5221710205078, 218.8538055419922, 222.8625946044922, 404.6152648925781], [192.93679809570312, 354.07781982421875, 219.85482788085938, 406.18133544921875], [96.03231048583984, 339.008056640625, 421.04571533203125, 424.2541809082031], [353.727783203125, 230.12203979492188, 424.85003662109375, 340.61346435546875], [353.8244323730469, 224.87496948242188, 424.84674072265625, 337.1462097167969], [355.5182189941406, 270.9792175292969, 424.7718811035156, 325.8040466308594], [353.81884765625, 202.41693115234375, 424.7582702636719, 341.8994445800781], [194.07568359375, 311.65283203125, 226.5203857421875, 407.8094177246094], [416.8689270019531, 92.52410125732422, 425.0, 347.435546875], [356.13116455078125, 270.4103698730469, 424.7772521972656, 322.2530517578125], [354.2738342285156, 242.44810485839844, 425.0, 348.365234375], [420.6836853027344, 82.01329040527344, 425.0, 346.9053649902344], [356.5545349121094, 271.52899169921875, 424.7504577636719, 327.71820068359375], [165.56027221679688, 354.3325500488281, 420.46527099609375, 424.2303466796875], [6.740445613861084, 54.98189926147461, 424.6783752441406, 423.64813232421875], [183.867431640625, 212.28213500976562, 214.1761474609375, 282.9129638671875], [348.2042541503906, 266.9224853515625, 424.97314453125, 409.365478515625], [354.27899169921875, 256.05328369140625, 424.8175048828125, 334.0325012207031], [146.65252685546875, 201.6395263671875, 208.97999572753906, 314.7955322265625], [54.98249435424805, 345.2337646484375, 423.7685852050781, 424.7856140136719], [122.14937591552734, 214.91465759277344, 226.6284942626953, 407.0560302734375], [13.604447364807129, 54.152984619140625, 420.2793884277344, 423.1164855957031], [353.32373046875, 123.1685562133789, 424.8481750488281, 339.80438232421875], [145.3952178955078, 281.8966979980469, 425.0, 424.7699890136719], [0.11347457766532898, 344.4852600097656, 425.0, 424.7967834472656], [355.04571533203125, 207.29661560058594, 425.0, 361.8474426269531], [351.6829833984375, 244.60305786132812, 424.65252685546875, 326.3426513671875], [185.49732971191406, 212.05934143066406, 210.87298583984375, 272.6768493652344], [19.311437606811523, 52.79853439331055, 411.5444641113281, 423.0320129394531], [199.73971557617188, 242.7037353515625, 214.82785034179688, 275.98065185546875], [414.43048095703125, 268.11883544921875, 424.9987487792969, 340.88702392578125], [39.23246383666992, 56.754817962646484, 311.3975830078125, 327.2210693359375], [195.29246520996094, 243.47679138183594, 208.7696990966797, 272.2505187988281], [421.9541931152344, 237.4761962890625, 424.99896240234375, 345.3017272949219], [184.5264434814453, 214.095458984375, 214.5674591064453, 287.92767333984375], [199.04652404785156, 243.8919219970703, 212.37820434570312, 272.52716064453125], [180.52342224121094, 207.50379943847656, 228.68405151367188, 313.14263916015625], [417.9964294433594, 311.8197021484375, 425.0, 347.6112976074219], [415.8834533691406, 229.34039306640625, 424.999267578125, 347.04864501953125], [414.8490905761719, 301.8164978027344, 424.97015380859375, 342.50164794921875], [412.1715087890625, 207.2208709716797, 425.0, 342.1017150878906], [111.33299255371094, 201.18182373046875, 224.4047088623047, 405.63726806640625], [173.15036010742188, 210.56866455078125, 204.16131591796875, 315.32073974609375], [185.75027465820312, 223.37716674804688, 202.1951141357422, 263.798828125], [354.3065490722656, 86.13101196289062, 424.9124450683594, 333.62274169921875], [188.78646850585938, 231.0346221923828, 207.7729034423828, 277.4166564941406], [413.0484619140625, 246.41786193847656, 424.97283935546875, 348.7064208984375], [421.8019104003906, 139.66761779785156, 425.0, 255.7260284423828], [420.08416748046875, 304.4814758300781, 425.0, 404.7135925292969], [415.7090759277344, 312.18896484375, 424.9813537597656, 346.425537109375], [189.8505401611328, 243.0847625732422, 424.9192810058594, 336.3580627441406], [353.314453125, 187.67796325683594, 425.0, 404.60614013671875], [176.01101684570312, 353.38494873046875, 408.3122253417969, 423.7104797363281], [174.1470947265625, 208.34231567382812, 214.70106506347656, 326.4964904785156], [201.82484436035156, 266.8131103515625, 216.2954864501953, 287.7457580566406], [203.9332733154297, 248.00619506835938, 217.17112731933594, 274.9300842285156], [180.3761749267578, 211.63409423828125, 211.34739685058594, 280.93603515625], 