{"labels": [0, 17, 0, 0, 0, 0, 0, 0, 0, 0, 0, 0, 0, 0, 0, 0, 0, 0, 0, 0, 0, 0, 0, 0, 0, 0, 0, 0, 0, 0, 0, 0, 0, 0, 0, 0, 0, 0, 0, 0, 0, 0, 0, 0, 0, 0, 0, 0, 0, 0, 0, 0, 0, 0, 0, 0, 0, 17, 0, 0, 0, 17, 0, 0, 0, 0, 0, 0, 0, 17, 0, 0, 0, 0, 2, 17, 0, 0, 17, 17, 0, 17, 0, 17, 17, 0, 17, 17, 17, 17, 17, 17, 17, 0, 0, 17, 0, 17, 17, 0], "scores": [0.9995291233062744, 0.9984225034713745, 0.9025330543518066, 0.8890701532363892, 0.8208929300308228, 0.6888648867607117, 0.5988312363624573, 0.5604719519615173, 0.42759254574775696, 0.39751875400543213, 0.35246390104293823, 0.29518046975135803, 0.2714739441871643, 0.2568530738353729, 0.22358252108097076, 0.22150085866451263, 0.2161969244480133, 0.18656770884990692, 0.1828666776418686, 0.17593249678611755, 0.17457078397274017, 0.1723005473613739, 0.16257938742637634, 0.15232734382152557, 0.13915300369262695, 0.13064348697662354, 0.12518291175365448, 0.12465059012174606, 0.12205733358860016, 0.12161530554294586, 0.11956287920475006, 0.10226874053478241, 0.1011439636349678, 0.09525808691978455, 0.09518507868051529, 0.09466865658760071, 0.09365922957658768, 0.09106343984603882, 0.0848713219165802, 0.07981756329536438, 0.07383095473051071, 0.07189419120550156, 0.06161431968212128, 0.05998634919524193, 0.05981409549713135, 0.055740490555763245, 0.05502263084053993, 0.04979344829916954, 0.04961918294429779, 0.04751026630401611, 0.0430559404194355, 0.04097165912389755, 0.03805035352706909, 0.03780706599354744, 0.03754723072052002, 0.03580620139837265, 0.03517060726881027, 0.03181605413556099, 0.02977640926837921, 0.028864895924925804, 0.025987695902585983, 0.02415098436176777, 0.02284780703485012, 0.02056727558374405, 0.016954204067587852, 0.015111616812646389, 0.014383372850716114, 0.012867109850049019, 0.010447779670357704, 0.010047052055597305, 0.008299330249428749, 0.007469870615750551, 0.007450733799487352, 0.0073404498398303986, 0.007162202149629593, 0.002314140321686864, 0.0022213172633200884, 0.002031932817772031, 0.001957429340109229, 0.0015398107934743166, 0.00126547715626657, 0.001016078982502222, 0.0007775099365971982, 0.0007185720023699105, 0.0007029658881947398, 0.0006960925529710948, 0.0006368538015522063, 0.0006304895505309105, 0.0004898961051367223, 0.00032640009885653853, 0.00027040147688239813, 0.00026337869348935783, 0.00023271288955584168, 0.0002284153742948547, 0.0002282830246258527, 0.00021705236576963216, 0.0002012505428865552, 0.00015773352060932666, 0.0001569879677845165, 5.130913996254094e-05], "bboxes": [[2.1024208068847656, 153.35696411132812, 160.88568115234375, 423.62615966796875], [134.01693725585938, 133.1041717529297, 332.103759765625, 424.4408264160156], [0.0, 150.2635955810547, 29.4531307220459, 236.11061096191406], [118.17881774902344, 225.58140563964844, 149.4876251220703, 303.2995910644531], [0.0, 149.87657165527344, 29.226198196411133, 319.0312194824219], [113.34857940673828, 221.62013244628906, 157.38229370117188, 383.87481689453125], [0.0, 148.71817016601562, 28.669771194458008, 378.1456604003906], [105.6148910522461, 218.0473175048828, 145.27769470214844, 304.67279052734375], [0.0, 235.18438720703125, 9.022956848144531, 356.3563232421875], [0.014688586816191673, 231.16244506835938, 18.020715713500977, 381.2770080566406], [117.6218032836914, 226.05918884277344, 162.9534454345703, 385.4123229980469], [118.78036499023438, 227.74989318847656, 140.92697143554688, 257.7140808105469], [0.004223315045237541, 249.044189453125, 4.772037029266357, 328.6901550292969], [0.0, 227.4270782470703, 10.10837459564209, 351.17706298828125], [0.0, 264.11737060546875, 16.058385848999023, 346.761474609375], [0.0043432461097836494, 244.68629455566406, 9.298880577087402, 327.61944580078125], [0.0075228046625852585, 219.2904510498047, 15.425883293151855, 389.0345153808594], [0.02372339367866516, 148.0496063232422, 29.674942016601562, 334.063720703125], [122.77493286132812, 226.755615234375, 143.4899444580078, 257.824462890625], [109.84027099609375, 224.19189453125, 130.7597198486328, 252.67420959472656], [0.0, 148.39564514160156, 30.45308494567871, 345.9622802734375], [109.49512481689453, 220.1748046875, 164.38143920898438, 408.6694641113281], [0.0, 280.8127746582031, 13.957053184509277, 347.7417297363281], [0.0, 237.44277954101562, 6.070637226104736, 384.39532470703125], [0.0, 205.49676513671875, 14.594425201416016, 405.4258117675781], [0.0, 221.93914794921875, 18.773605346679688, 334.8822021484375], [120.90021514892578, 261.54132080078125, 139.11441040039062, 304.45037841796875], [109.10323333740234, 220.3903350830078, 129.3795928955078, 246.21372985839844], [0.0, 124.58199310302734, 7.3086323738098145, 383.8035888671875], [0.0200771726667881, 176.29666137695312, 13.481715202331543, 380.10784912109375], [0.04336675629019737, 304.3824157714844, 20.909770965576172, 380.6268310546875], [0.018533900380134583, 214.0260772705078, 9.379838943481445, 386.899658203125], [0.0029341550543904305, 223.0256805419922, 7.008808135986328, 350.3025207519531], [0.0, 235.0366668701172, 6.6706671714782715, 288.6859130859375], [104.83555603027344, 219.11782836914062, 131.92550659179688, 259.3760986328125], [106.70916748046875, 217.07852172851562, 153.31735229492188, 350.057861328125], [112.66687774658203, 222.3119354248047, 139.84751892089844, 266.2158508300781], [0.004226085729897022, 256.9313049316406, 5.265501022338867, 315.10040283203125], [109.79413604736328, 217.90548706054688, 136.57948303222656, 248.64102172851562], [125.59809112548828, 225.74801635742188, 143.0325927734375, 252.23558044433594], [110.87638854980469, 221.68328857421875, 150.310546875, 384.1072998046875], [128.45327758789062, 228.19424438476562, 149.8309783935547, 294.4195251464844], [9.746872819960117e-05, 186.68307495117188, 2.020110845565796, 279.1932678222656], [121.26907348632812, 253.9467315673828, 140.824951171875, 302.6241455078125], [0.0, 264.7760925292969, 36.57448959350586, 356.13189697265625], [123.73052978515625, 252.6751708984375, 156.0142059326172, 374.7304992675781], [0.007143220864236355, 226.81263732910156, 7.847820281982422, 323.74359130859375], [0.004709174390882254, 237.28318786621094, 5.055704593658447, 279.23724365234375], [0.0013558543287217617, 156.70472717285156, 4.012866497039795, 323.9808349609375], [0.0, 211.16342163085938, 19.495532989501953, 388.9727478027344], [125.0701675415039, 277.82366943359375, 147.22866821289062, 372.71026611328125], [102.57080078125, 219.63973999023438, 120.0308837890625, 242.6208038330078], [131.63108825683594, 297.08233642578125, 162.30421447753906, 386.06951904296875], [128.5078125, 228.26446533203125, 145.64349365234375, 281.75030517578125], [124.19268798828125, 224.85609436035156, 149.2260284423828, 298.7815856933594], [126.20094299316406, 225.75341796875, 159.6637420654297, 382.09698486328125], [0.0, 323.06707763671875, 16.40605926513672, 377.45745849609375], [0.0, 134.2880401611328, 331.48602294921875, 425.0], [0.0, 236.848876953125, 20.186691284179688, 381.8245849609375], [130.55783081054688, 262.9737854003906, 147.92764282226562, 306.16802978515625], [0.0, 156.9079132080078, 14.59964656829834, 210.28636169433594], [0.0, 133.01217651367188, 328.2587890625, 422.9192810058594], [0.016668833792209625, 296.4085388183594, 9.261089324951172, 380.6216735839844], [0.6235591769218445, 227.01979064941406, 144.60781860351562, 350.070556640625], [126.51110076904297, 295.7656555175781, 161.48648071289062, 417.4633483886719], [134.24325561523438, 316.7853698730469, 157.55087280273438, 379.49957275390625], [365.9754333496094, 237.5842742919922, 366.913330078125, 333.9640197753906], [0.03291573375463486, 216.295166015625, 31.55263328552246, 236.09048461914062], [110.61487579345703, 207.29812622070312, 194.54368591308594, 417.2076721191406], [6.0738725662231445, 139.8772430419922, 297.6832275390625, 414.57891845703125], [145.15536499023438, 363.2581481933594, 162.9026336669922, 388.56732177734375], [129.03990173339844, 315.3370361328125, 152.7470245361328, 392.9830322265625], [421.4706115722656, 