{"labels": [61, 71, 39, 71, 71, 71, 71, 71, 71, 71, 71, 71, 61, 71, 71, 71, 71, 71, 71, 61, 71, 71, 71, 71, 61, 71, 71, 71, 71, 71, 71, 71, 71, 39, 71, 71, 71, 71, 45, 39, 71, 61, 45, 39, 61, 39, 45, 71, 45, 71, 61, 71, 39, 61, 71, 71, 71, 61, 71, 71, 71, 71, 71, 71, 71, 71, 61, 61, 71, 71, 71, 71, 61, 71, 71, 61, 61, 71, 71, 71, 71, 39, 71, 61, 61, 61, 61, 71, 61, 61, 61, 71, 61, 71, 71, 14, 71, 71, 14, 61], "scores": [0.9959081411361694, 0.989772617816925, 0.9786202907562256, 0.8759500980377197, 0.05689786374568939, 0.05096077173948288, 0.04836076498031616, 0.041013773530721664, 0.040930263698101044, 0.04058064520359039, 0.03923359140753746, 0.0377323217689991, 0.036481715738773346, 0.036404021084308624, 0.03362180292606354, 0.031599972397089005, 0.030978407710790634, 0.030264584347605705, 0.02791174128651619, 0.0277431458234787, 0.026417408138513565, 0.026377350091934204, 0.02463061548769474, 0.024600110948085785, 0.023973805829882622, 0.023119380697607994, 0.022809291258454323, 0.02247081696987152, 0.022181157022714615, 0.021518031135201454, 0.02018352411687374, 0.019886735826730728, 0.015259374864399433, 0.014056151732802391, 0.014050780795514584, 0.012524002231657505, 0.011784084141254425, 0.010976300574839115, 0.010446188971400261, 0.010328888893127441, 0.009938591159880161, 0.009743941947817802, 0.009510098025202751, 0.009465541690587997, 0.008762115612626076, 0.008670727722346783, 0.008412698283791542, 0.007564730942249298, 0.007410623133182526, 0.0073816184885799885, 0.007351452950388193, 0.0070114764384925365, 0.006720214616507292, 0.006571876350790262, 0.006139746867120266, 0.005918598733842373, 0.004953215830028057, 0.0045660086907446384, 0.004525769967585802, 0.003961622714996338, 0.0035663782618939877, 0.0035333374980837107, 0.0035245998296886683, 0.0035159755498170853, 0.0032932935282588005, 0.0032538603991270065, 0.0024520496372133493, 0.0023509154561907053, 0.0023162350989878178, 0.0022533617448061705, 0.0021856878884136677, 0.0021518338471651077, 0.002016810467466712, 0.0019014200661331415, 0.0018728900467976928, 0.0017720821779221296, 0.0015350952744483948, 0.0014982830034568906, 0.0014024042757228017, 0.0013385569909587502, 0.00126715621445328, 0.0011724366340786219, 0.0011696668807417154, 0.000986892613582313, 0.000965421088039875, 0.0008352060103788972, 0.0008232854306697845, 0.0006932798423804343, 0.0006861511501483619, 0.0006821905262768269, 0.0006461605662479997, 0.0006242411327548325, 0.0006174793816171587, 0.0004849738616030663, 0.0004062773077748716, 0.0004006017989013344, 0.0003205000248271972, 0.00026801315834745765, 0.0002464580175001174, 0.0002053555508609861], "bboxes": [[103.43814086914062, 186.94041442871094, 239.2318878173828, 380.46783447265625], [226.40350341796875, 132.83355712890625, 285.26605224609375, 156.21481323242188], [255.78614807128906, 110.3768081665039, 266.121826171875, 133.31307983398438], [165.7722625732422, 107.21919250488281, 328.034912109375, 184.9824676513672], [160.4493408203125, 101.63813781738281, 326.9339904785156, 182.0709228515625], [163.1142120361328, 108.61344146728516, 329.01898193359375, 196.056640625], [420.88970947265625, 116.03862762451172, 425.0, 133.8738555908203], [174.64564514160156, 106.72988891601562, 325.3605041503906, 159.11952209472656], [197.1214141845703, 112.53619384765625, 323.9905700683594, 165.18060302734375], [159.64926147460938, 101.23870849609375, 325.7425842285156, 168.50167846679688], [420.4706726074219, 116.56207275390625, 425.0, 133.83319091796875], [167.51351928710938, 112.33779907226562, 321.37786865234375, 174.136962890625], [59.12853240966797, 185.093017578125, 241.99659729003906, 383.2575988769531], [165.0721893310547, 115.88599395751953, 326.550048828125, 193.66915893554688], [162.64828491210938, 103.44102478027344, 327.07293701171875, 185.4894256591797], [166.7245635986328, 115.5109634399414, 320.9192810058594, 174.35800170898438], [172.8199920654297, 125.7925033569336, 300.4374694824219, 166.70249938964844], [421.6297607421875, 115.75419616699219, 425.0, 134.31214904785156], [202.98794555664062, 118.36868286132812, 296.5958251953125, 163.8670654296875], [143.31398010253906, 277.001220703125, 237.35159301757812, 379.3330993652344], [241.63360595703125, 111.84514617919922, 322.38189697265625, 155.4473419189453], [422.0412292480469, 110.68705749511719, 425.0, 136.3713836669922], [170.48239135742188, 114.47496032714844, 323.557373046875, 169.40341186523438], [161.8881378173828, 118.12992858886719, 324.1429138183594, 292.525634765625], [57.697654724121094, 183.4418487548828, 241.70333862304688, 411.1600646972656], [419.8772888183594, 108.86748504638672, 425.0, 135.8603973388672], [165.18650817871094, 126.92620086669922, 312.1142272949219, 186.55349731445312], [161.4164581298828, 117.81300354003906, 322.48895263671875, 209.04917907714844], [157.97242736816406, 101.36060333251953, 328.06719970703125, 272.4814147949219], [421.924560546875, 113.79788970947266, 425.0, 133.58132934570312], [420.9005126953125, 111.26432800292969, 425.0, 141.7787322998047], [420.0177917480469, 116.10301208496094, 425.0, 134.79965209960938], [0.11652708053588867, 384.40313720703125, 88.10516357421875, 424.8841247558594], [254.97923278808594, 110.83837127685547, 264.3944091796875, 132.0029754638672], [186.41891479492188, 135.78860473632812, 282.1273193359375, 164.81546020507812], [421.2654113769531, 86.23381805419922, 425.0, 134.0662078857422], [64.86873626708984, 102.19929504394531, 326.1704406738281, 378.4159851074219], [210.9968719482422, 128.38540649414062, 286.75836181640625, 161.35284423828125], [228.81594848632812, 134.73025512695312, 284.75726318359375, 154.92916870117188], [257.5094299316406, 110.69728088378906, 267.1337585449219, 132.13050842285156], [231.38343811035156, 136.98828125, 282.2156066894531, 152.8795623779297], [57.5765380859375, 184.6374053955078, 240.3756561279297, 380.6234130859375], [228.06149291992188, 138.01622009277344, 280.2508544921875, 153.6791229248047], [256.92413330078125, 110.7971420288086, 265.9100646972656, 130.69715881347656], [56.55409240722656, 186.6510467529297, 240.21142578125, 423.0144958496094], [254.73731994628906, 111.19056701660156, 264.0863342285156, 131.55384826660156], [225.3400115966797, 134.42678833007812, 284.4769287109375, 156.1077117919922], [186.4796142578125, 123.91323852539062, 269.6706237792969, 160.59112548828125], [229.35987854003906, 135.9164276123047, 279.89434814453125, 151.51744079589844], [0.2846110463142395, 356.1189880371094, 83.73634338378906, 424.72979736328125], [115.94715118408203, 214.68930053710938, 238.76742553710938, 380.0707702636719], [276.2528076171875, 111.23077392578125, 325.01513671875, 149.20887756347656], [256.8839111328125, 110.93914031982422, 266.66632080078125, 131.93719482421875], [117.95567321777344, 212.91143798828125, 236.5291748046875, 342.4632568359375], [420.58209228515625, 115.59712982177734, 425.0, 170.475830078125], [420.7650451660156, 60.58066940307617, 425.0, 129.61264038085938], [408.2471923828125, 109.63716888427734, 425.0, 134.10292053222656], [122.49895477294922, 278.0271911621094, 237.80836486816406, 378.9646301269531], [221.82965087890625, 134.16188049316406, 251.1067352294922, 152.0601348876953], [275.3146057128906, 130.62069702148438, 304.2749938964844, 154.08004760742188], [0.28497204184532166, 315.5765380859375, 93.40459442138672, 424.13995361328125], [229.469482421875, 128.41390991210938, 263.1263122558594, 147.67576599121094], [420.2644348144531, 53.308380126953125, 425.0, 169.09426879882812], [0.2112559974193573, 365.3556213378906, 111.39904022216797, 424.92901611328125], [258.2547302246094, 131.7583465576172, 288.46820068359375, 149.04466247558594], [98.85455322265625, 117.14381408691406, 324.6838684082031, 376.9184875488281], [125.23502349853516, 259.94866943359375, 240.40817260742188, 380.8535461425781], [92.79772186279297, 186.73623657226562, 234.4221649169922, 328.1357116699219], [0.7369577884674072, 341.15545654296875, 154.49658203125, 424.4673156738281], 