{"labels": [6, 8, 8, 8, 0, 0, 8, 0, 8, 8, 6, 8, 6, 8, 8, 8, 8, 8, 8, 8, 0, 8, 8, 8, 8, 8, 8, 0, 8, 8, 8, 8, 8, 0, 0, 0, 8, 8, 0, 6, 6, 0, 8, 6, 6, 8, 8, 6, 0, 6, 5, 8, 6, 0, 8, 6, 5, 5, 8, 6, 8, 8, 2, 6, 0, 0, 8, 0, 0, 0, 5, 8, 0, 6, 8, 2, 6, 8, 8, 8, 0, 0, 8, 6, 8, 6, 6, 8, 8, 8, 14, 7, 14, 0, 6, 8, 28, 6, 6, 8], "scores": [0.9880572557449341, 0.9781524538993835, 0.9756456613540649, 0.9506180286407471, 0.918761134147644, 0.8584278225898743, 0.8408902883529663, 0.5949680209159851, 0.4947355389595032, 0.4289516806602478, 0.4136415123939514, 0.4109509587287903, 0.2710484266281128, 0.2044283002614975, 0.17133162915706635, 0.14742855727672577, 0.14668740332126617, 0.138808012008667, 0.13674306869506836, 0.1267196536064148, 0.12445404380559921, 0.12419788539409637, 0.11451629549264908, 0.11380217224359512, 0.10722383111715317, 0.10627961158752441, 0.10192020982503891, 0.09354036301374435, 0.08842640370130539, 0.07772471755743027, 0.07632250338792801, 0.07331062108278275, 0.06875567883253098, 0.06751614063978195, 0.056072335690259933, 0.05559840425848961, 0.053596869111061096, 0.05106280744075775, 0.04735438898205757, 0.04679882526397705, 0.04544796049594879, 0.045161232352256775, 0.04513708874583244, 0.04230191186070442, 0.04209841042757034, 0.041255973279476166, 0.039929334074258804, 0.03964415565133095, 0.0393255241215229, 0.03713322430849075, 0.03684061020612717, 0.030676327645778656, 0.030414316803216934, 0.029655326157808304, 0.02924218215048313, 0.02884014882147312, 0.02857552282512188, 0.02813619375228882, 0.027447814121842384, 0.02725994773209095, 0.026828331872820854, 0.0255964957177639, 0.025445176288485527, 0.025285108014941216, 0.024874087423086166, 0.024862634018063545, 0.02439863607287407, 0.022588364779949188, 0.0220944881439209, 0.01985706202685833, 0.019693410024046898, 0.017810028046369553, 0.016908645629882812, 0.015596656128764153, 0.015431951731443405, 0.015014857985079288, 0.014316518791019917, 0.014122039079666138, 0.01309072133153677, 0.012261532247066498, 0.012069578282535076, 0.011328612454235554, 0.011114275082945824, 0.010811738669872284, 0.009677411057054996, 0.009656050242483616, 0.008780102245509624, 0.008634835481643677, 0.00848102755844593, 0.007989105768501759, 0.007111739367246628, 0.006941677071154118, 0.006851290352642536, 0.006467733066529036, 0.006337120197713375, 0.004796878434717655, 0.004646813962608576, 0.0034616291522979736, 0.0014419531216844916, 0.0013166931457817554], "bboxes": [[0.0, 139.85389709472656, 270.7569580078125, 242.1985321044922], [277.4678039550781, 232.11302185058594, 425.0, 313.6788024902344], [0.0, 286.00909423828125, 164.9956817626953, 424.2742919921875], [299.1717529296875, 311.5107116699219, 425.0, 424.4435729980469], [294.6988830566406, 232.34915161132812, 312.7324523925781, 291.4269714355469], [299.52166748046875, 231.81106567382812, 316.3438720703125, 291.53350830078125], [121.76345825195312, 259.65484619140625, 262.9142150878906, 369.2899169921875], [302.1207275390625, 229.24819946289062, 312.53082275390625, 241.4354705810547], [279.67669677734375, 287.02874755859375, 425.0, 320.15509033203125], [258.0180358886719, 225.86343383789062, 425.0, 316.0852355957031], [347.8119201660156, 209.79579162597656, 425.0, 252.07656860351562], [0.0, 264.7331848144531, 263.7547912597656, 423.96380615234375], [0.0, 163.77540588378906, 51.0551643371582, 240.958740234375], [270.8922119140625, 186.72996520996094, 425.0, 318.046875], [67.55337524414062, 258.1708068847656, 264.053466796875, 371.06610107421875], [295.4436340332031, 159.15225219726562, 425.0, 425.0], [0.30044353008270264, 179.39576721191406, 169.02734375, 425.0], [402.6694641113281, 306.413330078125, 425.0, 424.7019958496094], [0.3245089054107666, 200.16680908203125, 168.5783233642578, 424.6643371582031], [294.1466064453125, 197.9236297607422, 425.0, 424.0975036621094], [297.58868408203125, 231.75701904296875, 307.7022705078125, 245.98927307128906], [0.5304705500602722, 174.13404846191406, 170.10768127441406, 424.3089904785156], [262.3645935058594, 214.34803771972656, 425.0, 303.8258972167969], [0.0, 272.6607666015625, 265.00482177734375, 424.6178894042969], [400.4112243652344, 368.8302917480469, 424.9886169433594, 425.0], [397.0876159667969, 280.01605224609375, 425.0, 423.99383544921875], [278.7773742675781, 229.7301025390625, 425.0, 295.8500671386719], [300.7873229980469, 230.9146728515625, 309.1797180175781, 239.95858764648438], [335.754638671875, 210.9942626953125, 425.0, 299.1190490722656], [0.0, 209.8245086669922, 173.79933166503906, 425.0], [152.90789794921875, 261.0303039550781, 260.0284118652344, 358.6318664550781], [144.1750030517578, 258.65576171875, 262.8761291503906, 369.6732482910156], [298.5839538574219, 208.9684295654297, 425.0, 280.8073425292969], [304.34381103515625, 229.71609497070312, 313.6217346191406, 240.8044891357422], [295.283203125, 242.54893493652344, 308.3028869628906, 283.0909423828125], [305.3021240234375, 233.1124267578125, 316.5948486328125, 265.86773681640625], [329.7698059082031, 382.93731689453125, 424.7806091308594, 425.0], [71.38789367675781, 260.46832275390625, 265.8227233886719, 372.4336853027344], [291.1541442871094, 232.1025848388672, 299.8169860839844, 241.69972229003906], [348.7854919433594, 211.46817016601562, 425.0, 250.644775390625], [0.0, 100.2188720703125, 270.02105712890625, 266.7187194824219], [320.1788024902344, 408.78912353515625, 335.62164306640625, 425.0], [159.58078002929688, 261.6697692871094, 259.6163330078125, 347.87066650390625], [0.0, 137.85333251953125, 267.49200439453125, 185.655029296875], [0.4208274185657501, 137.97329711914062, 267.7989501953125, 190.84649658203125], [0.09816773235797882, 294.70477294921875, 165.17254638671875, 424.4760437011719], [311.7723083496094, 229.69204711914062, 398.2795715332031, 262.7001647949219], [343.8321838378906, 157.0744171142578, 424.979248046875, 275.11236572265625], [298.6147766113281, 238.2690887451172, 311.9483642578125, 290.95367431640625], [0.0, 98.96862030029297, 49.35514450073242, 249.1896209716797], [0.0, 138.35748291015625, 269.5133056640625, 243.24075317382812], [0.10571032762527466, 283.48199462890625, 425.0, 425.0], [0.0, 132.91891479492188, 272.4267883300781, 261.24200439453125], [320.9958190917969, 408.6414489746094, 335.65045166015625, 425.0], [343.3990478515625, 207.43397521972656, 424.98858642578125, 311.060546875], [417.31317138671875, 172.87908935546875, 425.0, 255.67922973632812], [0.0, 133.45132446289062, 268.6977844238281, 248.982421875], [0.0, 136.39120483398438, 266.6907653808594, 199.1363067626953], [0.4673432409763336, 158.40087890625, 174.31158447265625, 424.2119140625], [0.0, 160.04920959472656, 50.08341979980469, 247.47970581054688], [0.45146644115448, 270.18634033203125, 163.82363891601562, 423.79351806640625], [402.2869873046875, 146.96456909179688, 425.0, 422.4011535644531], [417.97259521484375, 205.42462158203125, 425.0, 219.01934814453125], [346.3209533691406, 213.7058868408203, 425.0, 252.00103759765625], [420.3374328613281, 202.3792724609375, 425.0, 217.65335083007812], [27.046842575073242, 172.39764404296875, 42.061763763427734, 189.64138793945312], [1.567909836769104, 410.4840087890625, 151.2769775390625, 424.9554138183594], [286.61004638671875, 247.19822692871094, 302.1847229003906, 284.02093505859375], [422.57965087890625, 202.3292236328125, 425.0, 238.7437744140625], [319.2383117675781, 163.18072509765625, 333.2888488769531, 181.96942138671875], [0.0, 135.88723754882812, 269.81988525390625, 199.34671020507812], [0.0, 329.81597900390625, 15.874613761901855, 424.720458984375], [323.0185546875, 410.43212890625, 395.715576171875, 425.0], [354.73736572265625, 214.09873962402344, 425.0, 249.3932342529297], [77.29541778564453, 268.2900085449219, 179.59457397460938, 360.56591796875], [269.5291442871094, 167.79196166992188, 292.7795104980469, 188.56166076660156], [418.1810302734375, 176.3343505859375, 425.0, 226.70550537109375], [253.54644775390625, 242.09500122070312, 294.0202331542969, 305.04656982421875], 