{"labels": [67, 67, 40, 56, 0, 0, 0, 0, 0, 0, 0, 0, 0, 0, 0, 0, 0, 0, 0, 0, 0, 0, 67, 0, 0, 67, 0, 0, 0, 0, 0, 0, 0, 0, 0, 0, 0, 0, 0, 0, 0, 0, 0, 0, 0, 0, 0, 56, 0, 0, 56, 74, 0, 0, 0, 0, 0, 0, 56, 40, 0, 74, 0, 0, 0, 0, 0, 0, 0, 0, 0, 40, 56, 56, 56, 0, 0, 56, 56, 26, 40, 0, 0, 0, 56, 0, 0, 0, 0, 67, 0, 74, 40, 0, 67, 0, 67, 67, 67, 65], "scores": [0.9944374561309814, 0.9886451959609985, 0.9883216023445129, 0.9120399951934814, 0.9114047884941101, 0.9053534865379333, 0.6905967593193054, 0.664198100566864, 0.6005566716194153, 0.5203080177307129, 0.48258015513420105, 0.47384774684906006, 0.4657153785228729, 0.4619515538215637, 0.41356462240219116, 0.39041808247566223, 0.37925687432289124, 0.3717397153377533, 0.3557146489620209, 0.32503223419189453, 0.32422780990600586, 0.31344208121299744, 0.29324042797088623, 0.28625062108039856, 0.27523958683013916, 0.2646675109863281, 0.2597246766090393, 0.2503642737865448, 0.22514094412326813, 0.22503675520420074, 0.19716890156269073, 0.188872829079628, 0.18690939247608185, 0.17925792932510376, 0.17649835348129272, 0.17290183901786804, 0.17094437777996063, 0.16885225474834442, 0.16645286977291107, 0.1653306633234024, 0.16444896161556244, 0.16324274241924286, 0.15907324850559235, 0.15597805380821228, 0.15313060581684113, 0.15284621715545654, 0.14595308899879456, 0.1328212171792984, 0.1297081559896469, 0.12457644194364548, 0.12341909855604172, 0.11935947835445404, 0.11296174675226212, 0.11159031093120575, 0.10481759905815125, 0.09260797500610352, 0.0913657620549202, 0.08388804644346237, 0.08278489112854004, 0.08241987228393555, 0.07950393110513687, 0.07102654874324799, 0.06554310023784637, 0.06471385806798935, 0.06397610157728195, 0.06229878589510918, 0.057919859886169434, 0.05770338699221611, 0.056949347257614136, 0.054458390921354294, 0.05392742529511452, 0.05244017764925957, 0.044139839708805084, 0.04232211038470268, 0.04205616936087608, 0.039356786757707596, 0.03572869673371315, 0.03437391296029091, 0.03336402028799057, 0.032215189188718796, 0.031837835907936096, 0.03141976147890091, 0.030385097488760948, 0.030181284993886948, 0.02925006113946438, 0.024438360705971718, 0.022904518991708755, 0.020982006564736366, 0.019373729825019836, 0.017663871869444847, 0.016494465991854668, 0.014723390340805054, 0.012454111129045486, 0.009258887730538845, 0.008429831825196743, 0.007949763908982277, 0.007165444083511829, 0.006492908578366041, 0.0045747291296720505, 0.003797304118052125], "bboxes": [[128.5012664794922, 168.36611938476562, 221.30931091308594, 233.83811950683594], [208.0241241455078, 167.42347717285156, 288.76324462890625, 224.77679443359375], [48.357330322265625, 0.0, 158.54483032226562, 150.62579345703125], [261.67962646484375, 364.4664306640625, 347.1008605957031, 425.0], [203.4915008544922, 60.350807189941406, 425.0, 424.67559814453125], [0.0, 0.0, 269.77105712890625, 424.9129638671875], [202.73190307617188, 0.01370459794998169, 425.0, 425.0], [0.3600306808948517, 0.0, 268.4516296386719, 177.7435760498047], [0.11946558952331543, 58.148712158203125, 425.0, 425.0], [47.18318176269531, 0.0, 268.0499572753906, 173.49549865722656], [83.87728118896484, 0.0, 272.4379577636719, 172.85841369628906], [0.0, 124.19906616210938, 206.29409790039062, 301.9581298828125], [84.02185821533203, 0.0, 269.001708984375, 168.00253295898438], [0.0, 0.9322799444198608, 203.23912048339844, 301.9631652832031], [0.0, 0.0027105212211608887, 424.94830322265625, 424.9916076660156], [0.0, 0.0, 168.96188354492188, 196.46896362304688], [163.42913818359375, 0.0, 424.4733581542969, 169.06405639648438], [0.0, 126.56250762939453, 218.81277465820312, 423.9341125488281], [250.0593719482422, 0.0, 425.0, 153.87635803222656], [160.62574768066406, 0.0, 315.7558288574219, 170.35853576660156], [0.020138919353485107, 0.036047399044036865, 425.0, 425.0], [286.378173828125, 0.0, 425.0, 120.40641784667969], [92.0119400024414, 138.88314819335938, 137.51124572753906, 152.02032470703125], [0.0, 0.0, 197.7111358642578, 424.82586669921875], [87.57984924316406, 0.0, 275.8275146484375, 175.69422912597656], [94.80956268310547, 139.17645263671875, 143.9217529296875, 153.22415161132812], [0.06358958780765533, 0.0, 162.16282653808594, 143.96339416503906], [282.9003601074219, 0.0, 424.97894287109375, 111.66223907470703], [0.0, 0.0, 263.1178283691406, 304.3408203125], [205.63536071777344, 0.0, 425.0, 424.7760009765625], [0.0, 0.0, 268.8254699707031, 301.43402099609375], [34.01198959350586, 0.5011867880821228, 260.5180358886719, 174.21153259277344], [0.0, 0.09144842624664307, 211.72695922851562, 425.0], [247.06610107421875, 0.0, 425.0, 154.962158203125], [244.29730224609375, 0.0, 425.0, 161.9091339111328], [0.0, 123.38916015625, 192.00352478027344, 297.77703857421875], [90.79549407958984, 0.0, 424.2295227050781, 424.8844909667969], [0.0, 0.0, 244.0078582763672, 424.8006896972656], [284.67303466796875, 0.0, 425.0, 110.57715606689453], [178.52272033691406, 0.0, 424.356201171875, 168.126220703125], [52.3818359375, 0.6803598403930664, 237.0464324951172, 175.0772247314453], [0.0, 0.0, 144.65147399902344, 159.56878662109375], [0.0, 0.0, 270.91851806640625, 238.15402221679688], [85.25520324707031, 0.0, 310.0971984863281, 424.9171142578125], [54.41172790527344, 57.41822814941406, 421.1037902832031, 425.0], [0.0, 0.0, 214.70616149902344, 424.8258056640625], [0.01445189118385315, 0.05788356065750122, 424.88128662109375, 183.8838653564453], [295.70928955078125, 309.7436828613281, 348.6294860839844, 373.4234313964844], [0.0, 0.0, 308.6823425292969, 161.51516723632812], [0.0, 126.4478530883789, 212.26785278320312, 423.276611328125], [244.29701232910156, 367.9197082519531, 425.0, 425.0], [382.7464904785156, 401.3257141113281, 425.0, 424.9813232421875], [158.0083770751953, 0.0, 302.29266357421875, 135.99510192871094], [107.3658218383789, 0.0, 264.6376953125, 148.04884338378906], [0.0, 0.11532381176948547, 110.8444595336914, 193.52516174316406], [244.66490173339844, 1.6366355419158936, 424.5962829589844, 377.7879333496094], [231.7964324951172, 0.0, 425.0, 297.8271484375], [213.36106872558594, 0.0, 425.0, 420.6070556640625], [204.801513671875, 331.0143737792969, 347.2335205078125, 425.0], [52.05736541748047, 0.0, 157.7620086669922, 39.829139709472656], [0.0, 0.9289804697036743, 94.9118881225586, 141.14344787597656], [366.04376220703125, 392.6140441894531, 425.0, 425.0], [198.1826934814453, 53.95384979248047, 425.0, 424.24237060546875], [241.5355224609375, 0.0, 424.31207275390625, 34.3675651550293], [239.66929626464844, 0.0, 318.65020751953125, 148.94346618652344], [0.09861737489700317, 66.47225189208984, 425.0, 424.80059814453125], [0.0, 95.24507904052734, 313.4710388183594, 425.0], [290.6006774902344, 0.0, 424.6947937011719, 14.134848594665527], [199.92050170898438, 35.745059967041016, 412.6657409667969, 424.98663330078125], [229.81243896484375, 0.0, 425.0, 424.8782653808594], [34.66625213623047, 1.2862815856933594, 408.8174743652344, 425.0], [49.81265640258789, 0.0, 127.2889404296875, 141.3641357421875], [0.4198901355266571, 364.3153991699219, 346.79974365234375, 424.8852844238281], [267.58770751953125, 362.9764404296875, 343.0531921386719, 389.053466796875], [0.0, 360.4248962402344, 26.0719051361084, 425.0], [331.8101501464844, 0.0, 425.0, 424.93792724609375], [388.81280517578125, 0.0, 425.0, 110.88726806640625], [260.48046875, 65.81784057617188, 425.0, 424.8976745605469], [264.62103271484375, 367.9305114746094, 347.10174560546875, 425.0], [338.7659606933594, 67.50892639160156, 425.0, 423.2391052246094], [81.93199920654297, 0.0, 160.6950225830078, 37.42033386230469], [401.4754333496094, 0.0, 425.0, 66.21946716308594], [1.4725919961929321, 0.0, 163.42112731933594, 39.7252311706543], [0.0, 2.8393025398254395, 15.642748832702637, 190.03221130371094], [0.0030271708965301514, 188.62046813964844, 11.55853271484375, 420.2589416503906], [382.0830078125, 1.054652452468872, 425.0, 132.10455322265625], [398.39501953125, 2.6714086532592773, 425.0, 230.2926788330078], [0.03590094670653343, 0.0, 