{"labels": [0, 0, 0, 27, 0, 35, 0, 0, 0, 0, 0, 0, 0, 0, 0, 0, 0, 56, 36, 56, 0, 56, 0, 0, 56, 0, 0, 0, 0, 0, 56, 36, 0, 0, 0, 0, 0, 0, 0, 56, 0, 0, 0, 0, 0, 0, 0, 0, 0, 56, 0, 56, 56, 0, 0, 0, 56, 0, 0, 36, 0, 56, 56, 0, 56, 56, 0, 56, 0, 0, 0, 56, 56, 56, 0, 56, 56, 0, 56, 0, 56, 56, 56, 0, 0, 0, 0, 56, 0, 56, 0, 0, 0, 41, 32, 0, 27, 0, 13, 0], "scores": [0.9977189898490906, 0.9964731335639954, 0.9927765130996704, 0.9767155051231384, 0.9701259136199951, 0.9274081587791443, 0.9018592834472656, 0.8927434682846069, 0.8866575956344604, 0.8842331767082214, 0.8736557960510254, 0.8380026817321777, 0.8022598028182983, 0.7945107817649841, 0.7935979962348938, 0.7927380204200745, 0.7345462441444397, 0.721552848815918, 0.7025513052940369, 0.7003406286239624, 0.6836929321289062, 0.6824575662612915, 0.679537296295166, 0.6554436087608337, 0.6524161696434021, 0.6456911563873291, 0.6271710395812988, 0.6166006326675415, 0.6152278780937195, 0.5978743433952332, 0.5896172523498535, 0.5861033797264099, 0.5845395922660828, 0.5771762132644653, 0.5715169906616211, 0.5707080960273743, 0.5439644455909729, 0.5253450870513916, 0.5236572027206421, 0.5104255080223083, 0.5088210105895996, 0.5030808448791504, 0.47864824533462524, 0.47674816846847534, 0.47426119446754456, 0.462213933467865, 0.4410759210586548, 0.4398707151412964, 0.4328570067882538, 0.4320957660675049, 0.43167880177497864, 0.43140432238578796, 0.41414132714271545, 0.41128337383270264, 0.3817492723464966, 0.3814852833747864, 0.3805425465106964, 0.37796077132225037, 0.35636135935783386, 0.3488946259021759, 0.3465440571308136, 0.339507520198822, 0.3359206020832062, 0.3347761034965515, 0.32167884707450867, 0.3190704882144928, 0.31071510910987854, 0.30734485387802124, 0.3014131784439087, 0.2957763373851776, 0.29414263367652893, 0.2723561227321625, 0.2679501473903656, 0.26558718085289, 0.2606874108314514, 0.2565356194972992, 0.25442951917648315, 0.2483467161655426, 0.244882270693779, 0.24340185523033142, 0.24010144174098969, 0.23857565224170685, 0.2381763756275177, 0.23434878885746002, 0.23113080859184265, 0.22511212527751923, 0.22351640462875366, 0.20898087322711945, 0.18959304690361023, 0.18447443842887878, 0.17433786392211914, 0.16036580502986908, 0.15783001482486725, 0.14573517441749573, 0.13069789111614227, 0.11830515414476395, 0.09561628103256226, 0.08626481890678406, 0.049295928329229355, 0.03287946432828903], "bboxes": [[160.1928253173828, 158.44610595703125, 261.5332946777344, 409.80145263671875], [335.8421936035156, 143.54420471191406, 425.0, 414.5549011230469], [214.17250061035156, 157.78921508789062, 359.7294616699219, 424.0198669433594], [200.43507385253906, 193.08912658691406, 209.5135498046875, 223.90232849121094], [101.82746124267578, 208.79042053222656, 132.14813232421875, 241.98876953125], [155.3554229736328, 214.61618041992188, 182.9554443359375, 234.61936950683594], [123.6361083984375, 173.28890991210938, 145.92259216308594, 209.10647583007812], [163.5841827392578, 173.10641479492188, 193.94224548339844, 211.38742065429688], [169.03732299804688, 189.559326171875, 194.0970001220703, 227.134033203125], [11.397930145263672, 170.53981018066406, 42.560787200927734, 211.66600036621094], [135.20108032226562, 188.0350341796875, 173.0916290283203, 226.9263916015625], [52.512611389160156, 141.5587921142578, 80.00769805908203, 171.7556610107422], [37.58757400512695, 211.71014404296875, 62.193023681640625, 241.8292999267578], [99.10395050048828, 173.4780731201172, 128.9664306640625, 210.6996307373047], [241.62722778320312, 109.67713928222656, 271.3204040527344, 158.14833068847656], [0.0031736213713884354, 214.97010803222656, 15.043671607971191, 248.163818359375], [192.94009399414062, 134.18527221679688, 217.0676727294922, 163.9391326904297], [318.27215576171875, 64.97444152832031, 340.13311767578125, 83.29339599609375], [354.5386962890625, 392.5335998535156, 424.9942626953125, 420.3162841796875], [289.5517883300781, 57.159706115722656, 312.0008850097656, 76.01696014404297], [120.01715087890625, 125.30391693115234, 140.8419189453125, 153.39788818359375], [304.5350646972656, 61.77156066894531, 326.21893310546875, 79.33023834228516], [5.7597832679748535, 113.4639892578125, 30.268884658813477, 151.60531616210938], [77.35672760009766, 144.21981811523438, 98.69795989990234, 175.39817810058594], [317.6883544921875, 81.22642517089844, 338.7391662597656, 102.19019317626953], [145.41493225097656, 163.5435791015625, 168.60952758789062, 194.58343505859375], [41.30829620361328, 176.890869140625, 61.06590270996094, 202.68756103515625], [20.47011375427246, 90.68668365478516, 43.551692962646484, 122.56230163574219], [47.785736083984375, 177.81834411621094, 66.9023208618164, 202.22337341308594], [108.79055786132812, 158.77951049804688, 129.9579315185547, 186.37582397460938], [329.87457275390625, 79.84883117675781, 351.7850341796875, 101.5287094116211], [230.6278839111328, 390.22735595703125, 423.55792236328125, 424.75439453125], [176.4567108154297, 133.61695861816406, 200.32142639160156, 166.10049438476562], [137.61630249023438, 156.66851806640625, 161.03929138183594, 186.43942260742188], [1.1561623811721802, 158.24151611328125, 22.40974998474121, 193.6409454345703], [61.7247314453125, 182.646484375, 80.5234146118164, 205.27333068847656], [81.01994323730469, 105.46939849853516, 106.39501190185547, 137.2957763671875], [59.1988639831543, 193.55044555664062, 80.79581451416016, 221.11256408691406], [244.6393585205078, 180.19175720214844, 267.7345275878906, 212.21377563476562], [246.79315185546875, 137.6309356689453, 268.6997375488281, 169.34039306640625], [131.33074951171875, 184.08651733398438, 162.00869750976562, 219.2310028076172], [70.49906921386719, 204.11270141601562, 94.76826477050781, 232.77133178710938], [124.27135467529297, 170.3247833251953, 147.092041015625, 203.10455322265625], [147.0155029296875, 123.42427062988281, 168.30050659179688, 151.58865356445312], [52.03095626831055, 131.4899444580078, 76.52379608154297, 157.68753051757812], [315.2063293457031, 140.84190368652344, 340.0758056640625, 169.63682556152344], [0.0003348570317029953, 185.7846221923828, 8.213738441467285, 223.07350158691406], [310.02093505859375, 146.6907501220703, 335.1426086425781, 180.57293701171875], [48.81254959106445, 199.46414184570312, 68.47846984863281, 222.06851196289062], [133.7572021484375, 217.09934997558594, 156.24293518066406, 236.53773498535156], [329.7088317871094, 151.08779907226562, 359.2630920410156, 194.343505859375], [232.9939422607422, 53.717140197753906, 258.9247131347656, 79.85596466064453], [243.888671875, 132.6528778076172, 268.26654052734375, 165.9558868408203], [168.81646728515625, 137.50390625, 192.06851196289062, 171.68724060058594], [25.734071731567383, 125.010009765625, 52.3836669921875, 156.16346740722656], [93.37461853027344, 108.3990478515625, 117.99302673339844, 138.09083557128906], [287.38031005859375, 82.90669250488281, 309.55712890625, 108.74073791503906], [0.0, 104.56151580810547, 18.50147247314453, 142.9934539794922], [110.07866668701172, 92.03998565673828, 133.7781524658203, 124.92231750488281], [249.89971923828125, 400.2684631347656, 425.0, 425.0], [230.1297607421875, 91.79290008544922, 255.99447631835938, 124.38613891601562], [238.33563232421875, 86.54864501953125, 263.0609130859375, 112.26864624023438], [347.1116027832031, 209.92359924316406, 369.17315673828125, 241.4482879638672], [340.4513244628906, 137.83444213867188, 364.1497802734375, 166.90032958984375], [326.92047119140625, 202.17933654785156, 355.7161865234375, 240.67138671875], [298.8395690917969, 115.59613037109375, 315.3951110839844, 134.76686096191406], [275.55517578125, 91.03593444824219, 299.29669189453125, 118.32218170166016], [362.6441345214844, 79.35665130615234, 385.8469543457031, 103.1171875], [412.4407043457031, 168.79510498046875, 425.0, 424.2010803222656], [280.3160705566406, 124.41416931152344, 309.54248046875, 163.8096923828125], [267.9305419921875, 83.56776428222656, 291.4700927734375, 110.06582641601562], [408.4299011230469, 