{"labels": [0, 0, 3, 3, 26, 56, 3, 56, 56, 56, 26, 7, 3, 56, 56, 56, 3, 56, 7, 56, 56, 3, 3, 3, 56, 3, 7, 56, 56, 26, 9, 3, 56, 7, 56, 3, 3, 56, 56, 7, 56, 3, 3, 3, 26, 56, 36, 56, 2, 3, 56, 26, 3, 56, 3, 3, 26, 3, 3, 56, 26, 3, 2, 56, 3, 2, 26, 3, 3, 3, 3, 9, 39, 56, 39, 3, 3, 7, 3, 56, 3, 3, 26, 56, 41, 2, 56, 0, 7, 56, 2, 7, 3, 3, 56, 3, 7, 58, 56, 0], "scores": [0.9992302656173706, 0.9980167150497437, 0.9664404988288879, 0.960911214351654, 0.918873131275177, 0.810242235660553, 0.7722584009170532, 0.665046215057373, 0.5362989902496338, 0.5231739282608032, 0.42566823959350586, 0.40249183773994446, 0.3016117215156555, 0.283817857503891, 0.25201645493507385, 0.18408328294754028, 0.1829824149608612, 0.18286265432834625, 0.18193389475345612, 0.17897702753543854, 0.17006729543209076, 0.1545390784740448, 0.1531178057193756, 0.1464000791311264, 0.1458170861005783, 0.13955533504486084, 0.12273450195789337, 0.12268924713134766, 0.11016225814819336, 0.10829480737447739, 0.10821457207202911, 0.09581271559000015, 0.09176874160766602, 0.09080889821052551, 0.08502297848463058, 0.0802670493721962, 0.0796445980668068, 0.07649324089288712, 0.07444774359464645, 0.06968566030263901, 0.06444016844034195, 0.06332115828990936, 0.061448633670806885, 0.06105104833841324, 0.059236664324998856, 0.0578315332531929, 0.05556446686387062, 0.051480162888765335, 0.05087053030729294, 0.04661405086517334, 0.0417921356856823, 0.036095328629016876, 0.03547646105289459, 0.03424264118075371, 0.033523671329021454, 0.029475122690200806, 0.02929786778986454, 0.029126260429620743, 0.027845388278365135, 0.025451818481087685, 0.025194652378559113, 0.025071652606129646, 0.024921249598264694, 0.023989330977201462, 0.023987775668501854, 0.022740060463547707, 0.02171599678695202, 0.020011814311146736, 0.01972862519323826, 0.019682615995407104, 0.019327733665704727, 0.01882072351872921, 0.018543977290391922, 0.018386270850896835, 0.01836310140788555, 0.01771892048418522, 0.01656302995979786, 0.016322070732712746, 0.016270022839307785, 0.015088760294020176, 0.012782279402017593, 0.011363119818270206, 0.010996022261679173, 0.01083045732229948, 0.009850702248513699, 0.009007489308714867, 0.008163321763277054, 0.007873659022152424, 0.006211433559656143, 0.0059744492173194885, 0.005225844215601683, 0.005097652319818735, 0.004807491786777973, 0.00443467078730464, 0.003754628822207451, 0.002593823242932558, 0.0023745836224406958, 0.0019059323240071535, 0.0014476391952484846, 0.0012720685917884111], "bboxes": [[219.86077880859375, 188.43463134765625, 293.1328125, 325.4617614746094], [300.8456115722656, 168.24790954589844, 361.9643249511719, 320.6015930175781], [43.3701057434082, 146.42379760742188, 154.94284057617188, 289.3941650390625], [0.4100233316421509, 145.7977752685547, 151.6519012451172, 288.8960266113281], [312.6735534667969, 207.59120178222656, 345.4792175292969, 264.5123291015625], [226.73863220214844, 264.5930480957031, 304.7327575683594, 321.371337890625], [0.0, 156.3731689453125, 53.62933349609375, 281.9547119140625], [292.751220703125, 267.3988952636719, 310.6322937011719, 315.6144104003906], [235.138671875, 268.9798889160156, 269.58154296875, 317.8406982421875], [220.13873291015625, 258.3079833984375, 272.9580383300781, 321.8586120605469], [314.8435363769531, 237.88961791992188, 339.7832336425781, 265.335693359375], [241.10459899902344, 75.29518127441406, 425.0, 226.13473510742188], [0.0, 115.9460678100586, 45.08373260498047, 285.3575439453125], [296.4814453125, 278.79888916015625, 311.7945251464844, 316.0152587890625], [296.1015319824219, 214.71026611328125, 344.270751953125, 315.89837646484375], [225.15304565429688, 268.63201904296875, 271.68170166015625, 321.3260498046875], [0.0, 203.2713623046875, 46.889705657958984, 282.2471008300781], [236.36322021484375, 263.2054443359375, 305.2878723144531, 317.5623779296875], [336.8535461425781, 76.64556121826172, 425.0, 224.5120086669922], [289.02691650390625, 249.0737762451172, 310.2026672363281, 314.46978759765625], [218.30360412597656, 196.9750213623047, 306.05950927734375, 316.19873046875], [0.0, 125.04501342773438, 48.80455017089844, 279.8109130859375], [0.0, 150.7435302734375, 70.27911376953125, 283.2347717285156], [0.0, 116.36957550048828, 49.059974670410156, 278.1534729003906], [250.73741149902344, 270.963623046875, 306.5587463378906, 316.5755310058594], [0.0, 150.42800903320312, 48.328521728515625, 286.5849914550781], [0.04220306873321533, 70.60777282714844, 425.0, 229.86187744140625], [223.49696350097656, 267.2172546386719, 242.7835693359375, 318.2284851074219], [292.9886779785156, 277.9339294433594, 307.9000244140625, 313.1845397949219], [317.0374755859375, 232.96084594726562, 346.1385803222656, 264.07275390625], [277.6236572265625, 0.0, 318.80126953125, 28.561603546142578], [0.0, 200.7091064453125, 46.147003173828125, 276.6062316894531], [291.015625, 250.83026123046875, 339.0350341796875, 314.9303283691406], [329.34173583984375, 75.3678970336914, 425.0, 228.0442352294922], [216.91653442382812, 198.16073608398438, 276.2715148925781, 316.0523986816406], [0.0, 110.93382263183594, 10.499536514282227, 288.0584411621094], [0.039259810000658035, 164.4385986328125, 38.21478271484375, 292.813232421875], [0.0, 116.04688262939453, 15.055365562438965, 172.95504760742188], [0.0, 115.34581756591797, 12.457658767700195, 174.5499267578125], [336.6601867675781, 77.18247985839844, 425.0, 227.24256896972656], [296.4801940917969, 205.80987548828125, 345.7977600097656, 315.6019287109375], [0.0, 152.5297393798828, 58.13365173339844, 249.26898193359375], [0.0, 205.9482421875, 42.93363571166992, 282.56890869140625], [0.0, 155.6346893310547, 42.203834533691406, 197.58827209472656], [309.46405029296875, 205.07891845703125, 341.93096923828125, 264.1949157714844], [293.6405334472656, 245.32411193847656, 422.4458923339844, 328.34564208984375], [367.8101501464844, 303.2752990722656, 419.0676574707031, 330.1726989746094], [228.23265075683594, 259.7342834472656, 255.1856689453125, 286.0077209472656], [241.36550903320312, 169.40484619140625, 265.7977294921875, 191.6680145263672], [3.0379860401153564, 150.10879516601562, 50.54732131958008, 201.62603759765625], [311.98748779296875, 246.47645568847656, 346.4730529785156, 308.17327880859375], [312.8817138671875, 237.12551879882812, 344.70513916015625, 267.6186218261719], [0.0, 175.12892150878906, 61.671627044677734, 258.1847839355469], [214.28102111816406, 181.9257354736328, 275.9695129394531, 316.4173278808594], [0.0, 108.65724182128906, 15.815593719482422, 241.34432983398438], [62.109832763671875, 156.7816925048828, 143.94285583496094, 260.0242004394531], [310.482666015625, 206.50025939941406, 330.41949462890625, 252.94700622558594], [0.0, 126.77162170410156, 13.530757904052734, 207.9053497314453], [0.11526522785425186, 118.11392211914062, 38.82792663574219, 187.6534423828125], [231.50439453125, 177.9464874267578, 300.41064453125, 314.41650390625], [311.9927062988281, 208.40089416503906, 337.7063293457031, 261.6908264160156], [0.0, 116.44804382324219, 29.346946716308594, 180.25062561035156], [242.2226104736328, 170.1574249267578, 264.0615539550781, 188.91726684570312], [0.0, 117.40847778320312, 16.633609771728516, 176.9056854248047], [0.40935835242271423, 144.32638549804688, 162.81155395507812, 287.2504577636719], [241.370849609375, 169.22174072265625, 264.6640930175781, 189.40020751953125], [313.0226745605469, 205.96737670898438, 346.5622863769531, 261.99896240234375], [1.275509238243103, 147.73367309570312, 145.96603393554688, 276.31072998046875], [219.71018981933594, 170.58079528808594, 267.6996765136719, 226.79904174804688], [0.0, 151.8006134033203, 149.557861328125, 283.0733337402344], [51.98956298828125, 145.55809020996094, 162.91317749023438, 282.8939514160156], [283.694091796875, 0.0, 315.2662353515625, 27.707067489624023], [225.35263061523438, 263.5321044921875, 240.82676696777344, 284.4896545410156], [241.83883666992188, 180.13014221191406, 297.36181640625, 291.533935546875], [292.0166015625, 