{"labels": [61, 73, 73, 61, 39, 61, 73, 61, 61, 39, 45, 73, 71, 71, 61, 61, 71, 45, 61, 61, 73, 73, 61, 61, 71, 71, 71, 73, 71, 61, 61, 39, 71, 71, 15, 73, 61, 0, 0, 61, 16, 39, 39, 39, 39, 61, 15, 73, 73, 56, 61, 71, 56, 56, 73, 61, 56, 71, 73, 61, 15, 39, 16, 61, 73, 56, 73, 15, 71, 61, 73, 71, 61, 61, 61, 73, 73, 61, 56, 73, 73, 71, 73, 56, 61, 73, 71, 71, 71, 56, 73, 56, 56, 61, 56, 0, 71, 61, 39, 56], "scores": [0.9958078861236572, 0.46250268816947937, 0.1243935376405716, 0.10943656414747238, 0.09226875752210617, 0.09133271127939224, 0.09094276279211044, 0.0902063399553299, 0.08473946154117584, 0.08008790016174316, 0.06669612228870392, 0.03819139301776886, 0.0331847220659256, 0.030222654342651367, 0.028824033215641975, 0.02871527522802353, 0.02764955721795559, 0.02718074433505535, 0.02678886614739895, 0.02489626035094261, 0.024068208411335945, 0.020738597959280014, 0.01841863989830017, 0.017628571018576622, 0.017113259062170982, 0.01547841913998127, 0.015076289884746075, 0.014770054258406162, 0.014192834496498108, 0.014124146662652493, 0.013360729441046715, 0.013304328545928001, 0.013205958530306816, 0.013165864162147045, 0.012753114104270935, 0.011530863121151924, 0.011427313089370728, 0.00985078327357769, 0.009696010500192642, 0.008990353904664516, 0.007876178249716759, 0.007570231799036264, 0.007520305924117565, 0.007302070967853069, 0.007032145280390978, 0.006465823855251074, 0.0063906479626894, 0.005992430727928877, 0.005484246648848057, 0.005359700880944729, 0.004842336289584637, 0.004808682948350906, 0.004718013573437929, 0.004432861693203449, 0.004142694640904665, 0.004100726917386055, 0.003926676232367754, 0.0036865663714706898, 0.0036114344839006662, 0.0033676004968583584, 0.0032453921157866716, 0.003243940183892846, 0.0031113596633076668, 0.003019987605512142, 0.0029992908239364624, 0.0027386171277612448, 0.0026041388045996428, 0.002590866992250085, 0.002315967809408903, 0.002029633382335305, 0.0019284274894744158, 0.0018819180550053716, 0.0017048424342647195, 0.001636515255086124, 0.0015775281935930252, 0.001554777380079031, 0.0014691484393551946, 0.0012524389894679189, 0.0011735347798094153, 0.0011482711415737867, 0.001137911225669086, 0.0009740762179717422, 0.0009561043116264045, 0.0008881143294274807, 0.0008758606272749603, 0.0008078617393039167, 0.0007803910411894321, 0.0007416422595269978, 0.0007111222366802394, 0.0006880448199808598, 0.0006249553989619017, 0.0005040040705353022, 0.00048116486868821084, 0.00048007990699261427, 0.0004479070194065571, 0.0004190387553535402, 0.0003849130589514971, 0.00037780290585942566, 0.0001847659150371328, 0.00014487166481558233], "bboxes": [[169.24667358398438, 194.3728485107422, 338.8125305175781, 423.82269287109375], [169.4223175048828, 55.265296936035156, 216.1202392578125, 165.1328125], [172.55609130859375, 55.507022857666016, 212.83001708984375, 119.46269989013672], [113.16132354736328, 399.53631591796875, 183.33917236328125, 425.0], [195.5336151123047, 387.8285827636719, 209.0265350341797, 425.0], [180.53848266601562, 225.82061767578125, 337.20770263671875, 424.730224609375], [171.87811279296875, 53.779273986816406, 212.48605346679688, 102.07304382324219], [215.59005737304688, 228.1302947998047, 337.0698547363281, 423.0315246582031], [217.6040496826172, 230.0980987548828, 335.99395751953125, 424.5400695800781], [194.6182098388672, 386.8539733886719, 209.00425720214844, 424.9432373046875], [122.4122314453125, 400.9441223144531, 181.94447326660156, 424.9991149902344], [177.70240783691406, 59.399051666259766, 213.11131286621094, 136.1449432373047], [101.85916900634766, 406.3822326660156, 163.89366149902344, 424.9756164550781], [97.78780364990234, 398.6813659667969, 227.98916625976562, 425.0], [225.20388793945312, 313.50006103515625, 335.8636779785156, 410.85748291015625], [145.29490661621094, 193.27407836914062, 340.0458068847656, 423.90435791015625], [96.36995697021484, 412.859375, 163.90786743164062, 424.9902038574219], [123.47286224365234, 399.0645751953125, 184.4327850341797, 424.9835205078125], [214.51808166503906, 229.0797576904297, 337.25543212890625, 420.5811767578125], [107.5477066040039, 401.62799072265625, 186.9021759033203, 425.0], [167.46383666992188, 56.343502044677734, 209.64413452148438, 140.30650329589844], [184.26107788085938, 59.27097702026367, 211.93612670898438, 103.72698211669922], [116.94180297851562, 400.3417053222656, 183.10191345214844, 424.9874572753906], [102.38166046142578, 394.3941650390625, 191.25230407714844, 425.0], [70.12024688720703, 405.30859375, 231.53311157226562, 425.0], [89.41414642333984, 393.0177001953125, 219.59088134765625, 424.98394775390625], [77.44977569580078, 400.69439697265625, 195.72604370117188, 425.0], [172.02003479003906, 56.74958801269531, 212.61209106445312, 141.81492614746094], [102.45649719238281, 402.71337890625, 188.346923828125, 424.9373474121094], [97.6141357421875, 351.6907653808594, 187.814208984375, 424.51885986328125], [108.84978485107422, 395.7300720214844, 209.8718719482422, 425.0], [195.32191467285156, 385.5472412109375, 211.14907836914062, 424.87896728515625], [40.28241729736328, 412.25677490234375, 158.70262145996094, 425.0], [69.75033569335938, 401.27032470703125, 190.9293975830078, 424.99761962890625], [184.2561798095703, 91.0059585571289, 211.9381866455078, 157.39451599121094], [167.21408081054688, 54.79320526123047, 216.01455688476562, 166.69931030273438], [217.9939727783203, 311.7329406738281, 334.9331359863281, 423.7900085449219], [190.7873077392578, 93.8697738647461, 210.08920288085938, 134.06617736816406], [191.36729431152344, 94.17024993896484, 210.5443115234375, 134.56475830078125], [107.99083709716797, 196.23643493652344, 340.583251953125, 424.7588806152344], [188.9723663330078, 95.49449157714844, 209.99302673339844, 141.48573303222656], [149.22508239746094, 385.7513122558594, 227.68896484375, 425.0], [195.80113220214844, 389.5726013183594, 210.24864196777344, 424.8649597167969], [194.15467834472656, 388.6227111816406, 206.44178771972656, 424.84991455078125], [197.033935546875, 388.19732666015625, 208.8059539794922, 424.9537048339844], [111.62519073486328, 394.1847839355469, 208.49473571777344, 425.0], [182.79693603515625, 98.78470611572266, 211.03668212890625, 156.38232421875], [165.07827758789062, 54.83320999145508, 211.9140625, 168.43992614746094], [166.10166931152344, 83.14659118652344, 209.3563690185547, 161.23947143554688], [411.9957275390625, 153.28765869140625, 424.99407958984375, 190.12554931640625], [113.57355499267578, 384.9077453613281, 209.34902954101562, 424.85687255859375], [105.73429870605469, 369.58203125, 213.25894165039062, 424.5934753417969], [414.75897216796875, 143.30442810058594, 425.0, 187.91734313964844], [415.46380615234375, 139.13697814941406, 425.0, 196.31463623046875], [160.74534606933594, 101.49313354492188, 179.06333923339844, 140.0009765625], [105.86198425292969, 347.1830139160156, 216.7659912109375, 424.36376953125], [420.7691955566406, 127.68280792236328, 425.0, 193.88514709472656], [83.65322875976562, 402.7109375, 393.1194152832031, 425.0], [160.4580535888672, 101.20401000976562, 178.06163024902344, 135.6514892578125], [177.2030029296875, 194.87689208984375, 334.4108581542969, 385.2741394042969], [188.7864990234375, 92.68338012695312, 211.83157348632812, 156.6527862548828], [191.26097106933594, 397.1865539550781, 214.23599243164062, 424.82073974609375], [179.85494995117188, 127.05646514892578, 202.94161987304688, 155.80747985839844], [157.87547302246094, 202.6891632080078, 342.675048828125, 423.9877014160156], [165.19656372070312, 100.46773529052734, 183.88954162597656, 137.36764526367188], [403.0404968261719, 128.2727813720703, 424.9790954589844, 191.759765625], [162.41957092285156, 102.65404510498047, 182.99392700195312, 141.10739135742188], [177.92050170898438, 123.29290771484375, 208.50518798828125, 159.69476318359375], [195.7218475341797, 186.14088439941406, 244.9688720703125, 203.2421417236328], [104.88363647460938, 367.8902587890625, 210.3295135498047, 425.0], [0.0, 