{"labels": [59, 59, 56, 74, 72, 60, 59, 74, 73, 59, 59, 14, 14, 60, 75, 75, 56, 73, 72, 58, 56, 75, 59, 14, 73, 14, 60, 73, 14, 59, 14, 60, 59, 73, 73, 74, 56, 74, 72, 62, 72, 73, 56, 14, 59, 72, 75, 74, 59, 73, 56, 59, 62, 59, 75, 73, 62, 56, 59, 59, 59, 59, 59, 14, 59, 75, 56, 56, 59, 59, 75, 56, 59, 14, 56, 73, 59, 73, 75, 73, 56, 59, 14, 14, 56, 75, 74, 14, 59, 56, 73, 56, 59, 56, 56, 62, 0, 59, 59, 0], "scores": [0.9565433859825134, 0.9069480299949646, 0.1538439244031906, 0.1408499926328659, 0.0872914269566536, 0.07140284031629562, 0.05588001385331154, 0.055146150290966034, 0.04863928258419037, 0.04775157570838928, 0.04505141079425812, 0.043493304401636124, 0.03984200581908226, 0.03813328966498375, 0.0327155664563179, 0.031143978238105774, 0.030546855181455612, 0.030492672696709633, 0.02970731630921364, 0.02719436027109623, 0.026516269892454147, 0.026105167344212532, 0.0257396399974823, 0.02487238682806492, 0.023598451167345047, 0.022584032267332077, 0.020182983949780464, 0.019534854218363762, 0.01941159926354885, 0.019384386017918587, 0.019268663600087166, 0.01912124641239643, 0.01838034950196743, 0.017669765278697014, 0.01728070341050625, 0.01703069731593132, 0.014909844845533371, 0.014311622828245163, 0.014252787455916405, 0.013558835722506046, 0.013057835400104523, 0.012904892675578594, 0.012624858878552914, 0.011974217370152473, 0.011857579462230206, 0.01123275700956583, 0.01047270093113184, 0.01040428876876831, 0.010294588282704353, 0.009886960498988628, 0.00965714268386364, 0.009638451971113682, 0.00960478838533163, 0.009338537231087685, 0.009290657006204128, 0.008965383283793926, 0.008962327614426613, 0.008249657228589058, 0.007578198332339525, 0.007268241606652737, 0.007131539285182953, 0.006014750339090824, 0.006006425712257624, 0.005953097715973854, 0.005781954620033503, 0.0057786209508776665, 0.005715042818337679, 0.005352492444217205, 0.0052893077954649925, 0.005213477183133364, 0.005095291882753372, 0.004540995229035616, 0.004449666012078524, 0.004036056809127331, 0.0038786251097917557, 0.00386639591306448, 0.003863939782604575, 0.0038551618345081806, 0.003728447947651148, 0.0034932224079966545, 0.0033914553932845592, 0.003305497346445918, 0.0031075235456228256, 0.0028540370985865593, 0.0023689570371061563, 0.0018319761147722602, 0.0018233709270134568, 0.0015696842456236482, 0.0014784010127186775, 0.0010895358864217997, 0.0008967462345026433, 0.0008786048274487257, 0.0007218529935926199, 0.0007103896350599825, 0.00036065676249563694, 0.0001979065709747374, 0.00018607192032504827, 0.0001610114995855838, 0.00014302032650448382, 0.00011738152534235269], "bboxes": [[26.50963020324707, 232.584716796875, 425.0, 423.379150390625], [16.720129013061523, 155.25271606445312, 425.0, 424.0805969238281], [0.053277891129255295, 288.4058837890625, 33.59855651855469, 383.1571350097656], [8.627978324890137, 233.05694580078125, 21.185321807861328, 249.0619354248047], [0.0, 171.0149383544922, 19.399938583374023, 297.39996337890625], [0.061167217791080475, 289.6629333496094, 31.360179901123047, 326.0006408691406], [164.84439086914062, 231.7940216064453, 424.48681640625, 422.8897705078125], [6.414762020111084, 233.03294372558594, 19.679609298706055, 248.4578857421875], [307.208740234375, 231.2594451904297, 336.42718505859375, 242.50917053222656], [164.5201873779297, 235.0395050048828, 394.4352722167969, 422.8454895019531], [28.65062713623047, 264.83819580078125, 399.0638427734375, 422.6690979003906], [197.18087768554688, 63.0667610168457, 209.87628173828125, 75.58873748779297], [188.31910705566406, 61.73790740966797, 203.52432250976562, 76.34251403808594], [0.11095721274614334, 288.0793151855469, 32.14760971069336, 357.0374450683594], [157.81016540527344, 85.22259521484375, 172.64891052246094, 124.70838165283203], [155.1907501220703, 88.45562744140625, 167.54574584960938, 123.78958129882812], [0.07915925234556198, 290.5218200683594, 33.836097717285156, 378.4025573730469], [306.5646667480469, 231.201171875, 333.0986022949219, 241.1627197265625], [0.0, 170.39306640625, 21.57373809814453, 320.6659240722656], [104.8775405883789, 44.70965576171875, 167.596435546875, 112.5079345703125], [0.05491496995091438, 250.12606811523438, 33.61140823364258, 393.2955017089844], [162.41281127929688, 88.07003784179688, 177.15647888183594, 122.7673568725586], [11.330840110778809, 46.06864929199219, 423.76080322265625, 423.5926818847656], [171.46194458007812, 49.971221923828125, 187.20257568359375, 69.10662078857422], [306.6567687988281, 234.75228881835938, 332.0042419433594, 245.6203155517578], [201.05148315429688, 69.3297119140625, 215.52813720703125, 84.94734191894531], [0.08912263065576553, 288.575439453125, 33.463897705078125, 366.0933532714844], [302.6508483886719, 232.15867614746094, 334.9220275878906, 246.89419555664062], [167.90017700195312, 48.894039154052734, 183.16079711914062, 68.88963317871094], [29.039573669433594, 244.00106811523438, 388.8651428222656, 367.5859069824219], [189.91748046875, 66.29672241210938, 210.34901428222656, 92.28028869628906], [0.05444316193461418, 290.5150146484375, 27.101791381835938, 371.757080078125], [30.58307647705078, 257.5586242675781, 376.24066162109375, 422.95184326171875], [307.599853515625, 232.2203826904297, 333.4814758300781, 241.58372497558594], [303.4258117675781, 235.8108367919922, 325.5367431640625, 245.8810577392578], [161.1627197265625, 86.64122772216797, 173.55810546875, 116.33338165283203], [311.4815673828125, 237.1813507080078, 345.04388427734375, 264.40887451171875], [0.0, 231.23184204101562, 17.298837661743164, 252.16305541992188], [0.0, 169.25425720214844, 20.796192169189453, 385.7061462402344], [0.0, 171.12196350097656, 18.364173889160156, 229.98719787597656], [0.0, 171.07740783691406, 23.22588539123535, 383.8474426269531], [308.22845458984375, 231.4189910888672, 333.8656921386719, 240.0196533203125], [0.10157646238803864, 308.80078125, 28.788799285888672, 381.1777648925781], [110.98985290527344, 56.942378997802734, 139.6351776123047, 84.10062408447266], [16.1577205657959, 154.0338897705078, 423.9311828613281, 422.6694030761719], [0.0, 170.45217895507812, 22.92030906677246, 357.67431640625], [133.55442810058594, 90.92034912109375, 150.80755615234375, 115.59244537353516], [170.3896942138672, 87.3840560913086, 183.5470733642578, 105.3218765258789], [166.8573760986328, 231.94207763671875, 424.346435546875, 403.5526428222656], [307.4931335449219, 231.25518798828125, 336.9231872558594, 242.30783081054688], [310.8175354003906, 234.56863403320312, 346.10345458984375, 264.7978820800781], [0.19153505563735962, 151.27793884277344, 425.0, 422.16925048828125], [0.0, 171.60118103027344, 18.29446029663086, 248.4066925048828], [12.957748413085938, 154.46888732910156, 424.8905029296875, 339.0836181640625], [160.0344696044922, 84.43335723876953, 184.413330078125, 127.96739196777344], [311.114990234375, 233.07701110839844, 337.18792724609375, 242.12522888183594], [0.0, 170.63458251953125, 20.491397857666016, 266.07110595703125], [318.6636962890625, 243.44534301757812, 342.39959716796875, 263.5127868652344], [23.963350296020508, 223.73329162597656, 423.5062255859375, 423.7467041015625], [0.2901524305343628, 183.19058227539062, 424.989990234375, 421.93170166015625], [25.576566696166992, 214.7821807861328, 425.0, 424.16339111328125], [8.165558815002441, 151.61331176757812, 425.0, 422.43310546875], [0.06181001663208008, 265.0968017578125, 425.0, 423.3810119628906], [160.42942810058594, 53.11921310424805, 172.11851501464844, 74.72157287597656], [17.965715408325195, 144.1272735595703, 424.67779541015625, 420.5763244628906], [169.02627563476562, 85.47996520996094, 198.91197204589844, 123.34383392333984], [313.0417785644531, 241.0637969970703, 338.0694274902344, 260.23077392578125], [320.3688659667969, 240.4114227294922, 345.7712097167969, 264.6069030761719], [22.119359970092773, 200.08328247070312, 425.0, 424.4261474609375], [27.671672821044922, 197.79127502441406, 424.91229248046875, 424.5546875], [121.28812408447266, 