{"labels": [0, 0, 38, 0, 0, 56, 0, 56, 56, 0, 0, 56, 56, 0, 0, 56, 56, 56, 56, 56, 0, 56, 56, 56, 0, 56, 56, 0, 56, 0, 56, 56, 56, 56, 56, 0, 56, 0, 0, 56, 0, 56, 56, 56, 56, 56, 0, 56, 0, 56, 56, 56, 56, 56, 56, 0, 56, 0, 0, 56, 0, 56, 56, 56, 0, 56, 0, 0, 0, 56, 56, 0, 56, 0, 0, 56, 56, 56, 0, 56, 0, 0, 56, 0, 56, 0, 56, 0, 0, 56, 56, 56, 38, 0, 0, 0, 56, 38, 0, 26], "scores": [0.998620867729187, 0.9977335929870605, 0.9951183795928955, 0.9634921550750732, 0.9634348750114441, 0.9632174968719482, 0.9631617069244385, 0.920779287815094, 0.9129917025566101, 0.908788800239563, 0.9031033515930176, 0.893219530582428, 0.8912780284881592, 0.8884519934654236, 0.8769918084144592, 0.876274049282074, 0.8761029839515686, 0.8684372305870056, 0.868228018283844, 0.8670718669891357, 0.8600185513496399, 0.8550572991371155, 0.8541856408119202, 0.8450368642807007, 0.841926097869873, 0.8405178785324097, 0.8379366397857666, 0.830909252166748, 0.8284915685653687, 0.821600615978241, 0.8102655410766602, 0.7995281219482422, 0.7980512380599976, 0.793928861618042, 0.7885801196098328, 0.7863940000534058, 0.7809494137763977, 0.7798420190811157, 0.7787024974822998, 0.7754703760147095, 0.7716624140739441, 0.7711864113807678, 0.7670598030090332, 0.7665523290634155, 0.760732114315033, 0.7604885697364807, 0.758904218673706, 0.7588406205177307, 0.7485799789428711, 0.73896324634552, 0.7374284863471985, 0.7301582098007202, 0.7220150232315063, 0.7207682132720947, 0.7184731364250183, 0.7006513476371765, 0.6982725262641907, 0.6981846690177917, 0.6832764744758606, 0.6797583699226379, 0.6629325151443481, 0.6604710221290588, 0.6559517979621887, 0.6547878980636597, 0.6545454263687134, 0.6412397027015686, 0.6090179085731506, 0.6074951887130737, 0.5981723666191101, 0.5949105620384216, 0.5704736113548279, 0.5701032280921936, 0.5676919221878052, 0.5661982893943787, 0.5527746677398682, 0.5453106164932251, 0.5334566235542297, 0.5240185260772705, 0.5185874700546265, 0.4988400936126709, 0.4876125156879425, 0.48449715971946716, 0.48319971561431885, 0.48223066329956055, 0.4507383704185486, 0.44126543402671814, 0.4285763204097748, 0.39124569296836853, 0.3864399492740631, 0.37129122018814087, 0.2758713960647583, 0.2731722593307495, 0.24282312393188477, 0.23854583501815796, 0.23524053394794464, 0.23149581253528595, 0.2005670815706253, 0.19892308115959167, 0.19871680438518524, 0.08479509502649307], "bboxes": [[187.81915283203125, 141.01824951171875, 251.28533935546875, 287.1936950683594], [117.62063598632812, 138.10763549804688, 192.6454620361328, 287.8714904785156], [147.22117614746094, 217.8101348876953, 165.6429901123047, 260.631103515625], [34.2083740234375, 140.64126586914062, 57.944053649902344, 172.32960510253906], [318.4837646484375, 153.99681091308594, 347.29815673828125, 180.28326416015625], [316.41253662109375, 370.2776184082031, 399.66986083984375, 425.0], [61.091304779052734, 140.80548095703125, 87.37018585205078, 176.17938232421875], [48.610618591308594, 105.49369049072266, 72.74981689453125, 125.48213195800781], [277.8543395996094, 164.35267639160156, 300.4949035644531, 180.48988342285156], [382.34979248046875, 120.86485290527344, 411.927001953125, 170.65699768066406], [55.60805892944336, 73.56797790527344, 77.14582061767578, 101.7126235961914], [66.86930847167969, 113.60868072509766, 90.31331634521484, 137.4378662109375], [200.07763671875, 100.90145874023438, 220.72756958007812, 121.20599365234375], [175.45083618164062, 147.29766845703125, 203.15924072265625, 176.67982482910156], [237.0333709716797, 99.5636215209961, 261.4693908691406, 138.60377502441406], [175.9570770263672, 102.51327514648438, 196.70623779296875, 123.36015319824219], [26.26573371887207, 85.06565856933594, 50.164127349853516, 103.9833984375], [326.6390380859375, 130.20510864257812, 351.8839111328125, 155.04322814941406], [30.984575271606445, 102.4096450805664, 54.915138244628906, 122.82503509521484], [409.6151123046875, 371.1371765136719, 425.0, 425.0], [253.98825073242188, 125.82283020019531, 274.6755065917969, 156.93563842773438], [258.8772888183594, 163.10360717773438, 280.9985046386719, 179.12318420410156], [44.794857025146484, 120.39273834228516, 69.08525848388672, 146.53048706054688], [178.90679931640625, 106.92837524414062, 199.6990203857422, 127.630859375], [343.2209167480469, 95.54195404052734, 370.8003845214844, 131.15232849121094], [217.0676727294922, 103.6131362915039, 238.83663940429688, 127.31371307373047], [70.85821533203125, 110.8809585571289, 92.7134017944336, 132.7948455810547], [345.1558532714844, 95.70247650146484, 371.5176696777344, 131.3660888671875], [301.2094421386719, 147.77391052246094, 324.7323303222656, 168.69784545898438], [0.0, 126.43883514404297, 15.56393051147461, 168.18856811523438], [1.6339597702026367, 95.91719818115234, 26.374746322631836, 117.81340026855469], [220.7607421875, 90.35623931884766, 244.21951293945312, 110.21277618408203], [276.861328125, 155.55177307128906, 302.0169677734375, 175.16012573242188], [10.792388916015625, 80.73966979980469, 35.6312141418457, 98.96338653564453], [163.80288696289062, 47.74666976928711, 184.99563598632812, 62.25076675415039], [301.58843994140625, 111.38516998291016, 327.4285888671875, 150.4219970703125], [345.8052673339844, 133.19015502929688, 369.1878662109375, 155.7052764892578], [168.8163604736328, 124.94816589355469, 189.65660095214844, 158.36622619628906], [175.25430297851562, 72.0500259399414, 195.50808715820312, 103.97377014160156], [258.3257141113281, 47.373775482177734, 277.9322814941406, 63.390811920166016], [317.5458068847656, 95.34136962890625, 342.5059814453125, 134.34893798828125], [53.4137077331543, 168.4618377685547, 77.32548522949219, 179.6585693359375], [66.14503479003906, 130.73216247558594, 89.99993133544922, 152.7340545654297], [235.84698486328125, 161.17745971679688, 255.4874725341797, 179.53594970703125], [391.4565124511719, 80.36357879638672, 414.4650573730469, 101.20809173583984], [249.1474151611328, 160.49403381347656, 270.4676208496094, 178.45062255859375], [202.65892028808594, 123.74493408203125, 231.0814666748047, 154.3125457763672], [15.039227485656738, 168.30328369140625, 39.38482666015625, 178.57684326171875], [279.3634948730469, 41.754398345947266, 302.3358459472656, 74.50162506103516], [41.579315185546875, 63.28084945678711, 64.71277618408203, 84.4603042602539], [250.827392578125, 47.944007873535156, 269.4551696777344, 63.899784088134766], [388.69842529296875, 96.28282165527344, 410.326904296875, 114.95185852050781], [245.86277770996094, 47.394874572753906, 264.5702819824219, 64.7094955444336], [272.97314453125, 373.0711669921875, 402.15777587890625, 425.0], [376.0041198730469, 79.40987396240234, 401.1637268066406, 101.2925796508789], [194.8646697998047, 30.696989059448242, 218.09307861328125, 65.09386444091797], [83.3111801147461, 49.277339935302734, 104.71793365478516, 72.0516128540039], [219.6223907470703, 54.09526824951172, 239.75689697265625, 84.03453826904297], [277.0960388183594, 78.51245880126953, 310.47576904296875, 117.70885467529297], [156.36061096191406, 30.07996368408203, 175.7428741455078, 47.3475341796875], [146.13958740234375, 75.24395751953125, 170.83299255371094, 108.79022216796875], [5.145484447479248, 165.7197723388672, 30.394845962524414, 177.54747009277344], [14.358546257019043, 145.5907440185547, 40.348426818847656, 168.468017578125], [363.23931884765625, 108.98760223388672, 386.9395446777344, 130.51734924316406], [75.42072296142578, 63.11486053466797, 103.12899017333984, 101.34396362304688], [148.87118530273438, 108.55728149414062, 171.39805603027344, 139.95457458496094], [17.869972229003906, 114.92657470703125, 43.8299446105957, 149.60182189941406], [323.0860900878906, 36.91205978393555, 357.70965576171875, 92.0818862915039], [279.6670227050781, 80.78886413574219, 313.5896911621094, 118.69979858398438], [266.9893798828125, 35.63664627075195, 289.5239562988281, 51.1877326965332], [412.6314697265625, 84.42214965820312, 425.0, 107.75629425048828], [377.5981750488281, 156.93435668945312, 