{"labels": [28, 28, 28, 28, 28, 26, 26, 26, 28, 24, 26, 28, 26, 26, 59, 26, 26, 73, 26, 26, 28, 24, 28, 28, 28, 28, 28, 59, 24, 28, 28, 28, 24, 73, 28, 28, 28, 73, 26, 28, 28, 73, 28, 28, 59, 28, 26, 28, 28, 28, 28, 28, 28, 28, 28, 28, 73, 28, 26, 28, 28, 73, 28, 28, 28, 28, 28, 28, 59, 73, 28, 73, 28, 28, 28, 28, 28, 73, 59, 28, 26, 28, 28, 28, 28, 26, 59, 28, 28, 28, 28, 28, 28, 73, 28, 28, 28, 59, 59, 26], "scores": [0.9975249171257019, 0.8101729154586792, 0.5266622304916382, 0.17785513401031494, 0.16288913786411285, 0.12342014908790588, 0.10906732827425003, 0.1018403097987175, 0.09658880531787872, 0.09209348261356354, 0.09047208726406097, 0.06846914440393448, 0.059603139758110046, 0.058702532202005386, 0.054976314306259155, 0.05336162447929382, 0.04982045665383339, 0.0395067036151886, 0.03764082118868828, 0.03620385006070137, 0.03583492338657379, 0.034284111112356186, 0.030368434265255928, 0.029766546562314034, 0.029000528156757355, 0.02641630917787552, 0.026080401614308357, 0.025914588943123817, 0.025359436869621277, 0.025144200772047043, 0.023971352726221085, 0.019712379202246666, 0.018646689131855965, 0.017708759754896164, 0.01666644588112831, 0.016500508412718773, 0.016316452994942665, 0.01591446064412594, 0.01557981874793768, 0.015535666607320309, 0.014697510749101639, 0.014521155506372452, 0.014303927309811115, 0.01413713674992323, 0.011944053694605827, 0.011408313177525997, 0.011090108193457127, 0.010970520786941051, 0.009213268756866455, 0.009163795039057732, 0.008509385399520397, 0.007598019205033779, 0.0075324843637645245, 0.00717959413304925, 0.00690106675028801, 0.006855389568954706, 0.006730843335390091, 0.006693462375551462, 0.006619221996515989, 0.006585476920008659, 0.006541799288243055, 0.0063411770388484, 0.006205631420016289, 0.006183844991028309, 0.00520353764295578, 0.004915650002658367, 0.004678111989051104, 0.004627032205462456, 0.0044902595691382885, 0.0041825734078884125, 0.0041752769611775875, 0.0040636514313519, 0.0038207892794162035, 0.003798607736825943, 0.003607985330745578, 0.0034975886810570955, 0.003442947054281831, 0.0033878181129693985, 0.003367242868989706, 0.003287512343376875, 0.0030531217344105244, 0.0029369648545980453, 0.0029069611337035894, 0.002776594366878271, 0.0027586808428168297, 0.0027222551871091127, 0.0025697427336126566, 0.002146325772628188, 0.00205832882784307, 0.0019996168557554483, 0.0019561429508030415, 0.0018202534411102533, 0.0016962294466793537, 0.0016777260461822152, 0.0016648265300318599, 0.0016343992901965976, 0.0012235066387802362, 0.000735815498046577, 0.00050991220632568, 0.0004307189374230802], "bboxes": [[144.71905517578125, 114.54177856445312, 288.3660888671875, 296.1764831542969], [48.44831466674805, 138.74148559570312, 142.72598266601562, 299.326171875], [281.7939758300781, 161.3558349609375, 394.95440673828125, 280.57781982421875], [54.90774917602539, 214.6741943359375, 144.12916564941406, 296.9841613769531], [53.84320068359375, 212.95249938964844, 140.87564086914062, 297.3822937011719], [280.21429443359375, 163.00762939453125, 393.220703125, 282.7032775878906], [280.71258544921875, 163.3861083984375, 393.9795837402344, 281.7449035644531], [50.457618713378906, 139.0106201171875, 139.78604125976562, 235.7772979736328], [0.0, 264.8648376464844, 54.630279541015625, 340.62115478515625], [277.85723876953125, 163.47694396972656, 394.401611328125, 282.5262145996094], [276.9487609863281, 163.26695251464844, 394.12939453125, 282.2705993652344], [50.84587860107422, 216.44314575195312, 141.0423126220703, 296.0108337402344], [280.5309143066406, 163.33119201660156, 390.9308776855469, 282.3107604980469], [54.11318588256836, 138.8182830810547, 138.16415405273438, 231.23423767089844], [0.05246251821517944, 266.4757080078125, 425.0, 424.2151184082031], [53.008697509765625, 166.4475860595703, 136.720947265625, 236.66966247558594], [279.987060546875, 166.19256591796875, 389.8072509765625, 281.083984375], [0.023390911519527435, 265.1932373046875, 56.37188720703125, 306.8612060546875], [49.65461349487305, 143.05380249023438, 136.5610809326172, 232.8509979248047], [281.4199523925781, 164.6371612548828, 389.4658508300781, 281.7680969238281], [49.52177047729492, 138.6971893310547, 142.91587829589844, 295.44110107421875], [276.7917175292969, 163.33180236816406, 392.09039306640625, 283.38519287109375], [0.21480247378349304, 141.29376220703125, 141.2082061767578, 340.4234313964844], [52.747337341308594, 114.87403869628906, 287.8677978515625, 300.5628356933594], [48.77188491821289, 154.6641387939453, 145.02503967285156, 298.42987060546875], [150.65467834472656, 179.80657958984375, 285.3421936035156, 293.6051025390625], [50.864871978759766, 138.1265869140625, 140.65005493164062, 244.82640075683594], [0.0, 286.9254455566406, 423.0558776855469, 423.354736328125], [286.9659118652344, 164.89974975585938, 395.47821044921875, 272.124755859375], [47.274234771728516, 140.37359619140625, 141.77818298339844, 288.5138244628906], [64.67852020263672, 184.91114807128906, 143.67401123046875, 297.7638854980469], [48.10342025756836, 219.0175323486328, 89.10701751708984, 293.6530456542969], [276.0550231933594, 160.99395751953125, 395.0752868652344, 285.2974548339844], [0.04703672602772713, 288.130126953125, 50.96197509765625, 343.45697021484375], [48.248756408691406, 138.45281982421875, 142.09828186035156, 297.27740478515625], [52.584312438964844, 119.16410827636719, 285.3861389160156, 299.6595458984375], [145.66122436523438, 114.91893005371094, 391.2571716308594, 290.9930725097656], [0.0, 285.7839660644531, 50.11625671386719, 338.88323974609375], [281.9328918457031, 164.41419982910156, 389.85491943359375, 263.4975891113281], [61.17654037475586, 160.56971740722656, 141.0950164794922, 281.1658020019531], [49.780723571777344, 144.96884155273438, 145.95631408691406, 299.8527526855469], [0.028840452432632446, 291.0420227050781, 46.497459411621094, 344.12457275390625], [47.27054214477539, 139.31190490722656, 144.98081970214844, 298.9012145996094], [150.67994689941406, 182.0756378173828, 283.4338684082031, 294.5180358886719], [0.1130819320678711, 275.8931579589844, 425.0, 424.7700500488281], [146.31121826171875, 115.10845184326172, 286.35052490234375, 201.8377227783203], [58.19152069091797, 137.78346252441406, 134.30413818359375, 171.10948181152344], [49.83903884887695, 115.87173461914062, 291.99462890625, 299.0404968261719], [285.9705505371094, 231.7042999267578, 383.6202392578125, 282.77557373046875], [139.22413635253906, 122.79581451416016, 393.6491394042969, 283.5099792480469], [0.012116599828004837, 248.87075805664062, 50.387672424316406, 348.58306884765625], [411.74853515625, 186.27218627929688, 425.0, 251.87709045410156], [380.591064453125, 163.86972045898438, 423.57025146484375, 252.65061950683594], [0.0010515737812966108, 199.5705108642578, 1.844595193862915, 352.13116455078125], [389.9625244140625, 196.08111572265625, 425.0, 251.05223083496094], [388.1845703125, 200.24380493164062, 425.0, 251.03472900390625], [0.007630069740116596, 272.09674072265625, 2.4413726329803467, 344.27459716796875], [144.42039489746094, 114.21135711669922, 285.279052734375, 194.53797912597656], [282.9173889160156, 162.77401733398438, 394.0591735839844, 259.2922668457031], [45.95767593383789, 152.90145874023438, 109.53108978271484, 263.00897216796875], [0.0, 261.008544921875, 55.395286560058594, 343.79498291015625], [0.0, 268.7781677246094, 3.3320417404174805, 304.8699035644531], [0.0, 200.47149658203125, 50.18315124511719, 345.004638671875], [144.4137725830078, 114.04916381835938, 288.8948059082031, 287.9985656738281], [0.0, 227.9438934326172, 137.1351318359375, 337.9500732421875], [49.74505615234375, 184.262451171875, 280.96319580078125, 297.2195739746094], [416.8027648925781, 152.68878173828125, 425.0, 249.864013671875], [148.06854248046875, 113.60493469238281, 287.4056396484375, 198.14346313476562], [2.148784637451172, 111.882080078125, 416.5634765625, 423.4485168457031], [0.0, 269.3277893066406, 4.906652927398682, 301.04132080078125], 