{"labels": [17, 17, 17, 17, 17, 0, 17, 0, 0, 17, 0, 17, 17, 17, 0, 9, 0, 0, 17, 17, 0, 0, 0, 0, 0, 17, 0, 0, 17, 0, 0, 0, 0, 17, 17, 0, 0, 17, 0, 17, 0, 0, 0, 17, 17, 0, 0, 0, 0, 17, 17, 17, 17, 0, 17, 0, 9, 17, 17, 17, 9, 17, 17, 17, 17, 17, 0, 0, 17, 0, 17, 0, 17, 0, 0, 0, 0, 0, 17, 0, 17, 17, 0, 0, 17, 17, 17, 0, 17, 17, 17, 0, 17, 0, 17, 17, 0, 17, 17, 0], "scores": [0.997160792350769, 0.9944069385528564, 0.9913493394851685, 0.9911575317382812, 0.9902453422546387, 0.9821630120277405, 0.9776356816291809, 0.9761077761650085, 0.9665588736534119, 0.9588902592658997, 0.9477609992027283, 0.9242745041847229, 0.9118406176567078, 0.904654324054718, 0.8737745881080627, 0.8674805164337158, 0.8454316854476929, 0.8433520793914795, 0.8299033045768738, 0.7701236605644226, 0.7484226822853088, 0.6600630283355713, 0.6476048231124878, 0.6239105463027954, 0.6235984563827515, 0.5840567350387573, 0.5731202363967896, 0.5515769124031067, 0.5393487811088562, 0.5386707782745361, 0.5329868197441101, 0.5327518582344055, 0.5287860631942749, 0.5275033116340637, 0.45270001888275146, 0.450650155544281, 0.41842085123062134, 0.4017876386642456, 0.3673108220100403, 0.35872042179107666, 0.3532191514968872, 0.35028529167175293, 0.3437330722808838, 0.3321092128753662, 0.32356876134872437, 0.3179738223552704, 0.3161686062812805, 0.3136258125305176, 0.31339067220687866, 0.2956412136554718, 0.2476302683353424, 0.23191717267036438, 0.20880191028118134, 0.2069474756717682, 0.19595620036125183, 0.19155871868133545, 0.189811110496521, 0.1784999817609787, 0.17845191061496735, 0.17674875259399414, 0.17583909630775452, 0.17303110659122467, 0.16915880143642426, 0.16653119027614594, 0.1569918692111969, 0.1544543206691742, 0.1521843820810318, 0.13631504774093628, 0.12820780277252197, 0.12543782591819763, 0.12050401419401169, 0.11670166999101639, 0.11011505872011185, 0.10272478312253952, 0.10170172899961472, 0.09967965632677078, 0.0992807149887085, 0.09630445390939713, 0.08668981492519379, 0.07890333980321884, 0.06924162805080414, 0.06538491696119308, 0.05932734161615372, 0.058597464114427567, 0.05697152391076088, 0.05383046343922615, 0.0534207746386528, 0.052449263632297516, 0.046383365988731384, 0.04404011741280556, 0.04388228803873062, 0.039146021008491516, 0.03896123543381691, 0.035591546446084976, 0.03436416760087013, 0.03412178158760071, 0.029190102592110634, 0.027005566284060478, 0.022731570526957512, 0.01969989575445652], "bboxes": [[193.62889099121094, 273.1459045410156, 235.6907196044922, 338.83587646484375], [122.20861053466797, 148.69264221191406, 183.5197296142578, 194.28860473632812], [46.77834701538086, 155.0592041015625, 110.42007446289062, 193.7050018310547], [246.57318115234375, 280.24102783203125, 305.00482177734375, 348.0364074707031], [298.166015625, 274.1711120605469, 370.74713134765625, 372.0380859375], [250.01348876953125, 260.9915771484375, 269.68133544921875, 287.6915283203125], [239.48202514648438, 149.08990478515625, 287.91162109375, 210.8740692138672], [332.0619812011719, 252.24465942382812, 356.7808532714844, 281.493408203125], [366.113037109375, 238.75086975097656, 384.431884765625, 268.84930419921875], [358.0246276855469, 259.0751647949219, 425.0, 365.0364074707031], [298.6922302246094, 268.3215637207031, 314.9505310058594, 292.30987548828125], [396.15093994140625, 291.3683776855469, 425.0, 370.4883728027344], [201.077880859375, 224.065185546875, 245.1878204345703, 284.4107666015625], [198.0008544921875, 188.5201873779297, 243.28553771972656, 281.9063720703125], [225.9538116455078, 280.5911560058594, 237.4897003173828, 308.598388671875], [378.7669677734375, 194.2283172607422, 398.2474365234375, 224.3246612548828], [278.53021240234375, 268.1994323730469, 303.44873046875, 314.6318664550781], [238.1068115234375, 282.946533203125, 252.0552520751953, 311.80035400390625], [241.28114318847656, 142.8224334716797, 290.21844482421875, 199.8817138671875], [198.58834838867188, 187.2295379638672, 242.8155975341797, 277.55792236328125], [28.631071090698242, 125.04193878173828, 41.1188850402832, 143.81581115722656], [195.05276489257812, 271.3557434082031, 209.78146362304688, 307.6026916503906], [362.6556091308594, 239.6903533935547, 386.3936462402344, 296.75726318359375], [276.4476013183594, 266.7671813964844, 295.71075439453125, 289.133056640625], [226.90611267089844, 278.41412353515625, 238.7288055419922, 306.66802978515625], [268.7029724121094, 150.398193359375, 292.51788330078125, 197.46522521972656], [403.6405334472656, 284.1150817871094, 425.0, 327.9926452636719], [399.98480224609375, 263.3876647949219, 425.0, 327.68792724609375], [356.02642822265625, 276.7369689941406, 415.4683532714844, 361.1496887207031], [285.2216491699219, 270.3222961425781, 303.87689208984375, 292.2556457519531], [300.8833312988281, 266.35577392578125, 323.9977111816406, 307.9786376953125], [241.62933349609375, 140.9907989501953, 276.6131896972656, 179.87905883789062], [365.2900085449219, 265.25128173828125, 389.2105407714844, 290.6575622558594], [201.2550506591797, 183.5089111328125, 240.12542724609375, 227.44911193847656], [386.7132873535156, 258.0589904785156, 418.5931701660156, 285.0151672363281], [333.677001953125, 251.10638427734375, 376.897705078125, 304.7022705078125], [414.7804260253906, 273.0433349609375, 425.0, 318.35565185546875], [207.22267150878906, 237.40606689453125, 241.90184020996094, 287.5564270019531], [251.92518615722656, 140.22628784179688, 280.0095520019531, 162.3849334716797], [393.9200439453125, 261.6330261230469, 424.9949645996094, 290.78973388671875], [248.03375244140625, 140.37644958496094, 275.9415588378906, 163.9486541748047], [315.9183654785156, 267.46173095703125, 335.8711242675781, 284.6731872558594], [358.89141845703125, 269.27490234375, 383.3701477050781, 295.3906555175781], [261.9832763671875, 251.59774780273438, 288.79901123046875, 285.295654296875], [393.84539794921875, 265.3408203125, 425.0, 306.6291198730469], [367.3239440917969, 260.99072265625, 423.5230712890625, 310.85382080078125], [196.7045135498047, 267.7755432128906, 216.337890625, 306.9279479980469], [26.97028350830078, 125.13137817382812, 40.13749313354492, 142.53514099121094], [242.76492309570312, 276.6441650390625, 261.7231750488281, 311.456298828125], [380.9620666503906, 261.08514404296875, 422.3743591308594, 294.7724609375], [238.0949249267578, 144.40684509277344, 291.50701904296875, 206.7184600830078], [196.9534149169922, 189.31114196777344, 246.74220275878906, 296.95849609375], [204.27203369140625, 216.6031494140625, 241.83168029785156, 265.33929443359375], [234.63978576660156, 284.78289794921875, 246.3734130859375, 312.93975830078125], [303.1257019042969, 272.13031005859375, 377.61383056640625, 329.43475341796875], [248.875, 262.5994873046875, 267.133056640625, 287.7659606933594], [392.1123962402344, 196.90740966796875, 408.6072998046875, 226.50592041015625], [199.94781494140625, 246.48719787597656, 228.18870544433594, 286.0446472167969], [203.7255859375, 223.32847595214844, 242.4544219970703, 286.968017578125], [202.30691528320312, 211.12442016601562, 234.88185119628906, 247.68667602539062], [378.3777770996094, 194.82249450683594, 395.0302734375, 222.69125366210938], [258.87774658203125, 272.4346618652344, 304.6434020996094, 339.2333068847656], [211.71432495117188, 183.73721313476562, 241.74705505371094, 221.8324737548828], [261.762939453125, 253.5502166748047, 285.02777099609375, 284.9257507324219], [300.7196044921875, 270.0967102050781, 378.88677978515625, 360.7309265136719], [0.0, 157.83802795410156, 2.978315830230713, 179.77645874023438], [0.0, 152.85235595703125, 1.9124659299850464, 177.85777282714844], [337.1070556640625, 260.6087646484375, 359.66058349609375, 284.45233154296875], [301.71014404296875, 271.9798889160156, 353.1730041503906, 340.9236145019531], [331.12548828125, 253.25942993164062, 344.15631103515625, 269.4435729980469], [264.9256286621094, 195.22738647460938, 288.10980224609375, 224.61572265625], [0.0, 146.03814697265625, 1.3853678703308105, 189.6731719970703], 