{"labels": [23, 23, 23, 23, 23, 23, 23, 23, 23, 23, 23, 23, 23, 23, 23, 23, 23, 23, 23, 23, 23, 23, 23, 23, 23, 23, 23, 23, 23, 23, 23, 23, 23, 23, 23, 23, 23, 23, 23, 23, 23, 23, 23, 23, 23, 23, 23, 23, 23, 23, 23, 23, 23, 23, 23, 23, 23, 23, 23, 23, 23, 23, 23, 23, 23, 23, 23, 23, 23, 23, 23, 23, 23, 23, 23, 23, 23, 23, 23, 23, 23, 23, 23, 23, 23, 23, 23, 23, 23, 23, 23, 23, 23, 23, 23, 23, 23, 23, 23, 14], "scores": [0.9970740079879761, 0.9966206550598145, 0.30471086502075195, 0.24154557287693024, 0.14543692767620087, 0.13656075298786163, 0.1260998249053955, 0.10743928700685501, 0.10477008670568466, 0.0918525829911232, 0.08604776114225388, 0.07324761152267456, 0.06417164951562881, 0.06359294056892395, 0.06313186883926392, 0.06240430474281311, 0.05816589668393135, 0.05486569181084633, 0.053449731320142746, 0.05312606692314148, 0.051449552178382874, 0.04947946220636368, 0.04866928607225418, 0.038363825529813766, 0.0372183732688427, 0.034637413918972015, 0.03330128267407417, 0.03199460357427597, 0.03135300055146217, 0.030696716159582138, 0.0294388048350811, 0.029305394738912582, 0.027447957545518875, 0.02622208744287491, 0.022894229739904404, 0.0223461352288723, 0.019344350323081017, 0.01700364425778389, 0.016538308933377266, 0.014970170333981514, 0.014409098774194717, 0.014193705283105373, 0.014051509089767933, 0.013753173872828484, 0.012016717344522476, 0.010784094221889973, 0.009721466340124607, 0.009100290015339851, 0.00841734278947115, 0.007502045016735792, 0.007350666914135218, 0.007061313837766647, 0.005962451919913292, 0.005169769283384085, 0.003833033377304673, 0.003624244127422571, 0.0033841936383396387, 0.00338111468590796, 0.0033665767405182123, 0.003245519706979394, 0.0028807814233005047, 0.002860926790162921, 0.002594098448753357, 0.0025610243901610374, 0.002430565422400832, 0.002421977696940303, 0.002383777406066656, 0.002197523834183812, 0.0020412690937519073, 0.0018498512217774987, 0.0018361136317253113, 0.001783772837370634, 0.0017675127601251006, 0.001741541433148086, 0.0017203801544383168, 0.0016652296762913465, 0.0016558088827878237, 0.001651658909395337, 0.0016301258001476526, 0.0014453266048803926, 0.0013061633799225092, 0.0012596237938851118, 0.0011911910260096192, 0.0011358052724972367, 0.00109712197445333, 0.0010814726119861007, 0.0010604134295135736, 0.0009893383830785751, 0.0009867794578894973, 0.0008605982875451446, 0.0008535429369658232, 0.0008266703807748854, 0.0007718364940956235, 0.0007587407017126679, 0.0007252791547216475, 0.0005090950871817768, 0.0004991768510080874, 0.00048315830645151436, 0.0003246398991905153, 0.0003217326302547008], "bboxes": [[1.9017947912216187, 180.7946319580078, 93.8888931274414, 260.9617614746094], [282.2100524902344, 184.05889892578125, 328.1512145996094, 281.9335632324219], [44.305931091308594, 219.57647705078125, 61.81315612792969, 249.07896423339844], [43.639949798583984, 222.13035583496094, 59.81181716918945, 249.97312927246094], [42.35084533691406, 221.427978515625, 58.879093170166016, 249.64845275878906], [0.018882611766457558, 209.0989227294922, 11.647662162780762, 262.1214904785156], [0.04230518639087677, 200.20066833496094, 15.729864120483398, 261.45556640625], [0.012299069203436375, 207.36769104003906, 7.536510944366455, 260.5272521972656], [44.80063247680664, 218.61582946777344, 61.63151168823242, 247.4318084716797], [14.106807708740234, 204.07672119140625, 58.265869140625, 256.6553955078125], [0.007158657535910606, 161.07110595703125, 7.819666862487793, 262.14825439453125], [0.009488011710345745, 204.47515869140625, 11.484434127807617, 256.7313232421875], [5.4921112060546875, 205.7884979248047, 40.66063690185547, 254.6251983642578], [42.06085968017578, 223.62022399902344, 58.2563591003418, 251.0002899169922], [5.026778221130371, 210.95016479492188, 21.98354721069336, 256.3288879394531], [0.00512952683493495, 207.65966796875, 4.652492523193359, 263.0362243652344], [43.968814849853516, 183.00852966308594, 88.48677825927734, 246.67764282226562], [0.0017128768377006054, 156.00660705566406, 2.8394713401794434, 265.0550231933594], [0.01580873504281044, 167.10655212402344, 10.58121109008789, 265.2373352050781], [46.70380783081055, 222.12596130371094, 61.693077087402344, 248.8241729736328], [40.2588996887207, 213.30870056152344, 63.953125, 252.40377807617188], [0.0185422133654356, 177.9733428955078, 15.849136352539062, 258.2859191894531], [27.196109771728516, 205.02197265625, 58.849571228027344, 250.52052307128906], [45.39176559448242, 221.35382080078125, 62.26493453979492, 249.95545959472656], [25.945486068725586, 189.761474609375, 71.41150665283203, 252.31466674804688], [0.0016612233594059944, 163.20449829101562, 2.820824384689331, 189.8273468017578], [0.014646234922111034, 212.80398559570312, 10.97219181060791, 261.74267578125], [0.0, 164.55982971191406, 2.131387948989868, 245.39553833007812], [44.23794174194336, 224.92208862304688, 60.41426086425781, 250.91847229003906], [51.29863739013672, 215.032470703125, 68.6657485961914, 238.0183868408203], [51.172027587890625, 216.8837127685547, 68.88273620605469, 245.00099182128906], [0.0, 182.5248565673828, 53.1451416015625, 260.4576416015625], [5.0848236083984375, 179.23565673828125, 320.6466064453125, 280.4041748046875], [41.956024169921875, 180.8216094970703, 95.50785827636719, 251.0], [0.0024611596018075943, 183.58349609375, 9.887713432312012, 230.59423828125], [0.06043021380901337, 196.8620147705078, 18.6221981048584, 263.4983825683594], [18.518041610717773, 214.16725158691406, 60.23506546020508, 255.60934448242188], [0.47304612398147583, 177.2967529296875, 96.87553405761719, 262.86224365234375], [55.006534576416016, 215.77978515625, 74.93209075927734, 242.89639282226562], [0.07043872028589249, 198.72401428222656, 18.9899959564209, 264.1929931640625], [51.41025161743164, 183.22142028808594, 93.18106079101562, 229.19497680664062], [51.89345932006836, 204.80340576171875, 68.64180755615234, 220.34371948242188], [0.0, 154.19161987304688, 97.97295379638672, 262.2939758300781], [19.92645835876465, 183.31179809570312, 89.10797119140625, 229.87625122070312], [9.801206588745117, 181.72396850585938, 318.1014099121094, 281.54779052734375], [0.0, 174.8589630126953, 34.07167053222656, 236.49560546875], [418.0828857421875, 158.33169555664062, 425.0, 250.72633361816406], [18.078065872192383, 181.37741088867188, 85.04550170898438, 260.2325744628906], [15.197601318359375, 178.9480438232422, 102.62319946289062, 256.00830078125], [423.15460205078125, 202.0140838623047, 425.0, 260.4955749511719], [51.3634147644043, 178.54354858398438, 313.1450500488281, 276.0411376953125], [34.54421615600586, 181.32443237304688, 92.49083709716797, 216.56398010253906], [422.73919677734375, 169.85723876953125, 425.0, 218.73890686035156], [394.99114990234375, 175.79879760742188, 425.0, 247.17083740234375], [420.4233703613281, 140.6889190673828, 425.0, 301.43310546875], [403.98077392578125, 214.3301544189453, 424.9529113769531, 249.36160278320312], [415.89752197265625, 153.38034057617188, 425.0, 238.4863739013672], [418.6406555175781, 212.21023559570312, 425.0, 253.65582275390625], [406.1895751953125, 204.03271484375, 425.0, 239.54458618164062], [405.95550537109375, 163.4504852294922, 425.0, 280.3760070800781], [298.8988342285156, 245.61756896972656, 321.0789794921875, 280.88323974609375], [282.8966369628906, 207.0225830078125, 319.35394287109375, 278.9349670410156], [284.966064453125, 238.68455505371094, 305.88677978515625, 278.7760925292969], [283.66851806640625, 236.17898559570312, 313.412109375, 278.09747314453125], [278.8238525390625, 186.10731506347656, 312.5097351074219, 278.36572265625], [287.7719421386719, 245.74594116210938, 315.979736328125, 279.4621887207031], [310.19244384765625, 246.23236083984375, 325.6271667480469, 278.8753356933594], [287.9404602050781, 236.34237670898438, 323.0442199707031, 281.1925354003906], [292.9050598144531, 215.49368286132812, 320.9015808105469, 277.36859130859375], [281.88775634765625, 184.13894653320312, 318.51226806640625, 