{"labels": [0, 54, 54, 54, 54, 54, 54, 54, 54, 54, 54, 54, 54, 54, 54, 54, 54, 54, 41, 45, 54, 54, 54, 54, 54, 54, 54, 54, 54, 54, 54, 54, 54, 54, 54, 54, 54, 54, 54, 54, 54, 54, 54, 0, 0, 54, 54, 54, 54, 54, 54, 54, 0, 54, 39, 54, 54, 54, 54, 54, 0, 54, 0, 0, 54, 0, 54, 54, 54, 0, 54, 0, 54, 54, 45, 54, 54, 54, 54, 0, 54, 0, 54, 54, 54, 54, 54, 54, 54, 54, 54, 54, 54, 54, 54, 54, 54, 72, 0, 72], "scores": [0.9840444326400757, 0.9799694418907166, 0.970171332359314, 0.9590561389923096, 0.9529674053192139, 0.949314296245575, 0.9482094645500183, 0.9455944895744324, 0.9321101307868958, 0.9127599596977234, 0.9107650518417358, 0.9080658555030823, 0.887761652469635, 0.8837510347366333, 0.8799799084663391, 0.8684584498405457, 0.844676673412323, 0.7544889450073242, 0.7278967499732971, 0.7242701053619385, 0.7096426486968994, 0.702674925327301, 0.6979262828826904, 0.6943055987358093, 0.6701295971870422, 0.6695206165313721, 0.6449728012084961, 0.6311509013175964, 0.6252034306526184, 0.620823323726654, 0.551274836063385, 0.5335968732833862, 0.5326317548751831, 0.5137343406677246, 0.4468683898448944, 0.435903936624527, 0.42090335488319397, 0.3895017206668854, 0.3619880974292755, 0.35892727971076965, 0.34611383080482483, 0.34021034836769104, 0.3376736044883728, 0.30189988017082214, 0.27408578991889954, 0.25682809948921204, 0.24887889623641968, 0.22139011323451996, 0.18501146137714386, 0.15950581431388855, 0.15857556462287903, 0.1534401923418045, 0.1431390941143036, 0.13390877842903137, 0.13320712745189667, 0.13298551738262177, 0.12369022518396378, 0.12344653159379959, 0.11437799036502838, 0.11296791583299637, 0.10763256996870041, 0.10332314670085907, 0.10283640027046204, 0.09813664108514786, 0.09475893527269363, 0.09420642256736755, 0.09234116226434708, 0.09095382690429688, 0.08445272594690323, 0.084156334400177, 0.07871674001216888, 0.0759894922375679, 0.04988287761807442, 0.048368897289037704, 0.04600796848535538, 0.045247435569763184, 0.04449782520532608, 0.042034782469272614, 0.041121646761894226, 0.04081994295120239, 0.04061166197061539, 0.03749809414148331, 0.03457832336425781, 0.03307752683758736, 0.029125934466719627, 0.02635987289249897, 0.02507416158914566, 0.02379659004509449, 0.023744165897369385, 0.02146792598068714, 0.020326033234596252, 0.02029266394674778, 0.01935320347547531, 0.018639301881194115, 0.01832999661564827, 0.016964249312877655, 0.016200849786400795, 0.014114311896264553, 0.011016380041837692, 0.0082450732588768], "bboxes": [[208.87921142578125, 0.0, 333.98870849609375, 120.00907135009766], [181.7332763671875, 327.77398681640625, 240.74423217773438, 364.4365539550781], [327.6705322265625, 153.59222412109375, 359.07330322265625, 181.94619750976562], [270.1895751953125, 150.0249481201172, 300.7800598144531, 176.81854248046875], [188.78024291992188, 259.6255798339844, 241.7615203857422, 291.47222900390625], [308.1186828613281, 123.12860870361328, 336.69586181640625, 147.94517517089844], [337.63287353515625, 123.42057037353516, 368.5552062988281, 150.3346710205078], [365.706298828125, 125.42479705810547, 396.3851318359375, 151.46469116210938], [298.3235168457031, 150.94357299804688, 328.05859375, 177.9930877685547], [163.62135314941406, 283.60662841796875, 217.201171875, 317.0138244628906], [208.4822235107422, 292.10821533203125, 262.1498107910156, 326.9561462402344], [298.51690673828125, 151.39585876464844, 328.3785095214844, 179.06161499023438], [281.55633544921875, 118.93724822998047, 310.3111267089844, 145.74082946777344], [238.58724975585938, 265.9474182128906, 284.7439270019531, 295.8994445800781], [304.770751953125, 195.0732421875, 346.21002197265625, 215.52903747558594], [137.89576721191406, 319.34765625, 187.24380493164062, 355.5013427734375], [282.1664123535156, 182.00376892089844, 319.5399475097656, 201.75537109375], [300.8934020996094, 186.60374450683594, 338.71087646484375, 205.18386840820312], [317.494140625, 28.575885772705078, 342.1669006347656, 66.826171875], [300.7428894042969, 64.14175415039062, 381.3664855957031, 112.34066772460938], [283.2642822265625, 269.95318603515625, 329.3498840332031, 302.07806396484375], [339.19537353515625, 33.65252685546875, 372.4211730957031, 66.14871978759766], [226.92953491210938, 348.3919677734375, 279.1235656738281, 381.6354064941406], [312.2408447265625, 191.63772583007812, 351.14764404296875, 210.9525909423828], [350.7723083496094, 101.83797454833984, 380.060302734375, 121.4473876953125], [357.3990173339844, 156.32388305664062, 385.29150390625, 182.61724853515625], [253.14849853515625, 304.666748046875, 304.95733642578125, 341.5663146972656], [238.0121307373047, 183.0833282470703, 286.31768798828125, 204.6007843017578], [152.4766845703125, 251.138671875, 194.37530517578125, 277.3545837402344], [281.34661865234375, 181.29579162597656, 318.0003356933594, 200.6763458251953], [327.2672119140625, 113.90058898925781, 352.953369140625, 130.5155029296875], [250.04518127441406, 174.45452880859375, 293.7183532714844, 195.24609375], [258.1451721191406, 201.2220001220703, 289.6371154785156, 219.1008758544922], [267.3836364746094, 275.85101318359375, 323.1138610839844, 309.97113037109375], [135.29022216796875, 282.2883605957031, 166.3661346435547, 311.4743957519531], [308.0124206542969, 122.03904724121094, 335.6811218261719, 146.7139892578125], [277.8338623046875, 153.9102783203125, 310.7004089355469, 179.6153106689453], [377.13262939453125, 106.89529418945312, 405.0549011230469, 125.6905517578125], [294.1195068359375, 204.95724487304688, 329.9449768066406, 226.39584350585938], [101.8100814819336, 369.7623596191406, 146.27432250976562, 412.2673645019531], [338.5281066894531, 35.861724853515625, 367.46929931640625, 64.78585052490234], [222.7958984375, 198.5286407470703, 257.593017578125, 217.6306610107422], [225.7207794189453, 206.82669067382812, 257.4225769042969, 230.55262756347656], [294.1513366699219, 0.7052991390228271, 341.8623962402344, 121.86296081542969], [209.1375732421875, 0.35820361971855164, 336.30426025390625, 64.57685089111328], [172.99185180664062, 225.14620971679688, 213.28163146972656, 247.9541015625], [353.0503234863281, 105.45606994628906, 384.0988464355469, 126.13037872314453], [193.36109924316406, 209.9940948486328, 234.6593475341797, 236.33929443359375], [360.5926818847656, 158.1470947265625, 387.8854675292969, 184.02491760253906], [8.934650421142578, 352.49560546875, 67.61662292480469, 397.8330993652344], [252.79684448242188, 197.45693969726562, 316.2907409667969, 229.27577209472656], [367.2422180175781, 106.286865234375, 392.5621032714844, 124.93558502197266], [205.20535278320312, 0.2933790981769562, 281.2588806152344, 98.53328704833984], [278.69439697265625, 121.45771789550781, 371.16314697265625, 179.5210418701172], [383.6717834472656, 0.0019466038793325424, 407.8741149902344, 6.855586528778076], [137.2504119873047, 279.1609191894531, 167.74172973632812, 305.7901306152344], [183.543701171875, 254.42420959472656, 228.90567016601562, 278.3035888671875], [232.66162109375, 175.88133239746094, 333.71551513671875, 233.7539825439453], [154.25296020507812, 254.3686065673828, 201.375732421875, 279.0875244140625], [345.2867736816406, 114.6487045288086, 374.8554992675781, 136.9625701904297], [409.33038330078125, 0.0, 425.0, 10.400191307067871], [257.7694396972656, 303.3351135253906, 307.212646484375, 336.6473388671875], [65.86105346679688, 0.0, 316.20965576171875, 120.82646942138672], [408.8128356933594, 50.601722717285156, 425.0, 76.86216735839844], [331.597412109375, 122.58002471923828, 367.55926513671875, 149.0919189453125], [207.7251434326172, 0.48056021332740784, 283.100341796875, 114.87078857421875], [282.4677429199219, 118.95803833007812, 311.3524169921875, 145.6799774169922], [401.1192626953125, 114.65874481201172, 425.0, 141.1955108642578], [333.1591491699219, 141.7495880126953, 363.2264099121094, 165.41476440429688], [406.70147705078125, 44.096405029296875, 424.99822998046875, 76.49752044677734], [358.1602783203125, 155.58648681640625, 385.8924255371094, 179.6038360595703], 