{"labels": [0, 0, 39, 39, 14, 79, 39, 39, 39, 46, 39, 39, 39, 39, 39, 40, 79, 37, 79, 39, 37, 79, 39, 39, 79, 79, 39, 39, 46, 37, 79, 14, 39, 39, 37, 79, 45, 39, 36, 39, 14, 0, 14, 79, 39, 37, 39, 79, 37, 39, 14, 37, 37, 0, 14, 0, 39, 39, 45, 39, 39, 39, 39, 46, 0, 0, 37, 0, 0, 0, 46, 0, 0, 74, 0, 0, 39, 74, 74, 0, 0, 39, 0, 39, 0, 39, 0, 74, 37, 0, 0, 37, 0, 0, 0, 14, 14, 0, 26, 14], "scores": [0.9985471367835999, 0.9972073435783386, 0.9841521978378296, 0.5831776857376099, 0.5638941526412964, 0.2750281095504761, 0.1515151858329773, 0.14610154926776886, 0.11539526283740997, 0.1103014275431633, 0.10773034393787384, 0.09139544516801834, 0.07864511758089066, 0.07706713676452637, 0.07449770718812943, 0.07215297222137451, 0.06870833784341812, 0.06725941598415375, 0.06515845656394958, 0.0648670643568039, 0.059179678559303284, 0.05830138176679611, 0.05717980116605759, 0.05479545518755913, 0.05214162543416023, 0.04848327487707138, 0.04789600893855095, 0.04733683541417122, 0.04679867997765541, 0.04538727179169655, 0.04292239621281624, 0.04135004058480263, 0.04016081988811493, 0.03944237530231476, 0.03707841411232948, 0.03640298917889595, 0.03389524295926094, 0.02721867710351944, 0.026967158541083336, 0.02571813203394413, 0.023830054327845573, 0.023442065343260765, 0.02305733598768711, 0.02262522280216217, 0.022391803562641144, 0.02190912887454033, 0.020626917481422424, 0.020533397793769836, 0.020198184996843338, 0.020113354548811913, 0.019992375746369362, 0.01968054287135601, 0.019524777308106422, 0.018406594172120094, 0.016631701961159706, 0.016522888094186783, 0.01646129973232746, 0.014672858640551567, 0.013924955390393734, 0.013873102143406868, 0.013801388442516327, 0.013594732619822025, 0.010459288954734802, 0.009914161637425423, 0.009292333386838436, 0.0077834888361394405, 0.007194381207227707, 0.007152114994823933, 0.007014629431068897, 0.006912801414728165, 0.005823405459523201, 0.005650007631629705, 0.005228435155004263, 0.005025247111916542, 0.004757065325975418, 0.004517588298767805, 0.004404739942401648, 0.004339877516031265, 0.004239631351083517, 0.0038757347501814365, 0.0038204460870474577, 0.0037699888925999403, 0.003599936841055751, 0.003459592116996646, 0.0034182178787887096, 0.003351508639752865, 0.003222875529900193, 0.002742460696026683, 0.0022834688425064087, 0.0021941002923995256, 0.00202737539075315, 0.001837476040236652, 0.001521830097772181, 0.0014940312830731273, 0.0014639865839853883, 0.001413356396369636, 0.0014003259129822254, 0.001298103597946465, 0.0009919514413923025, 0.0009488723590038717], "bboxes": [[138.4874725341797, 192.3910675048828, 251.80039978027344, 336.3390808105469], [318.83349609375, 42.40528106689453, 390.8182678222656, 230.79962158203125], [59.94260025024414, 290.9766845703125, 106.35254669189453, 315.9228515625], [174.42388916015625, 310.9822082519531, 202.6522216796875, 324.58746337890625], [45.57563018798828, 114.3775863647461, 66.40348815917969, 126.34854125976562], [175.79209899902344, 226.2196502685547, 191.3587188720703, 245.7777557373047], [192.54034423828125, 291.810791015625, 211.8675079345703, 317.4873352050781], [175.8524627685547, 309.4173889160156, 204.8879852294922, 325.4412841796875], [193.07772827148438, 289.83734130859375, 210.66915893554688, 314.0886535644531], [128.73529052734375, 294.54693603515625, 207.38876342773438, 327.9504089355469], [182.84848022460938, 294.63592529296875, 205.43284606933594, 317.94384765625], [193.3905029296875, 304.7225036621094, 213.11245727539062, 323.5344543457031], [196.30828857421875, 288.21722412109375, 213.1720428466797, 312.25482177734375], [196.671875, 292.5896301269531, 214.07485961914062, 316.16961669921875], [178.46559143066406, 291.5860900878906, 208.37130737304688, 319.80718994140625], [169.4748077392578, 226.5421600341797, 189.39088439941406, 252.51914978027344], [181.03506469726562, 225.40711975097656, 190.90133666992188, 236.81056213378906], [106.16169738769531, 285.54193115234375, 266.75946044921875, 337.38287353515625], [177.6336669921875, 225.28933715820312, 188.33914184570312, 237.6058349609375], [140.22654724121094, 308.99676513671875, 160.6890106201172, 326.91290283203125], [104.1900634765625, 283.7676086425781, 267.80316162109375, 338.8388366699219], [176.81358337402344, 227.00057983398438, 188.6872100830078, 240.83897399902344], [166.36441040039062, 225.88302612304688, 192.46571350097656, 259.4809875488281], [84.86259460449219, 294.5117492675781, 108.2972412109375, 313.3994445800781], [180.0289764404297, 226.70265197753906, 190.92713928222656, 239.08384704589844], [183.6851043701172, 226.23483276367188, 193.14529418945312, 237.5924072265625], [0.0, 275.3582458496094, 10.111417770385742, 290.66119384765625], [138.8688507080078, 303.0564880371094, 159.94570922851562, 321.01654052734375], [134.33978271484375, 307.3968200683594, 205.82150268554688, 333.7551574707031], [115.30195617675781, 288.4560241699219, 265.3309326171875, 337.73974609375], [181.12738037109375, 226.10899353027344, 191.88613891601562, 239.78440856933594], [47.84940719604492, 115.30992889404297, 64.39021301269531, 125.97942352294922], [73.0280532836914, 288.8445739746094, 100.09571075439453, 307.51483154296875], [174.45660400390625, 312.6640930175781, 210.19760131835938, 331.31536865234375], [112.76871490478516, 287.20648193359375, 231.21018981933594, 332.99481201171875], [183.95697021484375, 225.287841796875, 192.97401428222656, 236.06729125976562], [0.0, 169.93116760253906, 23.543973922729492, 188.60008239746094], [0.0, 275.8514404296875, 9.15861701965332, 289.4170227050781], [116.074462890625, 288.32989501953125, 207.40948486328125, 327.5089416503906], [66.6962890625, 294.9154052734375, 101.59222412109375, 314.49578857421875], [45.00770950317383, 115.62371063232422, 64.35993194580078, 126.29566955566406], [0.007319357246160507, 126.71634674072266, 8.72115707397461, 398.7486267089844], [48.87492370605469, 115.63929748535156, 63.593109130859375, 126.16248321533203], [167.1050567626953, 229.01158142089844, 180.71554565429688, 244.10888671875], [0.004181358963251114, 281.06640625, 12.161177635192871, 291.7015380859375], [1.3639874458312988, 280.9013671875, 267.2018127441406, 343.98541259765625], [166.2221221923828, 244.6790313720703, 184.39743041992188, 262.04840087890625], [165.72457885742188, 234.97317504882812, 181.30776977539062, 251.91546630859375], [102.58258056640625, 280.7189636230469, 258.9225769042969, 335.6082458496094], [163.0545196533203, 234.3207550048828, 181.7030792236328, 257.50836181640625], [41.976417541503906, 115.3205337524414, 67.39009857177734, 128.2523193359375], [103.05156707763672, 285.5451965332031, 215.8958740234375, 332.1151428222656], [101.1279067993164, 284.2778625488281, 213.81275939941406, 330.0874328613281], [0.0, 201.86715698242188, 6.973211288452148, 315.0683288574219], [44.12568664550781, 116.89630126953125, 65.42101287841797, 128.83108520507812], [150.67405700683594, 195.71942138671875, 249.45333862304688, 320.93023681640625], [0.0, 282.9185485839844, 10.604403495788574, 292.6304626464844], [58.20030975341797, 291.54443359375, 99.51647186279297, 313.378662109375], [0.0, 166.2527313232422, 23.228723526000977, 189.72450256347656], [12.189920425415039, 203.9990234375, 43.20795440673828, 226.24537658691406], [0.0, 251.2285614013672, 11.509044647216797, 292.8705749511719], [55.184051513671875, 280.64556884765625, 115.43980407714844, 311.9584045410156], [172.67808532714844, 233.61834716796875, 217.13180541992188, 310.7842102050781], [143.2382049560547, 298.1614990234375, 267.90167236328125, 339.28814697265625], [141.4818878173828, 201.71131896972656, 228.94149780273438, 299.4840087890625], [10.041214942932129, 53.152976989746094, 387.17059326171875, 298.9360046386719], [96.68572235107422, 279.3390197753906, 396.8196716308594, 343.72149658203125], [104.6636734008789, 204.50625610351562, 268.7773132324219, 339.4920654296875], [85.56778717041016, 43.9625129699707, 385.3127746582031, 342.03631591796875], [0.16275951266288757, 144.3372039794922, 