{"labels": [22, 22, 22, 22, 22, 22, 22, 22, 22, 22, 22, 22, 22, 22, 22, 22, 22, 22, 22, 22, 22, 22, 22, 22, 22, 22, 22, 22, 22, 22, 22, 22, 22, 22, 22, 22, 22, 22, 22, 22, 22, 22, 22, 22, 22, 22, 22, 22, 22, 22, 22, 22, 22, 22, 22, 22, 22, 22, 22, 22, 22, 22, 22, 22, 22, 22, 22, 22, 22, 22, 22, 22, 22, 22, 22, 22, 22, 22, 22, 22, 22, 22, 22, 14, 22, 22, 14, 22, 22, 22, 22, 22, 22, 22, 22, 14, 22, 22, 22, 22], "scores": [0.9952467083930969, 0.9932483434677124, 0.4576827585697174, 0.15739388763904572, 0.041993699967861176, 0.03440442308783531, 0.0320063941180706, 0.03116016834974289, 0.030910294502973557, 0.0307675302028656, 0.03043547458946705, 0.02810729667544365, 0.02770008146762848, 0.0276808962225914, 0.025937652215361595, 0.025750378146767616, 0.024554582312703133, 0.023910408839583397, 0.023564808070659637, 0.02253470942378044, 0.021463273093104362, 0.0210272166877985, 0.02034149132668972, 0.02008424885571003, 0.018838727846741676, 0.018460560590028763, 0.018362076953053474, 0.018303310498595238, 0.01791718229651451, 0.017284182831645012, 0.01709545962512493, 0.016883209347724915, 0.01593327708542347, 0.014100998640060425, 0.014095532707870007, 0.013137190602719784, 0.012446749955415726, 0.012368803843855858, 0.011703944765031338, 0.011468512006103992, 0.011424316093325615, 0.010868904180824757, 0.010496854782104492, 0.010263387113809586, 0.009908352047204971, 0.009432058781385422, 0.008653051219880581, 0.007704425137490034, 0.007443760987371206, 0.007107842713594437, 0.0067164660431444645, 0.006318352185189724, 0.005922913551330566, 0.005540056154131889, 0.005539705976843834, 0.005384104326367378, 0.0053465599194169044, 0.005297251511365175, 0.005035095382481813, 0.004849845077842474, 0.0045333742164075375, 0.004395999945700169, 0.003984149545431137, 0.003939762245863676, 0.003912477754056454, 0.0038527180440723896, 0.003646050114184618, 0.0036436598747968674, 0.0033260241616517305, 0.0029204145539551973, 0.0028690726030617952, 0.002836518222466111, 0.002836436964571476, 0.0027721936348825693, 0.002720253774896264, 0.0026581366546452045, 0.002597734797745943, 0.0023544414434581995, 0.0019160098163411021, 0.0018835070077329874, 0.0018421021522954106, 0.0018381592817604542, 0.001493821619078517, 0.0014097418170422316, 0.001372821512632072, 0.0011610640212893486, 0.0010290562640875578, 0.0010212985798716545, 0.0009076718124561012, 0.0007048232364468277, 0.0007028503459878266, 0.0006558677414432168, 0.000631777395028621, 0.0005604030448012054, 0.0005146391340531409, 0.000236330452025868, 0.00014048602315597236, 0.00010609447781462222, 0.00010496954928385094, 4.711092697107233e-05], "bboxes": [[0.0, 116.7298355102539, 185.99635314941406, 357.02728271484375], [99.99687957763672, 51.34916305541992, 425.0, 363.9900817871094], [158.19100952148438, 51.522499084472656, 425.0, 362.53448486328125], [0.0862807035446167, 50.027923583984375, 425.0, 365.7052917480469], [163.7123565673828, 53.1235466003418, 425.0, 362.4661560058594], [0.09643882513046265, 52.52041244506836, 425.0, 364.2940368652344], [0.0, 8.26541805267334, 182.05470275878906, 359.6316833496094], [398.8205871582031, 63.82767105102539, 425.0, 326.8439636230469], [162.23971557617188, 52.41720199584961, 425.0, 364.46435546875], [0.3733806312084198, 52.0836296081543, 182.99400329589844, 417.9209899902344], [169.33029174804688, 57.754547119140625, 425.0, 364.3659362792969], [414.1731262207031, 80.55330657958984, 425.0, 309.97088623046875], [400.7643737792969, 77.20979309082031, 425.0, 272.907470703125], [163.4297637939453, 54.28253173828125, 425.0, 362.9693298339844], [400.5440673828125, 83.34727478027344, 425.0, 274.6177673339844], [0.0, 35.188114166259766, 183.84986877441406, 388.2337951660156], [0.0, 115.7584228515625, 217.85218811035156, 357.9990539550781], [412.7146301269531, 79.70751190185547, 425.0, 352.03887939453125], [0.10698959231376648, 112.76603698730469, 256.9023742675781, 360.577880859375], [398.3526611328125, 64.03389739990234, 425.0, 397.51239013671875], [408.36712646484375, 30.261425018310547, 425.0, 389.6920471191406], [0.0779464840888977, 54.396034240722656, 424.9425048828125, 365.70037841796875], [407.06341552734375, 18.303516387939453, 425.0, 339.3366394042969], [0.0, 40.62622833251953, 183.35037231445312, 361.1827087402344], [162.65170288085938, 0.9828045964241028, 425.0, 364.8498229980469], [0.12924373149871826, 51.11882019042969, 424.9887390136719, 366.0218505859375], [0.0, 115.09337615966797, 212.30345153808594, 357.9571533203125], [0.0021278858184814453, 73.50838470458984, 424.955322265625, 363.8282470703125], [0.0, 19.031444549560547, 194.88136291503906, 358.95538330078125], [401.9107360839844, 79.3973617553711, 425.0, 136.6367645263672], [408.3046875, 84.0748519897461, 425.0, 146.0634307861328], [0.0, 114.95543670654297, 205.98342895507812, 358.07720947265625], [160.1457061767578, 51.80796432495117, 425.0, 365.5986022949219], [5.6022419929504395, 59.92229080200195, 425.0, 363.89630126953125], [76.7663803100586, 30.14518928527832, 425.0, 410.33868408203125], [155.19276428222656, 58.44652557373047, 425.0, 362.7664489746094], [2.6166155338287354, 53.21012878417969, 425.0, 363.952880859375], [415.5452880859375, 40.08623504638672, 425.0, 155.43077087402344], [0.13277754187583923, 105.33989715576172, 425.0, 367.9110107421875], [159.4850311279297, 51.90873718261719, 425.0, 365.9386291503906], [415.139404296875, 28.521865844726562, 425.0, 300.4208068847656], [405.85467529296875, 27.286348342895508, 425.0, 176.05740356445312], [340.7596435546875, 78.33382415771484, 425.0, 343.4210205078125], [418.7905578613281, 16.676128387451172, 425.0, 384.1677551269531], [0.0, 44.628047943115234, 178.8935089111328, 370.904052734375], [422.573974609375, 77.78636169433594, 425.0, 307.9133605957031], [373.26104736328125, 70.41679382324219, 424.8709716796875, 134.3611297607422], [408.6322937011719, 39.78989028930664, 425.0, 111.4803466796875], [258.5043029785156, 62.7095947265625, 425.0, 355.44195556640625], [328.5331115722656, 58.6010627746582, 424.2875671386719, 136.30035400390625], [156.4342498779297, 56.66373825073242, 424.7493591308594, 365.716064453125], [165.99327087402344, 53.670928955078125, 425.0, 272.80584716796875], [163.14988708496094, 53.7900276184082, 425.0, 282.8841857910156], [0.0, 115.92314147949219, 193.2365264892578, 259.1239318847656], [416.446044921875, 164.21900939941406, 425.0, 313.7185974121094], [0.0, 56.09669494628906, 171.54270935058594, 279.77117919921875], [411.51031494140625, 1.5024583339691162, 425.0, 151.28895568847656], [0.0, 110.98469543457031, 159.43704223632812, 355.1640930175781], [0.11802166700363159, 67.86994171142578, 425.0, 365.9837341308594], [316.7670593261719, 59.11160659790039, 424.37066650390625, 130.01629638671875], [0.0, 113.89653778076172, 171.50440979003906, 210.68243408203125], [418.9742736816406, 0.0, 424.9920959472656, 55.746826171875], [0.0, 115.82391357421875, 199.0904083251953, 356.1632385253906], [421.95654296875, 143.85357666015625, 425.0, 358.9140319824219], [0.27963966131210327, 112.32317352294922, 166.70428466796875, 237.11639404296875], [93.697998046875, 53.65093994140625, 425.0, 363.91485595703125], [405.4810485839844, 116.36112213134766, 425.0, 411.8894958496094], [0.0, 108.13618469238281, 184.4898681640625, 368.0702209472656], [0.0, 90.89970397949219, 6.597443580627441, 347.1739807128906], [0.8430671095848083, 33.869571685791016, 147.33322143554688, 261.4184265136719], [0.0, 112.0634536743164, 12.142579078674316, 206.42343139648438], [0.0, 116.9248046875, 9.198297500610352, 267.0047302246094], [0.0, 115.12439727783203, 163.12652587890625, 352.6277160644531], [411.58807373046875, 32.59030532836914, 425.0, 347.11126708984375], [54.937259674072266, 32.6499137878418, 385.69189453125, 150.7134246826172], [0.0, 105.93096923828125, 3.1843833923339844, 251.07080078125], [0.0, 89.97511291503906, 7.811316967010498, 198.67152404785156], [0.4386991262435913, 78.60631561279297, 241.44459533691406, 360.0533142089844], [109.70575714111328, 