{"labels": [9, 9, 0, 9, 9, 9, 9, 9, 9, 9, 0, 9, 0, 9, 0, 9, 9, 0, 9, 9, 9, 0, 9, 0, 9, 0, 9, 9, 9, 9, 9, 33, 9, 33, 9, 9, 9, 9, 9, 0, 9, 0, 9, 9, 9, 9, 9, 9, 7, 9, 0, 9, 0, 9, 33, 9, 9, 33, 9, 9, 0, 9, 33, 33, 9, 7, 9, 14, 14, 14, 5, 33, 14, 9, 9, 33, 9, 9, 9, 33, 0, 9, 9, 9, 33, 0, 7, 9, 7, 33, 25, 9, 33, 0, 5, 9, 0, 14, 33, 33], "scores": [0.9415358304977417, 0.5076702237129211, 0.3123849034309387, 0.08458036184310913, 0.02239561267197132, 0.022127190604805946, 0.02054748125374317, 0.019755767658352852, 0.01805037632584572, 0.017622338607907295, 0.017527645453810692, 0.016847148537635803, 0.016773594543337822, 0.016427546739578247, 0.016295867040753365, 0.015211253426969051, 0.015071868896484375, 0.014979747124016285, 0.014476918615400791, 0.013629317283630371, 0.013359160162508488, 0.01302923820912838, 0.012958540581166744, 0.011845470406115055, 0.011560012586414814, 0.010444012470543385, 0.01036904752254486, 0.009782086126506329, 0.009780955500900745, 0.008168966509401798, 0.008158165030181408, 0.007784186862409115, 0.007340984884649515, 0.0070614502765238285, 0.007047543302178383, 0.006834404543042183, 0.006805627606809139, 0.006801555398851633, 0.006768148858100176, 0.006312784273177385, 0.0058730170130729675, 0.0057136607356369495, 0.005664417054504156, 0.005649259313941002, 0.005636256653815508, 0.005356912966817617, 0.005245185922831297, 0.0047206818126142025, 0.004670758731663227, 0.0045759547501802444, 0.004279131535440683, 0.0040844399482011795, 0.003767765359953046, 0.003570001572370529, 0.0034453633707016706, 0.0032809674739837646, 0.0030720848590135574, 0.0030450003687292337, 0.003039256203919649, 0.002744626021012664, 0.0024573998525738716, 0.0022782038431614637, 0.002249900484457612, 0.0021373576018959284, 0.002088349312543869, 0.0020806037355214357, 0.0019933111034333706, 0.0018884196178987622, 0.0018483708845451474, 0.0018095604609698057, 0.0017978069372475147, 0.0017798513872548938, 0.0017162380972877145, 0.00169587682466954, 0.0016655938234180212, 0.0016007720259949565, 0.0015936772106215358, 0.001543658785521984, 0.0014553888468071818, 0.0014113251818343997, 0.0014056735672056675, 0.0013799765147268772, 0.0013481741771101952, 0.0013201411347836256, 0.0010460519697517157, 0.0009955549612641335, 0.0009775792714208364, 0.0008719377801753581, 0.0008274699212051928, 0.0006862050504423678, 0.0006040149019099772, 0.0005886974395252764, 0.000550975848454982, 0.0005226487410254776, 0.0004928943235427141, 0.0003772214113269001, 0.00035149574978277087, 0.0001921392831718549, 0.00015379907563328743, 0.00013768461940344423], "bboxes": [[0.8759986758232117, 257.3837585449219, 163.3157501220703, 423.68145751953125], [0.6168208718299866, 257.86846923828125, 233.5814208984375, 424.1962585449219], [225.53565979003906, 368.6046447753906, 234.92454528808594, 386.045654296875], [0.0, 258.5331115722656, 367.529541015625, 425.0], [0.0, 254.7701416015625, 244.75631713867188, 425.0], [0.43065622448921204, 265.3199768066406, 243.60867309570312, 424.81561279296875], [416.7650146484375, 416.7498779296875, 425.0, 425.0], [16.76446533203125, 261.29833984375, 165.97683715820312, 423.293701171875], [419.8042907714844, 406.0290222167969, 425.0, 425.0], [0.18572136759757996, 256.6526794433594, 193.59194946289062, 424.213134765625], [224.12982177734375, 364.26629638671875, 231.64791870117188, 382.5778503417969], [1.3728916645050049, 268.84539794921875, 204.3354034423828, 424.608642578125], [224.9282989501953, 364.9189758300781, 232.87326049804688, 384.1398010253906], [0.0, 255.8724822998047, 254.96949768066406, 425.0], [224.4947509765625, 365.77557373046875, 233.008544921875, 384.22503662109375], [0.4214480519294739, 240.04315185546875, 182.04583740234375, 424.5141906738281], [0.3904290497303009, 234.11146545410156, 183.49807739257812, 424.14599609375], [226.14334106445312, 367.5613708496094, 233.40870666503906, 384.4021301269531], [0.0, 256.24298095703125, 242.57150268554688, 424.72802734375], [415.24688720703125, 413.03271484375, 425.0, 425.0], [0.0, 248.2176513671875, 266.9083557128906, 425.0], [224.30726623535156, 367.5667724609375, 233.0635223388672, 386.0260925292969], [0.18872320652008057, 266.0527038574219, 142.61627197265625, 423.26080322265625], [225.97134399414062, 368.9182434082031, 235.97128295898438, 388.09906005859375], [0.3679342567920685, 146.5216827392578, 372.6010437011719, 424.8998718261719], [225.8647003173828, 366.0474853515625, 234.08445739746094, 386.4977111816406], [19.344261169433594, 261.16455078125, 159.01268005371094, 423.7674560546875], [421.4075012207031, 363.9293212890625, 425.0, 425.0], [0.0, 253.41751098632812, 372.333740234375, 425.0], [0.0, 214.20330810546875, 173.51991271972656, 424.3215637207031], [0.6557941436767578, 259.5662841796875, 179.43495178222656, 423.9007263183594], [226.12185668945312, 210.08721923828125, 373.39862060546875, 425.0], [416.2514953613281, 361.4087829589844, 425.0, 425.0], [226.39981079101562, 210.03005981445312, 371.50299072265625, 425.0], [3.698582172393799, 246.69813537597656, 383.2076110839844, 424.9855651855469], [1.8908861875534058, 258.995361328125, 164.95834350585938, 424.4297180175781], [1.8358207941055298, 259.7355041503906, 303.6933288574219, 424.5576477050781], [0.0, 212.0988006591797, 167.18405151367188, 424.1781311035156], [415.7544860839844, 387.36004638671875, 425.0, 424.82452392578125], [226.1729278564453, 363.7525939941406, 235.14541625976562, 383.4947814941406], [0.0, 192.65576171875, 189.19493103027344, 424.9015197753906], [294.054443359375, 420.037841796875, 327.0646667480469, 424.9918518066406], [418.41302490234375, 370.69744873046875, 425.0, 425.0], [0.0, 234.95956420898438, 235.9964599609375, 425.0], [0.0, 262.345703125, 132.7502899169922, 423.35345458984375], [411.26495361328125, 402.4378662109375, 425.0, 424.9864807128906], [1.6695164442062378, 252.35252380371094, 409.6514892578125, 425.0], [0.0, 194.5476837158203, 193.74786376953125, 424.9389953613281], [0.0, 143.49957275390625, 374.27288818359375, 424.72552490234375], [414.63031005859375, 302.5540466308594, 425.0, 425.0], [285.6611022949219, 422.511962890625, 330.8460388183594, 424.990966796875], [0.0, 294.51605224609375, 8.178702354431152, 421.6116638183594], [266.7428894042969, 421.5155944824219, 314.070556640625, 424.99224853515625], [0.23273751139640808, 164.9125518798828, 176.3181610107422, 423.15704345703125], [224.713623046875, 207.8643035888672, 371.1036682128906, 424.8193054199219], [44.11344909667969, 274.070068359375, 169.5477294921875, 423.32000732421875], [0.4661843180656433, 98.7880630493164, 182.55877685546875, 424.28143310546875], [223.72352600097656, 205.6423797607422, 373.2083740234375, 424.3970031738281], [0.0, 285.4583435058594, 9.629512786865234, 420.9940490722656], [0.4179078936576843, 185.40281677246094, 150.06854248046875, 422.5439758300781], [333.0729064941406, 420.7129821777344, 420.341796875, 425.0], [410.65521240234375, 356.204345703125, 425.0, 425.0], [218.8008270263672, 151.9759521484375, 375.8996887207031, 424.43341064453125], [0.04745945334434509, 98.33135223388672, 375.34246826171875, 425.0], [161.9351806640625, 356.4219970703125, 232.04461669921875, 424.318115234375], [0.0, 47.882789611816406, 378.6384582519531, 425.0], [1.0272622108459473, 150.42007446289062, 376.79229736328125, 423.6569519042969], [285.5372314453125, 259.2747802734375, 295.14898681640625, 270.30645751953125], [280.37408447265625, 261.07647705078125, 291.8165283203125, 274.05706787109375], [286.9937744140625, 261.4327697753906, 296.7489318847656, 273.3382873535156], [413.84014892578125, 28.491580963134766, 425.0, 419.5993347167969], [0.5835093259811401, 150.2007598876953, 378.1020202636719, 424.4071350097656], [287.4878845214844, 258.8363952636719, 296.7535705566406, 269.67755126953125], [0.0, 283.5523986816406, 100.22838592529297, 422.6710205078125], [0.7082946300506592, 211.28472900390625, 160.60427856445312, 423.2682189941406], [222.4287109375, 207.24102783203125, 402.53607177734375, 424.869384765625], 