{"labels": [45, 60, 50, 50, 50, 50, 50, 50, 50, 50, 50, 50, 50, 50, 44, 50, 50, 50, 50, 50, 50, 50, 50, 50, 50, 50, 50, 50, 50, 50, 50, 50, 50, 50, 50, 50, 50, 50, 50, 50, 50, 50, 50, 50, 50, 50, 50, 50, 50, 50, 50, 50, 50, 50, 50, 50, 50, 50, 42, 50, 50, 45, 50, 50, 50, 42, 42, 42, 42, 42, 42, 50, 42, 42, 50, 42, 42, 42, 42, 42, 42, 60, 42, 42, 60, 60, 45, 42, 45, 42, 60, 42, 60, 60, 60, 44, 44, 42, 60, 42], "scores": [0.983885645866394, 0.9459787011146545, 0.8765307664871216, 0.8737682700157166, 0.8470668196678162, 0.8278738260269165, 0.7940289974212646, 0.75771164894104, 0.7450037002563477, 0.7190353274345398, 0.6782928109169006, 0.6420626044273376, 0.6336263418197632, 0.6308186054229736, 0.6216769218444824, 0.566255509853363, 0.5588425397872925, 0.5573534369468689, 0.5562406182289124, 0.5540266036987305, 0.4987977147102356, 0.49143925309181213, 0.47563689947128296, 0.46962854266166687, 0.43533459305763245, 0.43330344557762146, 0.42790964245796204, 0.4231795370578766, 0.42095738649368286, 0.4088081419467926, 0.40832921862602234, 0.39789503812789917, 0.38838642835617065, 0.36780619621276855, 0.3670541048049927, 0.35610565543174744, 0.3515973389148712, 0.3381567597389221, 0.3291175663471222, 0.3142843544483185, 0.31421029567718506, 0.3123333156108856, 0.308898389339447, 0.305443674325943, 0.3044430613517761, 0.2965051233768463, 0.29158270359039307, 0.28949642181396484, 0.26411035656929016, 0.2562379240989685, 0.22588543593883514, 0.22524581849575043, 0.20091113448143005, 0.1590876579284668, 0.15847447514533997, 0.15051409602165222, 0.14464496076107025, 0.14078263938426971, 0.13483752310276031, 0.1299988031387329, 0.12408707290887833, 0.12052455544471741, 0.11947473883628845, 0.10127004235982895, 0.09752403944730759, 0.0847887471318245, 0.08073488622903824, 0.07107656449079514, 0.06929510831832886, 0.0637371763586998, 0.05994407460093498, 0.05887603387236595, 0.056734077632427216, 0.05231506749987602, 0.04464418441057205, 0.040336135774850845, 0.037312448024749756, 0.037113871425390244, 0.03457881510257721, 0.02976055257022381, 0.02666700817644596, 0.024788500741124153, 0.021379379555583, 0.018483461812138557, 0.018254680559039116, 0.016764536499977112, 0.01521105132997036, 0.014733908697962761, 0.014684021472930908, 0.014669272117316723, 0.013883298262953758, 0.01236981526017189, 0.011515251360833645, 0.010730444453656673, 0.005197571590542793, 0.0051743085496127605, 0.0032212906517088413, 0.0012223398080095649, 0.001004506484605372, 0.0008039184613153338], "bboxes": [[18.4235897064209, 23.843708038330078, 313.33447265625, 252.2434844970703], [0.06593912839889526, 0.937207043170929, 425.0, 421.0140380859375], [142.09881591796875, 57.804386138916016, 191.65525817871094, 116.17515563964844], [188.7578887939453, 81.74552917480469, 270.4205017089844, 179.29367065429688], [119.865966796875, 146.6843719482422, 154.2166290283203, 172.39051818847656], [56.350189208984375, 113.11421966552734, 94.09832763671875, 157.2570037841797], [83.23011779785156, 110.66293334960938, 134.34742736816406, 154.60655212402344], [78.33121490478516, 55.2224235534668, 270.4366760253906, 204.3956756591797], [81.96031951904297, 56.18325424194336, 270.7685852050781, 216.77549743652344], [130.34356689453125, 141.5824432373047, 189.69900512695312, 215.17222595214844], [137.1161346435547, 191.5948486328125, 186.1223907470703, 220.50643920898438], [131.72198486328125, 169.6990509033203, 189.02001953125, 218.45989990234375], [186.971923828125, 125.62434387207031, 229.63259887695312, 175.07171630859375], [195.34439086914062, 126.02821350097656, 267.434814453125, 179.55123901367188], [321.2729797363281, 151.47259521484375, 425.0, 266.2257080078125], [79.83094024658203, 61.527278900146484, 192.2830047607422, 215.78338623046875], [85.5362319946289, 107.20281219482422, 123.45137786865234, 134.59628295898438], [79.7022476196289, 84.4834213256836, 181.30587768554688, 175.69471740722656], [159.88946533203125, 113.54695129394531, 200.39181518554688, 139.44387817382812], [192.78897094726562, 128.2913360595703, 249.4071807861328, 177.61141967773438], [143.06069946289062, 59.81700897216797, 268.2488098144531, 183.67164611816406], [100.83090209960938, 93.35418701171875, 140.29107666015625, 122.99404907226562], [120.97532653808594, 100.88796997070312, 154.9628143310547, 132.16546630859375], [169.33804321289062, 189.11619567871094, 200.96524047851562, 212.2606964111328], [94.33682250976562, 125.38197326660156, 188.77125549316406, 219.132080078125], [62.20338439941406, 117.47317504882812, 94.69377899169922, 150.83331298828125], [186.48374938964844, 123.65232849121094, 219.75588989257812, 152.98968505859375], [180.15560913085938, 73.84931945800781, 221.5811767578125, 113.55977630615234], [82.84819030761719, 120.0474624633789, 118.51959228515625, 154.49954223632812], [57.74689483642578, 56.580711364746094, 271.6894226074219, 224.03932189941406], [76.43385314941406, 106.41419982910156, 158.65704345703125, 172.39266967773438], [142.35118103027344, 134.98155212402344, 185.9397735595703, 174.57908630371094], [104.36052703857422, 200.1814422607422, 135.28260803222656, 221.06309509277344], [163.60064697265625, 119.69803619384766, 200.3107452392578, 149.517333984375], [57.52969741821289, 126.92161560058594, 87.10929107666016, 162.00779724121094], [86.77901458740234, 95.92256164550781, 122.33397674560547, 121.75859069824219], [189.0548553466797, 76.21339416503906, 271.1032409667969, 177.1557159423828], [201.6754913330078, 80.84265899658203, 246.0712432861328, 118.31220245361328], [84.78831481933594, 62.292236328125, 181.47433471679688, 169.4852752685547], [76.51676177978516, 110.42700958251953, 161.02261352539062, 213.00537109375], [234.15924072265625, 134.94720458984375, 270.5754699707031, 173.4977569580078], [177.988037109375, 71.11323547363281, 240.30960083007812, 121.04501342773438], [58.203643798828125, 112.46088409423828, 110.05923461914062, 168.5634002685547], [151.18255615234375, 116.71244049072266, 185.2217559814453, 144.2872314453125], [120.15480041503906, 129.15113830566406, 157.6027069091797, 160.53662109375], [99.60248565673828, 157.02210998535156, 151.42245483398438, 204.51278686523438], [61.42526626586914, 113.19952392578125, 91.39913940429688, 137.72586059570312], [194.8859405517578, 72.26069641113281, 228.23622131347656, 102.18154907226562], [178.76268005371094, 174.1681365966797, 237.28733825683594, 206.2830810546875], [179.67396545410156, 161.38235473632812, 248.44564819335938, 202.24395751953125], [100.49403381347656, 126.59795379638672, 189.18753051757812, 219.93508911132812], [116.35932922363281, 59.352561950683594, 189.71510314941406, 139.15467834472656], [109.51921844482422, 147.7573699951172, 152.21615600585938, 177.49732971191406], [87.4587173461914, 187.0236358642578, 113.12842559814453, 213.9862518310547], [242.14263916015625, 160.38685607910156, 270.2318420410156, 184.2010040283203], [146.8904571533203, 65.20169830322266, 270.3541564941406, 184.04200744628906], [105.00688934326172, 172.6392822265625, 188.23887634277344, 221.64471435546875], [124.15184783935547, 87.50338745117188, 161.675048828125, 119.15927124023438], [270.6291809082031, 58.90683364868164, 424.8271789550781, 266.9312744140625], [172.48289489746094, 155.42184448242188, 263.6986389160156, 207.4774932861328], [84.82738494873047, 176.9506072998047, 116.40895080566406, 213.02090454101562], [0.2338901162147522, 36.085575103759766, 425.0, 423.3222961425781], [68.02189636230469, 155.7401885986328, 97.39348602294922, 192.50518798828125], [125.4317626953125, 61.78873825073242, 270.44927978515625, 213.36618041992188], [135.7989959716797, 59.50356674194336, 196.92543029785156, 135.7469024658203], [318.8667907714844, 151.60279846191406, 424.8388366699219, 275.7873229980469], [318.7469787597656, 153.31370544433594, 424.7409362792969, 311.6620788574219], [294.4796447753906, 97.65007781982422, 328.2185974121094, 139.1224822998047], [305.5439758300781, 94.94475555419922, 424.8595886230469, 306.1690368652344], [293.5486755371094, 