{"labels": [0, 0, 0, 34, 0, 0, 0, 0, 0, 0, 0, 0, 0, 0, 35, 0, 0, 0, 0, 0, 0, 0, 0, 0, 0, 0, 35, 0, 0, 0, 35, 0, 0, 0, 0, 0, 0, 0, 0, 0, 0, 0, 0, 0, 0, 0, 0, 0, 0, 0, 0, 0, 0, 0, 56, 0, 0, 0, 0, 0, 0, 0, 0, 0, 35, 0, 0, 35, 0, 35, 0, 0, 35, 0, 56, 26, 0, 0, 0, 35, 0, 0, 0, 0, 56, 35, 35, 35, 0, 34, 0, 0, 32, 0, 34, 34, 0, 35, 0, 56], "scores": [0.9988798499107361, 0.9969497323036194, 0.9943227767944336, 0.990723192691803, 0.9832027554512024, 0.9642897248268127, 0.9265298843383789, 0.9197764992713928, 0.9195092916488647, 0.9028133749961853, 0.859699547290802, 0.8565512299537659, 0.8204350471496582, 0.815973699092865, 0.7993812561035156, 0.7601932883262634, 0.7546485662460327, 0.7408944964408875, 0.6656798124313354, 0.637871265411377, 0.6095748543739319, 0.6042449474334717, 0.6024853587150574, 0.5841621160507202, 0.5691580176353455, 0.5596470832824707, 0.5570077300071716, 0.5489236116409302, 0.5397779941558838, 0.5286675095558167, 0.5271768569946289, 0.5237048268318176, 0.515860378742218, 0.49254950881004333, 0.48663413524627686, 0.48137781023979187, 0.47867465019226074, 0.4777763783931732, 0.47629714012145996, 0.47530198097229004, 0.4658310115337372, 0.4563513398170471, 0.454418420791626, 0.44930145144462585, 0.4471547603607178, 0.43399494886398315, 0.43030086159706116, 0.4302271902561188, 0.4293924868106842, 0.4292934536933899, 0.42542365193367004, 0.4232438802719116, 0.4186316430568695, 0.41636839509010315, 0.40885141491889954, 0.4003269374370575, 0.38920000195503235, 0.38559380173683167, 0.38131576776504517, 0.3794093430042267, 0.3793211877346039, 0.370208740234375, 0.36109572649002075, 0.3418709933757782, 0.3320643901824951, 0.3291279673576355, 0.322616845369339, 0.30301764607429504, 0.279773086309433, 0.2718406021595001, 0.2694893181324005, 0.2572477459907532, 0.2571950852870941, 0.24452784657478333, 0.2314186990261078, 0.22968801856040955, 0.22938188910484314, 0.22234703600406647, 0.22175070643424988, 0.21215172111988068, 0.2117527723312378, 0.2027401626110077, 0.20128463208675385, 0.16329827904701233, 0.15841646492481232, 0.14004814624786377, 0.13372913002967834, 0.12283102422952652, 0.12211079895496368, 0.11535660922527313, 0.10622531920671463, 0.1050836443901062, 0.10355690866708755, 0.08797094225883484, 0.07917722314596176, 0.06458298116922379, 0.0642346441745758, 0.05907838046550751, 0.05622636526823044, 0.04784434288740158], "bboxes": [[129.24490356445312, 233.8582000732422, 217.13392639160156, 346.0806884765625], [209.2563018798828, 165.68988037109375, 276.66827392578125, 253.25881958007812], [278.4312744140625, 174.39376831054688, 329.3931579589844, 245.86309814453125], [263.575927734375, 145.26304626464844, 303.6164855957031, 176.9141845703125], [250.3398895263672, 200.21688842773438, 296.4394836425781, 247.77072143554688], [75.36420440673828, 101.27092742919922, 110.20860290527344, 166.4551239013672], [67.23788452148438, 166.73085021972656, 100.68070983886719, 194.0321502685547], [183.6133575439453, 139.36582946777344, 210.52685546875, 177.63662719726562], [0.0, 144.50119018554688, 26.360485076904297, 194.09934997558594], [208.79942321777344, 169.1729736328125, 231.20953369140625, 193.28819274902344], [373.3274841308594, 168.60769653320312, 403.0975036621094, 196.41372680664062], [338.1316223144531, 86.73335266113281, 373.3598327636719, 134.2734375], [160.60479736328125, 171.26416015625, 183.4986572265625, 194.02935791015625], [274.2856140136719, 103.79322814941406, 300.00616455078125, 139.8081512451172], [254.0955047607422, 213.59986877441406, 269.2327880859375, 228.5156707763672], [33.992191314697266, 122.37950897216797, 62.589874267578125, 161.6461181640625], [339.59002685546875, 135.80787658691406, 366.19915771484375, 173.998291015625], [409.21331787109375, 173.66351318359375, 425.0, 195.6100616455078], [217.6988983154297, 89.02090454101562, 240.8065185546875, 123.38018035888672], [184.92628479003906, 64.5473861694336, 208.30186462402344, 101.11116790771484], [186.21202087402344, 46.21254348754883, 211.0427703857422, 84.37210845947266], [156.84393310546875, 124.32491302490234, 184.67434692382812, 170.54037475585938], [208.8507843017578, 106.10347747802734, 230.4404296875, 139.57278442382812], [251.5753173828125, 53.269989013671875, 282.63494873046875, 95.51168823242188], [229.2321014404297, 73.39032745361328, 253.2655029296875, 108.35840606689453], [229.41195678710938, 113.92657470703125, 252.94454956054688, 150.5022735595703], [253.91505432128906, 197.93368530273438, 271.1484069824219, 214.5793914794922], [381.1277770996094, 131.49484252929688, 413.1298828125, 169.80926513671875], [22.16782569885254, 140.34547424316406, 52.26230239868164, 186.06460571289062], [291.520751953125, 131.48252868652344, 319.34307861328125, 168.42361450195312], [258.1097106933594, 202.8020477294922, 273.7779541015625, 218.06982421875], [398.09503173828125, 92.72949981689453, 424.957275390625, 131.1202850341797], [214.3968505859375, 54.574607849121094, 237.8963623046875, 86.34811401367188], [200.2938690185547, 125.92202758789062, 223.1891326904297, 163.8978271484375], [3.7828593254089355, 171.5633544921875, 28.89102554321289, 196.41957092285156], [51.4022216796875, 166.24111938476562, 74.8333511352539, 195.07423400878906], [377.51226806640625, 101.64034271240234, 401.178955078125, 136.22544860839844], [245.02566528320312, 133.9935302734375, 271.8950500488281, 167.10971069335938], [40.366058349609375, 72.61849975585938, 65.92028045654297, 108.05614471435547], [186.4468231201172, 173.11383056640625, 206.408203125, 193.5341796875], [8.627717971801758, 79.45321655273438, 37.107086181640625, 123.91047668457031], [355.4725646972656, 25.79340934753418, 384.2200622558594, 89.2664566040039], [199.900390625, 109.8995361328125, 222.2443084716797, 148.79017639160156], [247.18479919433594, 113.12594604492188, 270.99609375, 146.30723571777344], [55.41779708862305, 102.30375671386719, 84.27737426757812, 155.77903747558594], [112.72196960449219, 57.83367156982422, 141.61029052734375, 93.392578125], [270.21209716796875, 105.29530334472656, 298.1316833496094, 147.8435516357422], [50.260005950927734, 171.16964721679688, 72.8838882446289, 196.0004425048828], [295.8878173828125, 132.5284881591797, 323.05242919921875, 169.1905059814453], [157.01524353027344, 72.5959701538086, 183.74806213378906, 113.44862365722656], [46.909297943115234, 116.32980346679688, 74.15779113769531, 161.06004333496094], [15.098602294921875, 84.59965515136719, 42.978485107421875, 126.77397918701172], [90.86172485351562, 163.34283447265625, 108.18696594238281, 192.91307067871094], [310.4035949707031, 125.15218353271484, 333.5546875, 158.27560424804688], [338.53680419921875, 175.79066467285156, 365.6849365234375, 197.3022918701172], [0.0, 69.51861572265625, 18.206329345703125, 115.68939208984375], [408.2217712402344, 145.44802856445312, 425.0, 180.23838806152344], [409.44915771484375, 162.34921264648438, 425.0, 194.17312622070312], [0.0, 138.62542724609375, 4.902535915374756, 189.19395446777344], [323.0019226074219, 135.7523193359375, 351.0793762207031, 177.02169799804688], [178.2576904296875, 110.25848388671875, 202.6405792236328, 149.17315673828125], [401.40008544921875, 90.21784210205078, 425.0, 127.70454406738281], [0.0, 122.6413345336914, 17.894838333129883, 155.53677368164062], [176.1984405517578, 29.234365463256836, 206.2866668701172, 67.08655548095703], [146.70584106445312, 278.46990966796875, 157.45758056640625, 292.56671142578125], [20.292491912841797, 19.895641326904297, 48.332183837890625, 57.92243576049805], [166.3335723876953, 172.2687225341797, 187.40536499023438, 193.63063049316406], [198.61024475097656, 290.88824462890625, 206.96156311035156, 300.51031494140625], [52.66744613647461, 60.58708953857422, 79.71047973632812, 91.94063568115234], [260.10089111328125, 213.06170654296875, 281.6854553222656, 230.95530700683594], [308.9648132324219, 45.28252410888672, 339.6629638671875, 90.73181915283203], [362.8315124511719, 120.05982208251953, 386.0957946777344, 157.509521484375], 