{"labels": [77, 77, 13, 58, 0, 0, 0, 0, 0, 0, 0, 0, 0, 0, 0, 0, 0, 58, 0, 0, 0, 0, 13, 0, 0, 0, 0, 56, 0, 0, 0, 0, 58, 58, 0, 58, 0, 0, 58, 58, 0, 13, 58, 0, 13, 0, 0, 58, 13, 0, 13, 0, 0, 58, 0, 0, 0, 0, 58, 0, 13, 0, 0, 0, 0, 58, 0, 58, 0, 0, 0, 58, 14, 13, 58, 0, 13, 13, 0, 77, 77, 77, 14, 58, 77, 58, 77, 13, 77, 13, 77, 77, 77, 58, 58, 77, 0, 77, 0, 77], "scores": [0.9971438050270081, 0.9948521256446838, 0.965204656124115, 0.1376616507768631, 0.1193559542298317, 0.11349798738956451, 0.1129738986492157, 0.11267569661140442, 0.09981438517570496, 0.09761261194944382, 0.0827278271317482, 0.08260859549045563, 0.08222807198762894, 0.08214626461267471, 0.07857901602983475, 0.0757046565413475, 0.07539139688014984, 0.07059359550476074, 0.06364032626152039, 0.06040764972567558, 0.04825526103377342, 0.046324197202920914, 0.04585094749927521, 0.04565722122788429, 0.03971010074019432, 0.038728054612874985, 0.03872336447238922, 0.03613113984465599, 0.035822778940200806, 0.034046318382024765, 0.033882539719343185, 0.03274274989962578, 0.03234640508890152, 0.03225499764084816, 0.03154406324028969, 0.03118925914168358, 0.027471281588077545, 0.025808271020650864, 0.025473296642303467, 0.02486884966492653, 0.023903757333755493, 0.020302636548876762, 0.01981801725924015, 0.018740907311439514, 0.018221553415060043, 0.0180934127420187, 0.01670212671160698, 0.016598429530858994, 0.01574096456170082, 0.014784150756895542, 0.014519916847348213, 0.012637704610824585, 0.012235302478075027, 0.012212942354381084, 0.0120326466858387, 0.011945427395403385, 0.01141433883458376, 0.010900171473622322, 0.010862227529287338, 0.010403318330645561, 0.010168918408453465, 0.009988014586269855, 0.009825426153838634, 0.00961378775537014, 0.009391830302774906, 0.009038549847900867, 0.008199497126042843, 0.008136286400258541, 0.00802415981888771, 0.007499543484300375, 0.00706670293584466, 0.007054612971842289, 0.006804100703448057, 0.006548888515681028, 0.005756666883826256, 0.005368689075112343, 0.005179940722882748, 0.005062129348516464, 0.004972666967660189, 0.0043353913351893425, 0.004303606227040291, 0.004213231615722179, 0.0036877847742289305, 0.0035114239435642958, 0.003331896848976612, 0.0028592769522219896, 0.0028191583696752787, 0.0027811801992356777, 0.0027782965917140245, 0.0026349767576903105, 0.0025488133542239666, 0.0019090361893177032, 0.0018125090282410383, 0.0016595798078924417, 0.0015382810961455107, 0.001493622432462871, 0.0014828775310888886, 0.0014734953874722123, 0.0012597567401826382, 0.0008140099234879017], "bboxes": [[137.1540069580078, 146.77679443359375, 249.6114044189453, 266.107177734375], [244.17892456054688, 168.8664093017578, 322.2641906738281, 258.7178649902344], [0.04468560218811035, 0.0, 425.0, 424.8794250488281], [343.0298156738281, 131.14865112304688, 389.88934326171875, 192.8951416015625], [0.0035528093576431274, 65.26914978027344, 20.615251541137695, 156.75718688964844], [0.0, 0.0, 21.76569175720215, 423.4402770996094], [0.0, 0.0, 21.086273193359375, 424.666748046875], [0.0, 60.8804817199707, 23.412303924560547, 184.06817626953125], [0.0, 0.0, 20.9792423248291, 186.21029663085938], [0.0, 27.435213088989258, 19.815195083618164, 240.93255615234375], [0.0, 57.618568420410156, 18.537132263183594, 178.21888732910156], [0.0, 55.09185028076172, 18.69285011291504, 273.9860534667969], [0.0, 65.53153991699219, 20.610610961914062, 204.32159423828125], [0.0, 0.0, 22.65436363220215, 177.15052795410156], [0.0, 31.785661697387695, 20.15542221069336, 305.3752746582031], [0.0, 24.46718406677246, 20.100383758544922, 161.62307739257812], [0.0, 0.0, 21.89920997619629, 159.85972595214844], [339.83642578125, 129.85379028320312, 413.9573974609375, 250.9835205078125], [0.0, 0.0, 21.4885311126709, 255.3683319091797], [235.44471740722656, 0.0, 396.8060302734375, 153.40562438964844], [235.66676330566406, 0.0, 307.65740966796875, 87.80643463134766], [0.0, 66.17076873779297, 17.54123306274414, 240.0138702392578], [0.06928294897079468, 172.2446746826172, 425.0, 424.7016296386719], [0.028150156140327454, 1.574458122253418, 15.366436958312988, 288.406005859375], [232.13803100585938, 0.03318488597869873, 404.05938720703125, 250.05239868164062], [201.92127990722656, 0.0, 308.822998046875, 72.4851303100586], [182.80047607421875, 0.0, 350.5211486816406, 90.92694854736328], [0.0, 0.041493773460388184, 424.92877197265625, 425.0], [233.9901123046875, 0.0, 305.7940979003906, 104.97367095947266], [235.22821044921875, 0.0, 322.491455078125, 54.84237289428711], [190.20909118652344, 0.0, 249.1505584716797, 78.13858032226562], [119.96800994873047, 0.0, 406.4484558105469, 173.7698516845703], [342.606689453125, 102.82453155517578, 404.32427978515625, 192.1521453857422], [343.7749328613281, 132.12965393066406, 379.0553894042969, 190.1849365234375], [121.90315246582031, 0.0, 315.68798828125, 77.9560546875], [341.2672424316406, 134.56187438964844, 379.6916809082031, 201.50732421875], [120.13462829589844, 0.0, 315.6756896972656, 85.55438232421875], [0.0, 0.055356696248054504, 4.40211296081543, 120.80962371826172], [0.0, 0.20827315747737885, 8.767843246459961, 73.05291748046875], [326.427001953125, 127.78028106689453, 420.6818542480469, 249.399658203125], [0.0, 0.14663413166999817, 56.741539001464844, 177.91807556152344], [0.06297528743743896, 153.48707580566406, 425.0, 424.6017761230469], [294.5730285644531, 126.32809448242188, 386.05322265625, 197.17697143554688], [78.449951171875, 0.0, 404.1788330078125, 261.83502197265625], [110.68147277832031, 156.66738891601562, 425.0, 317.2653503417969], [83.48872375488281, 0.0, 260.10955810546875, 83.7822494506836], [347.59271240234375, 88.62301635742188, 397.8700256347656, 149.26817321777344], [0.4491422176361084, 0.6382137537002563, 158.7864532470703, 143.64817810058594], [0.03120899200439453, 0.4674255847930908, 425.0, 319.3604736328125], [43.9569206237793, 52.78178024291992, 78.49699401855469, 141.6988067626953], [0.07437467575073242, 27.797422409057617, 425.0, 421.87872314453125], [1.2819751501083374, 0.0, 266.9192810058594, 424.83123779296875], [0.0, 1.7151646614074707, 421.81964111328125, 263.20294189453125], [32.72123336791992, 4.394267559051514, 60.65933609008789, 100.34210205078125], [82.6504898071289, 0.0, 265.0953063964844, 265.7644348144531], [408.6552429199219, 0.0, 425.0, 26.396175384521484], [361.8009948730469, 0.4146464169025421, 425.0, 118.47979736328125], [338.9610595703125, 1.6511887311935425, 420.5641174316406, 258.0867919921875], [96.26864624023438, 0.0, 153.76724243164062, 64.4635238647461], [95.62889099121094, 7.493305206298828, 154.7980194091797, 122.5469741821289], [0.0, 0.0, 424.9793701171875, 403.5408020019531], [362.9033203125, 93.03384399414062, 409.0516052246094, 167.73602294921875], [418.3163757324219, 169.31283569335938, 425.0, 268.1167907714844], [415.55987548828125, 3.4787259101867676, 425.0, 267.19451904296875], [422.6489562988281, 185.55108642578125, 425.0, 272.1761169433594], [288.15911865234375, 91.30316925048828, 406.2875061035156, 198.7362518310547], [79.28849029541016, 0.7380027174949646, 171.42886352539062, 128.48106384277344], [383.8240966796875, 173.28604125976562, 413.1755065917969, 204.6908721923828], [421.4112548828125, 218.96458435058594, 425.0, 267.1871643066406], [411.29901123046875, 8.047005653381348, 425.0, 408.33837890625], [69.83550262451172, 102.3416748046875, 105.06369018554688, 159.39694213867188], [403.4294738769531, 190.45010375976562, 425.0, 261.6447448730469], [381.1500549316406, 240.4375, 409.80096435546875, 257.9927673339844], [0.0, 203.63182067871094, 16.994199752807617, 420.634033203125], [310.0101623535156, 399.15972900390625, 424.73095703125, 424.95294189453125], [2.0456836223602295, 0.09520705789327621, 336.5758056640625, 83.20806121826172], [0.028853118419647217, 71.51307678222656, 425.0, 422.3149108886719], [0.0, 159.8498992919922, 27.114471435546875, 420.5483703613281], [319.3808288574219, 0.0, 424.8661804199219, 423.85809326171875], [131.107666015625, 124.21881103515625, 