{"labels": [0, 36, 0, 36, 2, 2, 2, 2, 7, 2, 2, 2, 2, 2, 2, 7, 2, 2, 2, 2, 2, 2, 2, 2, 2, 36, 2, 2, 2, 2, 7, 2, 2, 2, 0, 2, 2, 2, 0, 2, 2, 2, 2, 2, 7, 2, 2, 2, 0, 2, 74, 24, 2, 2, 7, 2, 2, 2, 24, 36, 36, 24, 2, 36, 0, 2, 36, 36, 2, 2, 0, 36, 2, 2, 36, 2, 2, 36, 2, 36, 2, 2, 2, 0, 2, 7, 2, 36, 36, 9, 74, 74, 36, 2, 9, 0, 2, 0, 9, 36], "scores": [0.9996849298477173, 0.9988025426864624, 0.998775064945221, 0.9984079003334045, 0.9885261058807373, 0.9836892485618591, 0.42882171273231506, 0.3398919403553009, 0.19817231595516205, 0.16470107436180115, 0.15100793540477753, 0.14993807673454285, 0.13960157334804535, 0.12429068982601166, 0.11622350662946701, 0.11391343176364899, 0.11349467188119888, 0.10197538137435913, 0.10141053050756454, 0.0930301696062088, 0.09176646173000336, 0.08129598200321198, 0.07514572888612747, 0.06753779947757721, 0.0660686269402504, 0.0659123957157135, 0.06436600536108017, 0.06429971009492874, 0.0634906068444252, 0.061347659677267075, 0.05821754038333893, 0.05805911868810654, 0.05773140490055084, 0.0562717504799366, 0.05547529458999634, 0.05358452722430229, 0.051927607506513596, 0.04318730905652046, 0.04265731945633888, 0.04227409511804581, 0.04194663092494011, 0.04125253111124039, 0.03670607879757881, 0.036520782858133316, 0.0351460725069046, 0.03485337644815445, 0.03423511981964111, 0.031767215579748154, 0.031728945672512054, 0.03144652768969536, 0.03127921372652054, 0.029287513345479965, 0.02916705794632435, 0.028845414519309998, 0.026839232072234154, 0.026466216892004013, 0.025570407509803772, 0.02555626817047596, 0.025170989334583282, 0.0249593835324049, 0.023786097764968872, 0.023068837821483612, 0.02244112640619278, 0.021049808710813522, 0.020353825762867928, 0.01947813481092453, 0.01872180588543415, 0.01866249181330204, 0.018069744110107422, 0.017613574862480164, 0.017167476937174797, 0.016284171491861343, 0.015723153948783875, 0.01566290482878685, 0.015530228614807129, 0.015506323426961899, 0.015420851297676563, 0.014850478619337082, 0.014096414670348167, 0.013644070364534855, 0.013191791251301765, 0.01275129709392786, 0.01145886816084385, 0.01141797099262476, 0.010988197289407253, 0.010756141506135464, 0.00950598530471325, 0.009006258100271225, 0.007632703520357609, 0.007156446576118469, 0.006088367663323879, 0.005813263822346926, 0.005375324748456478, 0.005090588703751564, 0.004829305689781904, 0.004664903040975332, 0.003395986510440707, 0.003046475350856781, 0.0026048547588288784, 0.002573203295469284], "bboxes": [[249.40109252929688, 104.88694763183594, 381.1612243652344, 297.4085388183594], [229.2659454345703, 275.7292175292969, 316.2718811035156, 297.74298095703125], [7.875821590423584, 101.64166259765625, 100.44444274902344, 254.99285888671875], [18.617773056030273, 246.40411376953125, 100.4691390991211, 266.8691101074219], [269.7694091796875, 125.10912322998047, 425.0, 236.01564025878906], [0.0, 114.90117645263672, 208.39022827148438, 237.2415313720703], [68.76541900634766, 113.38758850097656, 181.34922790527344, 142.421142578125], [62.853515625, 116.488037109375, 210.17588806152344, 237.269775390625], [0.0, 113.17100524902344, 207.2336883544922, 237.13380432128906], [326.799560546875, 123.36067962646484, 425.0, 234.19485473632812], [0.0, 143.85617065429688, 10.30540657043457, 171.23728942871094], [266.1292419433594, 121.89327239990234, 425.0, 235.46527099609375], [0.0, 141.845458984375, 17.945695877075195, 169.24720764160156], [0.0, 133.39141845703125, 24.39065933227539, 174.62478637695312], [0.0, 144.73309326171875, 21.806650161743164, 172.3042449951172], [267.5848693847656, 125.61366271972656, 425.0, 239.8645782470703], [326.59765625, 126.61540222167969, 425.0, 236.06292724609375], [329.5064392089844, 132.88198852539062, 425.0, 235.3540802001953], [329.2359313964844, 127.1565170288086, 424.73138427734375, 166.89376831054688], [266.048583984375, 119.37307739257812, 425.0, 224.99349975585938], [0.0, 121.87586212158203, 15.549921989440918, 168.66029357910156], [66.91357421875, 116.1628189086914, 191.15322875976562, 170.01231384277344], [328.2409362792969, 125.08918762207031, 424.6886291503906, 175.9111328125], [0.024272780865430832, 124.64318084716797, 28.103532791137695, 165.4016571044922], [0.0, 120.37801361083984, 4.89835786819458, 147.06336975097656], [343.2730407714844, 286.91656494140625, 379.73577880859375, 298.7268981933594], [0.0, 114.09626770019531, 186.97442626953125, 168.25367736816406], [0.0, 131.30831909179688, 42.39451217651367, 173.9225616455078], [0.0, 138.15501403808594, 17.580961227416992, 224.21786499023438], [0.0, 138.2294464111328, 100.14732360839844, 229.8473663330078], [267.41436767578125, 123.57147216796875, 425.0, 233.4054412841797], [80.11028289794922, 144.9300537109375, 208.2476043701172, 238.0709228515625], [143.2690887451172, 112.3323745727539, 177.56866455078125, 127.66326141357422], [0.0, 118.68875885009766, 15.117331504821777, 141.3282928466797], [368.39801025390625, 144.07533264160156, 389.7696533203125, 167.7943878173828], [210.17457580566406, 167.84059143066406, 299.3626403808594, 200.98387145996094], [0.0, 144.56785583496094, 206.9320831298828, 240.35440063476562], [0.0, 143.58221435546875, 3.075641632080078, 187.41668701171875], [133.235107421875, 126.5431900024414, 152.3860626220703, 143.91114807128906], [268.6087341308594, 167.65846252441406, 360.28778076171875, 232.23001098632812], [325.7295227050781, 122.22247314453125, 425.0, 162.76002502441406], [10.754677772521973, 120.69806671142578, 29.965505599975586, 140.8951873779297], [289.3865966796875, 128.0181884765625, 425.0, 232.3113250732422], [171.3988800048828, 124.91423034667969, 241.6185760498047, 190.7187957763672], [266.975341796875, 125.37665557861328, 425.0, 236.07896423339844], [0.09312983602285385, 147.409423828125, 91.76771545410156, 229.3874053955078], [205.938232421875, 178.8522186279297, 236.48175048828125, 196.4340057373047], [0.04170592874288559, 118.49982452392578, 87.61248779296875, 230.68551635742188], [369.94549560546875, 144.51795959472656, 391.3719787597656, 167.45333862304688], [74.02557373046875, 112.74860382080078, 177.78280639648438, 137.81442260742188], [302.89031982421875, 31.905336380004883, 313.5680847167969, 42.449790954589844], [274.211181640625, 171.0417938232422, 305.8238525390625, 212.79624938964844], [266.93121337890625, 130.59368896484375, 357.79644775390625, 216.69586181640625], [3.82588791847229, 112.50220489501953, 204.18505859375, 203.5226287841797], [0.0, 113.2301254272461, 103.70409393310547, 231.1714630126953], [370.8359375, 139.14373779296875, 424.97296142578125, 227.7122344970703], [0.0, 118.3238296508789, 424.93798828125, 242.9509735107422], [422.96783447265625, 128.63287353515625, 425.0, 177.10023498535156], [277.91595458984375, 173.8513946533203, 301.85321044921875, 208.87318420410156], [83.06950378417969, 247.59254455566406, 113.49909210205078, 255.6917724609375], [286.55535888671875, 272.32489013671875, 386.87713623046875, 298.3634338378906], [277.7461853027344, 171.8700714111328, 306.4206237792969, 210.20562744140625], [264.6824035644531, 132.9049530029297, 425.0, 267.2960510253906], [45.799232482910156, 247.3995361328125, 111.1020278930664, 258.1642150878906], [92.94298553466797, 127.0761489868164, 111.30668640136719, 140.1744384765625], [417.990234375, 125.7979507446289, 425.0, 174.8666229248047], [285.0527648925781, 272.0495300292969, 315.9086608886719, 286.348388671875], [234.16488647460938, 278.0885925292969, 300.1304931640625, 293.6802673339844], [0.0, 108.89170837402344, 2.845503330230713, 226.4442901611328], [422.24407958984375, 97.54016876220703, 425.0, 132.58062744140625], [214.4551239013672, 183.00779724121094, 245.59951782226562, 197.23228454589844], [74.67528533935547, 249.2559814453125, 110.08960723876953, 257.93255615234375], [171.67601013183594, 151.2742919921875, 203.69039916992188, 187.00877380371094], [1.0715044736862183, 115.92506408691406, 285.33428955078125, 235.0685577392578], [26.573814392089844, 248.94720458984375, 101.11519622802734, 