{"labels": [74, 74, 0, 0, 0, 0, 0, 0, 0, 0, 0, 0, 0, 0, 0, 0, 0, 0, 0, 0, 0, 0, 0, 0, 0, 0, 0, 0, 0, 0, 0, 0, 0, 0, 0, 74, 0, 0, 0, 0, 0, 0, 0, 0, 0, 0, 0, 0, 0, 0, 0, 74, 0, 0, 0, 74, 0, 0, 0, 0, 0, 0, 0, 0, 0, 0, 0, 0, 0, 74, 74, 0, 0, 0, 0, 0, 0, 0, 74, 0, 6, 6, 6, 0, 0, 0, 0, 0, 0, 0, 74, 6, 6, 6, 0, 0, 0, 74, 0, 74], "scores": [0.9989041090011597, 0.01641119085252285, 0.014523202553391457, 0.013241218402981758, 0.01318732462823391, 0.013161561451852322, 0.013147912919521332, 0.013049304485321045, 0.012490548193454742, 0.010149122215807438, 0.009777914732694626, 0.009315302595496178, 0.008986536413431168, 0.008562532253563404, 0.008288295939564705, 0.008171412162482738, 0.008038897998631, 0.007747974246740341, 0.007629096508026123, 0.007577913347631693, 0.007076328620314598, 0.007026010192930698, 0.006901558022946119, 0.006802273448556662, 0.006744484417140484, 0.006608860567212105, 0.0064749387092888355, 0.005344612989574671, 0.005184111185371876, 0.004929194692522287, 0.004445730242878199, 0.004389978013932705, 0.0043825204484164715, 0.004370362497866154, 0.00433871615678072, 0.0042349547147750854, 0.004194312263280153, 0.004015735816210508, 0.0039509367197752, 0.003950225654989481, 0.00394835602492094, 0.0039102062582969666, 0.003726010676473379, 0.003668085904791951, 0.0035385657101869583, 0.003405885072425008, 0.0033462366554886103, 0.0032914746552705765, 0.003149547381326556, 0.003097939072176814, 0.002860211068764329, 0.002812379039824009, 0.0027768367435783148, 0.0027312675956636667, 0.0027266142424196005, 0.0026799102779477835, 0.002615944715216756, 0.002589485375210643, 0.0025486701633781195, 0.002411241177469492, 0.0022829461377114058, 0.002282853936776519, 0.002217159839347005, 0.0021239235065877438, 0.002116443822160363, 0.0020575355738401413, 0.0019017003942281008, 0.0019007736118510365, 0.0018361505353823304, 0.0018347149016335607, 0.0018226418178528547, 0.0017956963274627924, 0.0017956363735720515, 0.001778014819137752, 0.001716621802188456, 0.0017098340904340148, 0.0016489062691107392, 0.0016018239548429847, 0.0015331872273236513, 0.001519280718639493, 0.0014906228752806783, 0.0013039662735536695, 0.00129133858717978, 0.0012631281279027462, 0.0012405960587784648, 0.0011786330724135041, 0.0011058156378567219, 0.001056982553564012, 0.0010125043336302042, 0.0009716456406749785, 0.0009592279093340039, 0.0009081129683181643, 0.0009026723564602435, 0.0008339363848790526, 0.000783887691795826, 0.000780034635681659, 0.000730237748939544, 0.0006560119800269604, 0.0006533869891427457, 0.0005329061532393098], "bboxes": [[181.4372100830078, 321.9792175292969, 244.33065795898438, 383.9461364746094], [80.95442962646484, 221.4342803955078, 286.54864501953125, 418.9447326660156], [254.99795532226562, 351.6191101074219, 270.0557861328125, 367.99755859375], [271.1551208496094, 352.55267333984375, 284.0676574707031, 369.0579528808594], [259.7802734375, 351.91595458984375, 273.9820556640625, 367.593505859375], [255.3433074951172, 352.1755676269531, 268.0558776855469, 366.4980163574219], [144.1533660888672, 388.2454833984375, 162.05014038085938, 410.244873046875], [0.0022037827875465155, 291.9861755371094, 1.985062599182129, 353.55877685546875], [256.7532653808594, 352.9091796875, 271.4138488769531, 368.6722717285156], [373.4645080566406, 337.7415466308594, 406.2984313964844, 359.5805358886719], [374.052001953125, 337.98822021484375, 407.0243835449219, 358.8935546875], [0.0, 257.4263000488281, 1.2312649488449097, 411.4490051269531], [364.735107421875, 339.5401306152344, 406.65142822265625, 374.5765686035156], [272.8200988769531, 351.8097229003906, 286.02716064453125, 368.28582763671875], [408.2535095214844, 417.9405822753906, 425.0, 425.0], [143.16668701171875, 414.4541931152344, 174.7792205810547, 424.9974060058594], [0.0025971210561692715, 273.183349609375, 4.030376434326172, 358.6108703613281], [418.6654357910156, 403.6732177734375, 425.0, 425.0], [0.0, 287.6668701171875, 3.3347785472869873, 312.10687255859375], [366.0365295410156, 339.9601135253906, 416.39947509765625, 380.1297912597656], [377.0498046875, 341.6352233886719, 425.0, 418.7044372558594], [162.81948852539062, 346.8165283203125, 179.69578552246094, 368.9729309082031], [140.40455627441406, 376.867919921875, 159.51162719726562, 399.2127380371094], [0.0, 280.61773681640625, 1.044951319694519, 318.5453186035156], [169.81478881835938, 345.4731140136719, 185.5873565673828, 368.1947021484375], [0.0, 292.1785888671875, 3.396829128265381, 324.2446594238281], [0.0, 284.0690002441406, 2.0760319232940674, 311.2127685546875], [255.05723571777344, 349.7522888183594, 275.9803161621094, 368.883544921875], [231.25941467285156, 400.21844482421875, 244.33973693847656, 413.71087646484375], [57.07316589355469, 392.85650634765625, 95.74259185791016, 424.5566711425781], [375.2725830078125, 338.3168640136719, 413.0092468261719, 360.6108093261719], [232.28225708007812, 408.5677490234375, 250.01589965820312, 423.2779541015625], [367.5533142089844, 338.5687561035156, 421.7205810546875, 383.0803527832031], [0.008508376777172089, 282.93011474609375, 11.096662521362305, 356.7484436035156], [152.22657775878906, 346.4725646972656, 174.37046813964844, 368.8240661621094], [145.20640563964844, 321.2268371582031, 251.6988525390625, 423.84588623046875], [354.6260986328125, 420.35845947265625, 417.7711486816406, 425.0], [173.0965118408203, 300.7978820800781, 192.35325622558594, 320.5894775390625], [152.3618621826172, 390.9053649902344, 190.5869598388672, 412.4277648925781], [0.0, 375.9981994628906, 6.43866491317749, 410.4195861816406], [422.8404235839844, 250.23486328125, 425.0, 420.63623046875], [418.3675842285156, 125.58079528808594, 425.0, 414.3838195800781], [256.91259765625, 419.2760314941406, 291.7489013671875, 424.9913330078125], [298.9803466796875, 351.3629455566406, 320.5191345214844, 369.23193359375], [362.1084289550781, 339.264404296875, 424.9429931640625, 424.8810119628906], [366.1686096191406, 420.2518005371094, 425.0, 425.0], [282.6866760253906, 422.6401672363281, 320.7405090332031, 425.0], [71.31747436523438, 418.7768249511719, 109.04757690429688, 425.0], [85.93269348144531, 419.45330810546875, 142.74444580078125, 425.0], [0.0, 392.2221374511719, 52.960174560546875, 424.1133117675781], [0.0, 405.23114013671875, 45.11041259765625, 424.894775390625], [163.40081787109375, 312.1343078613281, 256.81976318359375, 409.5325622558594], [145.5301513671875, 422.6766052246094, 209.4720001220703, 425.0], [59.468814849853516, 420.20001220703125, 104.76992797851562, 425.0], [244.82308959960938, 420.97833251953125, 282.97808837890625, 425.0], [6.125410556793213, 226.3678741455078, 250.33071899414062, 411.43072509765625], [150.42837524414062, 334.1692810058594, 184.87672424316406, 369.10064697265625], [297.9640197753906, 419.2474365234375, 336.9720764160156, 425.0], [138.36167907714844, 344.0505676269531, 180.18798828125, 376.412109375], [174.27145385742188, 422.6492919921875, 220.8557586669922, 424.9932556152344], [159.1061553955078, 328.10223388671875, 183.5181884765625, 347.66986083984375], [384.21417236328125, 0.0, 422.3269958496094, 33.85027313232422], [0.0, 309.57611083984375, 19.363981246948242, 360.90625], [243.2224884033203, 401.7601318359375, 288.3037414550781, 420.27398681640625], [386.5173645019531, 0.0, 425.0, 43.17632293701172], [158.28082275390625, 419.1338195800781, 211.67791748046875, 425.0], [0.0, 315.9669494628906, 19.61772346496582, 355.8403625488281], [417.9908752441406, 0.0, 425.0, 26.462974548339844], [0.0, 314.3061828613281, 19.637611389160156, 397.5506591796875], [0.0012665987014770508, 200.7556610107422, 424.88262939453125, 425.0], [420.3642272949219, 186.1170196533203, 425.0, 311.58233642578125], [372.2431945800781, 384.7831726074219, 425.0, 424.8849792480469], [249.3759307861328, 349.2062072753906, 289.4645690917969, 381.7399597167969], [0.0, 276.4958190917969, 17.522541046142578, 420.6905517578125], [241.66949462890625, 419.830810546875, 299.9975280761719, 425.0], [48.715843200683594, 