{"labels": [23, 23, 23, 23, 23, 23, 23, 23, 23, 23, 23, 23, 23, 23, 23, 23, 23, 23, 23, 23, 23, 23, 23, 23, 23, 23, 23, 23, 23, 23, 23, 23, 23, 23, 23, 23, 23, 23, 23, 23, 23, 23, 23, 23, 23, 23, 23, 23, 23, 23, 23, 23, 23, 23, 23, 23, 23, 23, 23, 23, 23, 23, 23, 23, 23, 23, 23, 23, 23, 23, 23, 23, 23, 23, 23, 23, 23, 23, 23, 0, 23, 0, 23, 23, 23, 23, 23, 23, 23, 23, 23, 23, 14, 49, 14, 14, 14, 49, 14, 14], "scores": [0.9982516169548035, 0.0038813420105725527, 0.0033460690174251795, 0.0025945629458874464, 0.002580882515758276, 0.0022154951002448797, 0.002104759681969881, 0.002058964455500245, 0.002053595846518874, 0.0020191106013953686, 0.0019787128549069166, 0.0018802062841132283, 0.0018581371987238526, 0.0018328109290450811, 0.0017743655480444431, 0.0017344830557703972, 0.0017018822254613042, 0.0016625913558527827, 0.0016191061586141586, 0.0015402688877657056, 0.0015126412035897374, 0.0015021080616861582, 0.001447782851755619, 0.001322448719292879, 0.0013002177001908422, 0.0012504234910011292, 0.001226036692969501, 0.0011963607976213098, 0.0011759428307414055, 0.001143953180871904, 0.0011313597206026316, 0.0011171633377671242, 0.0010698891710489988, 0.0010565636912360787, 0.0010557419154793024, 0.0010448726825416088, 0.0010284233139827847, 0.0010209797183051705, 0.0009947993094101548, 0.000975367845967412, 0.0009687687852419913, 0.0009452618542127311, 0.0009422610164619982, 0.0009358353563584387, 0.0008710799738764763, 0.0008548633195459843, 0.0008504987927153707, 0.0008491800399497151, 0.0008211228414438665, 0.000812059617601335, 0.000808711105491966, 0.0008078489336185157, 0.0007949864957481623, 0.0007949643186293542, 0.0007417912711389363, 0.0006830436759628356, 0.0006783076678402722, 0.0006638828199356794, 0.0006552614504471421, 0.0006345447618514299, 0.0006010237848386168, 0.0005640116287395358, 0.0005481744301505387, 0.000531520345248282, 0.0005274899885989726, 0.0005147687625139952, 0.0004647367459256202, 0.0004604104324243963, 0.0004444527439773083, 0.00042957725236192346, 0.00041297500138171017, 0.0004024466034024954, 0.0004012080898974091, 0.0003740091633517295, 0.00035572171327658, 0.00032381212804466486, 0.00032357312738895416, 0.0003212386800441891, 0.0003131371922791004, 0.00030547360074706376, 0.00029275374254211783, 0.0002870455209631473, 0.000284722656942904, 0.00026741117471829057, 0.0002559437125455588, 0.00022617756621912122, 0.00022297320538200438, 0.00020990204939153045, 0.0001702374138403684, 0.00015487523342017084, 0.00014875309716444463, 0.000134776157210581, 4.603477646014653e-05, 4.127392458030954e-05, 3.9479302358813584e-05, 3.865463804686442e-05, 3.079513044212945e-05, 2.9804079531459138e-05, 2.7817015507025644e-05, 2.0330056941020302e-05], "bboxes": [[33.177955627441406, 45.3851318359375, 424.8519592285156, 423.5165710449219], [20.493921279907227, 3.2272047996520996, 424.0694580078125, 422.57891845703125], [34.250831604003906, 42.28812026977539, 398.3941345214844, 424.3511047363281], [35.18508529663086, 40.66318893432617, 405.3700256347656, 424.8310241699219], [37.806488037109375, 45.46813201904297, 186.18505859375, 377.9117736816406], [41.52945327758789, 43.156612396240234, 286.8927001953125, 421.7637023925781], [40.909324645996094, 43.17710876464844, 318.3892822265625, 382.79376220703125], [37.24083709716797, 45.61114501953125, 184.62078857421875, 380.3765563964844], [41.177223205566406, 102.76287841796875, 422.53948974609375, 424.9129333496094], [423.08721923828125, 118.14685821533203, 425.0, 297.3131408691406], [36.035823822021484, 95.21659088134766, 423.8758239746094, 424.9955749511719], [28.699277877807617, 1.0610296726226807, 423.1129455566406, 423.53826904296875], [35.867984771728516, 42.44051742553711, 411.3861999511719, 424.7043762207031], [9.017815589904785, 22.061046600341797, 425.0, 424.9378662109375], [24.742904663085938, 19.78230857849121, 422.8837585449219, 423.7122802734375], [34.92874526977539, 45.417442321777344, 198.7674560546875, 379.2436828613281], [39.31755447387695, 90.62764739990234, 423.437744140625, 425.0], [419.0254821777344, 42.55484390258789, 425.0, 305.2362976074219], [41.11732864379883, 103.9654769897461, 424.7204895019531, 421.7706298828125], [419.9979553222656, 128.6663818359375, 425.0, 260.7945861816406], [35.49570083618164, 40.88289260864258, 183.24220275878906, 377.28631591796875], [34.94875717163086, 40.21675109863281, 186.9645538330078, 392.7732238769531], [34.840763092041016, 8.775919914245605, 424.0826721191406, 422.7980041503906], [35.46131896972656, 23.900476455688477, 424.87542724609375, 424.3678894042969], [6.786274433135986, 201.74732971191406, 48.95148849487305, 247.290771484375], [38.43719482421875, 107.53392791748047, 423.9837646484375, 424.28265380859375], [33.35064697265625, 0.24730339646339417, 423.9623107910156, 423.654541015625], [28.6004695892334, 38.12752151489258, 178.0153045654297, 421.4776916503906], [0.0, 36.43532943725586, 54.47437286376953, 304.0877990722656], [42.09614181518555, 42.248779296875, 397.894775390625, 378.05047607421875], [0.18895594775676727, 170.10084533691406, 40.06657791137695, 260.7507019042969], [0.05869655683636665, 154.09190368652344, 20.0272159576416, 252.58285522460938], [36.27991485595703, 40.90013122558594, 181.5771942138672, 365.1185607910156], [0.9708542227745056, 38.30809020996094, 136.85165405273438, 275.9066467285156], [41.66749954223633, 102.79090881347656, 422.2115173339844, 424.7308044433594], [35.12983703613281, 3.170891761779785, 423.4277648925781, 421.48651123046875], [27.92841148376465, 0.07768049836158752, 422.9582214355469, 423.98626708984375], [0.2271834760904312, 42.13853454589844, 183.70193481445312, 423.610595703125], [40.49275588989258, 57.83199691772461, 424.5496826171875, 347.21746826171875], [419.5743408203125, 20.957624435424805, 425.0, 416.998291015625], [419.64080810546875, 44.64812469482422, 425.0, 384.3818054199219], [49.05103302001953, 105.16496276855469, 424.9703369140625, 383.8857421875], [36.669654846191406, 19.454702377319336, 424.2090148925781, 423.5119934082031], [59.63859558105469, 68.61054992675781, 424.83087158203125, 352.9855041503906], [422.0584411621094, 80.86517333984375, 425.0, 172.8076934814453], [40.17368698120117, 45.19969177246094, 425.0, 316.4456481933594], [38.89937210083008, 62.17792510986328, 424.2866516113281, 424.29962158203125], [13.45229434967041, 196.02259826660156, 64.03134155273438, 250.12159729003906], [0.6162952780723572, 41.32609939575195, 150.40554809570312, 396.9012145996094], [6.812432289123535, 41.0421028137207, 179.30958557128906, 290.9109802246094], [0.04117395728826523, 203.93093872070312, 52.576229095458984, 280.0751037597656], [37.75053024291992, 17.013219833374023, 425.0, 379.7939758300781], [416.8970642089844, 140.13905334472656, 425.0, 422.1347351074219], [128.70603942871094, 92.11146545410156, 425.0, 317.62890625], [43.19377517700195, 50.556907653808594, 425.0, 308.90411376953125], [39.70014572143555, 46.16896438598633, 180.7171630859375, 295.919189453125], [38.33409118652344, 46.46075439453125, 424.653564453125, 321.9994812011719], [331.5410461425781, 10.628029823303223, 425.0, 418.6883850097656], [40.9748649597168, 43.61483383178711, 182.5004119873047, 276.16949462890625], [39.21302032470703, 54.382110595703125, 424.30987548828125, 424.5210266113281], [37.341548919677734, 123.94953155517578, 155.67018127441406, 380.3004455566406], [78.28849029541016, 57.649658203125, 425.0, 333.2109680175781], [126.69253540039062, 99.47175598144531, 425.0, 393.65142822265625], [36.70143508911133, 39.86524200439453, 424.6158142089844, 425.0], [38.0622673034668, 250.7844696044922, 405.475341796875, 424.8585510253906], [413.0400695800781, 217.0244903564453, 425.0, 290.5496520996094], [0.0, 120.39147186279297, 45.7417106628418, 415.2296447753906], [35.718536376953125, 213.0653533935547, 155.41192626953125, 382.24566650390625], [36.36349868774414, 233.54251098632812, 159.98646545410156, 379.9910583496094], [244.6179656982422, 402.6054992675781, 367.73565673828125, 425.0], 