{"labels": [0, 0, 0, 35, 32, 32, 2, 35, 35, 32, 35, 35, 32, 35, 32, 32, 32, 32, 32, 35, 32, 32, 35, 32, 35, 32, 32, 0, 2, 32, 32, 32, 32, 32, 35, 2, 0, 35, 2, 0, 0, 2, 0, 0, 13, 0, 34, 0, 13, 35, 0, 35, 34, 0, 0, 0, 34, 58, 32, 32, 58, 0, 32, 0, 0, 0, 2, 0, 34, 35, 0, 35, 35, 58, 35, 0, 35, 13, 0, 0, 0, 0, 0, 0, 35, 35, 0, 35, 13, 35, 0, 0, 0, 35, 0, 32, 32, 35, 0, 35], "scores": [0.9992846846580505, 0.9987302422523499, 0.9987132549285889, 0.9980979561805725, 0.46489688754081726, 0.41431233286857605, 0.3546297550201416, 0.2567134499549866, 0.24594423174858093, 0.24553914368152618, 0.20374318957328796, 0.20322765409946442, 0.1832990050315857, 0.12167609483003616, 0.11913648247718811, 0.08998805284500122, 0.06716288626194, 0.06324144452810287, 0.06257804483175278, 0.0557284876704216, 0.05336452275514603, 0.05055995285511017, 0.049907609820365906, 0.049636393785476685, 0.046822890639305115, 0.04595276713371277, 0.044173549860715866, 0.044023219496011734, 0.0360647588968277, 0.0352097749710083, 0.035044800490140915, 0.03368913382291794, 0.026037095114588737, 0.02480759099125862, 0.024678686633706093, 0.02348191663622856, 0.020917782559990883, 0.020599981769919395, 0.019965771585702896, 0.019689280539751053, 0.01965288817882538, 0.017613239586353302, 0.016413617879152298, 0.016217175871133804, 0.0148163428530097, 0.013774392195045948, 0.013040948659181595, 0.011422563344240189, 0.010645786300301552, 0.009677926078438759, 0.009415647014975548, 0.008729372173547745, 0.008322330191731453, 0.007499822415411472, 0.007212984841316938, 0.007056377362459898, 0.0068949563428759575, 0.0065374174155294895, 0.006432771682739258, 0.00643230089917779, 0.005997402127832174, 0.005782753229141235, 0.005623329896479845, 0.005389463622123003, 0.0049947528168559074, 0.004885608330368996, 0.004820498172193766, 0.004802417941391468, 0.004751889035105705, 0.0043988642282783985, 0.004315245430916548, 0.004301631357520819, 0.004221783950924873, 0.003986089490354061, 0.0039053293876349926, 0.0033121684100478888, 0.0032147900201380253, 0.003103103255853057, 0.0030310514848679304, 0.0028126148972660303, 0.0025200655218213797, 0.002512409584596753, 0.0024838114622980356, 0.002470338251441717, 0.002451343694701791, 0.0023407049011439085, 0.002299531130120158, 0.002192639047279954, 0.0019324927125126123, 0.0016719073755666614, 0.0015415474772453308, 0.0014833785826340318, 0.0013107939157634974, 0.0012745370622724295, 0.0010286412434652448, 0.000980825163424015, 0.0009377425885759294, 0.0009186426759697497, 0.0008194302208721638, 0.0004017205210402608], "bboxes": [[141.19717407226562, 69.73563385009766, 311.4060974121094, 422.99432373046875], [304.19000244140625, 32.50761032104492, 425.0, 423.751708984375], [0.0, 13.725775718688965, 126.41218566894531, 423.172119140625], [306.9632568359375, 258.51678466796875, 406.5124206542969, 360.7589416503906], [46.9769172668457, 201.77479553222656, 69.01741790771484, 224.20860290527344], [174.94183349609375, 224.4676055908203, 188.6742401123047, 239.40623474121094], [132.53359985351562, 321.1605529785156, 151.7086944580078, 341.3857727050781], [49.30351638793945, 199.56971740722656, 95.8253402709961, 229.02410888671875], [47.39990997314453, 198.35427856445312, 79.51292419433594, 223.91122436523438], [174.61358642578125, 224.33779907226562, 188.48057556152344, 240.23092651367188], [46.137630462646484, 196.2322235107422, 90.72823333740234, 225.50013732910156], [47.82676315307617, 201.30467224121094, 98.51661682128906, 239.86683654785156], [175.36346435546875, 223.69247436523438, 187.00929260253906, 237.01548767089844], [56.63485336303711, 215.77001953125, 102.05075073242188, 283.4707336425781], [170.9657745361328, 227.6025848388672, 191.2394256591797, 268.52423095703125], [51.358341217041016, 203.7642822265625, 67.2698974609375, 216.78665161132812], [50.61307907104492, 205.8950958251953, 65.17481231689453, 219.1191864013672], [49.967498779296875, 203.8203125, 65.93244934082031, 217.36122131347656], [175.1010284423828, 223.059814453125, 184.70713806152344, 234.53671264648438], [1.1523641347885132, 179.71432495117188, 20.59076499938965, 212.44081115722656], [173.78033447265625, 224.4203643798828, 183.8827667236328, 237.16903686523438], [172.08937072753906, 226.32220458984375, 181.9483184814453, 238.59140014648438], [3.4127330780029297, 204.3994598388672, 101.29660034179688, 277.8792419433594], [177.90187072753906, 222.70010375976562, 188.0400390625, 233.14791870117188], [0.0, 197.9512481689453, 102.14263916015625, 263.03485107421875], [61.567325592041016, 203.02438354492188, 78.7481460571289, 216.26544189453125], [171.5750274658203, 232.3494110107422, 184.70150756835938, 247.33291625976562], [52.36899185180664, 67.85881042480469, 322.6168212890625, 424.1013488769531], [135.58358764648438, 319.3201599121094, 153.1380615234375, 341.6389465332031], [47.87165451049805, 205.5030059814453, 63.56596374511719, 219.61614990234375], [171.95579528808594, 238.1865692138672, 189.96864318847656, 266.9919128417969], [63.608619689941406, 201.04144287109375, 80.563232421875, 214.3919677734375], [171.0259552001953, 231.08872985839844, 190.6311798095703, 268.86322021484375], [61.40366744995117, 214.09066772460938, 94.96292877197266, 233.08888244628906], [0.0, 176.91656494140625, 17.335437774658203, 210.4857635498047], [141.3422393798828, 319.270263671875, 154.04501342773438, 343.1522521972656], [321.8434753417969, 340.801025390625, 332.5309143066406, 354.43182373046875], [55.90764236450195, 146.88536071777344, 81.46856689453125, 208.70680236816406], [133.80662536621094, 322.4953308105469, 150.18157958984375, 342.06903076171875], [310.6925048828125, 338.52471923828125, 323.5323181152344, 353.0871276855469], [308.7449645996094, 338.4833679199219, 322.44476318359375, 352.795654296875], [112.90230560302734, 307.93646240234375, 138.8900909423828, 328.9258728027344], [0.7503647208213806, 12.380990028381348, 150.90785217285156, 422.7698669433594], [293.9089660644531, 337.8566589355469, 309.1281433105469, 352.3903503417969], [281.64453125, 321.9269104003906, 318.0783996582031, 349.30792236328125], [4.4947662353515625, 55.96968078613281, 404.1506652832031, 423.2835388183594], [0.4397408962249756, 241.7450714111328, 91.76534271240234, 282.0247802734375], [0.0, 16.905508041381836, 107.34793853759766, 284.94219970703125], [285.00079345703125, 319.0311584472656, 395.2099609375, 354.379150390625], [52.59360122680664, 228.9004364013672, 403.867919921875, 361.26202392578125], [366.1482238769531, 42.16874313354492, 425.0, 422.99176025390625], [0.0, 111.71263885498047, 20.058135986328125, 199.39971923828125], [0.0, 246.89761352539062, 62.610137939453125, 274.7117614746094], [0.0, 1.7647392749786377, 127.93250274658203, 421.0876770019531], [421.7744140625, 57.387142181396484, 425.0, 415.9905700683594], [0.0, 101.88101959228516, 7.58353328704834, 335.7760314941406], [0.0, 130.6077880859375, 21.451683044433594, 218.31536865234375], [100.50411987304688, 257.9023132324219, 148.99012756347656, 340.9141845703125], [345.35009765625, 0.0, 370.105712890625, 2.505624532699585], [315.96820068359375, 263.68218994140625, 372.51959228515625, 294.16131591796875], [98.11625671386719, 260.5512390136719, 153.4650115966797, 343.5455017089844], [262.12908935546875, 35.5059928894043, 425.0, 423.969970703125], [349.0128173828125, 0.0, 372.67724609375, 2.2045557498931885], [414.02886962890625, 36.364173889160156, 425.0, 422.08807373046875], [243.5962371826172, 1.4506101608276367, 425.0, 422.447509765625], [55.867462158203125, 65.61465454101562, 409.89056396484375, 425.0], [85.77682495117188, 313.13922119140625, 140.45352172851562, 340.826416015625], [283.3719177246094, 299.25201416015625, 299.2878723144531, 320.7581481933594], [0.0, 241.91580200195312, 28.769296646118164, 275.8526916503906], [0.030787847936153412, 253.40733337402344, 63.7718505859375, 276.1994934082031], [418.5833435058594, 156.42849731445312, 425.0, 423.03253173828125], [196.56138610839844, 409.6002197265625, 221.65284729003906, 