{"labels": [4, 7, 7, 4, 4, 4, 7, 4, 7, 7, 4, 7, 4, 7, 7, 7, 7, 4, 7, 7, 5, 2, 7, 4, 5, 7, 7, 4, 4, 4, 7, 4, 7, 4, 4, 7, 4, 5, 7, 5, 4, 4, 7, 7, 4, 4, 7, 7, 4, 2, 4, 7, 4, 4, 7, 5, 4, 7, 4, 7, 4, 7, 0, 4, 7, 0, 0, 4, 4, 4, 4, 0, 4, 4, 4, 4, 4, 4, 4, 4, 4, 4, 4, 4, 4, 7, 4, 4, 0, 4, 4, 4, 4, 7, 4, 0, 4, 4, 4, 4], "scores": [0.9591814875602722, 0.9366855025291443, 0.8590724468231201, 0.5383402705192566, 0.33121177554130554, 0.29916825890541077, 0.2036607712507248, 0.1867964267730713, 0.17530611157417297, 0.16041183471679688, 0.14270895719528198, 0.14019128680229187, 0.13632385432720184, 0.13418345153331757, 0.11130309849977493, 0.11004835367202759, 0.10258669406175613, 0.08443821966648102, 0.08346885442733765, 0.08257560431957245, 0.08133315294981003, 0.08025392144918442, 0.07977129518985748, 0.07867468148469925, 0.07010167092084885, 0.06952748447656631, 0.06714817881584167, 0.06479763984680176, 0.0646749958395958, 0.06376831233501434, 0.0595761202275753, 0.05896030366420746, 0.057121410965919495, 0.05484354868531227, 0.05448925867676735, 0.053167328238487244, 0.052468445152044296, 0.05014337599277496, 0.04870977625250816, 0.048158910125494, 0.04459088295698166, 0.041508134454488754, 0.03766828402876854, 0.035479456186294556, 0.03485077992081642, 0.03450872749090195, 0.03372301906347275, 0.033391524106264114, 0.032732680439949036, 0.03241647407412529, 0.031237836927175522, 0.031000472605228424, 0.027740491554141045, 0.02759324014186859, 0.027576465159654617, 0.026955991983413696, 0.026913167908787727, 0.022887159138917923, 0.02191469445824623, 0.02136446349322796, 0.019250862300395966, 0.01754910871386528, 0.0169876366853714, 0.016597118228673935, 0.016265543177723885, 0.015659600496292114, 0.013398254290223122, 0.009365735575556755, 0.00813270267099142, 0.007933679036796093, 0.006905016489326954, 0.006446352228522301, 0.006006571464240551, 0.004262516740709543, 0.004228389821946621, 0.003964696545153856, 0.0038515066262334585, 0.0035803329665213823, 0.0032257046550512314, 0.0031124958768486977, 0.0029655802063643932, 0.0029614437371492386, 0.0028717373497784138, 0.0027075018733739853, 0.0025073776487261057, 0.002257970627397299, 0.0022527535911649466, 0.0021395774092525244, 0.0020262671168893576, 0.0019024945795536041, 0.0017638513818383217, 0.0017384332604706287, 0.0016270341584458947, 0.0016154265031218529, 0.0015851287171244621, 0.0015339021338149905, 0.0013685425510630012, 0.0010671742493286729, 0.0010195797076448798, 0.0008107820758596063], "bboxes": [[1.3389087915420532, 102.07071685791016, 424.50103759765625, 249.26084899902344], [19.684932708740234, 230.98013305664062, 97.7190170288086, 253.4010009765625], [5.441178321838379, 229.24012756347656, 34.21698760986328, 250.4309844970703], [3.013580322265625, 29.629974365234375, 424.1524353027344, 250.2806396484375], [0.39952322840690613, 7.931934833526611, 424.8992004394531, 250.44081115722656], [3.4682259559631348, 32.69216537475586, 424.47088623046875, 249.74839782714844], [27.466625213623047, 234.58253479003906, 60.889732360839844, 251.75811767578125], [1.2695752382278442, 44.3347282409668, 424.8747863769531, 251.69248962402344], [0.0, 228.72125244140625, 9.508063316345215, 247.97283935546875], [0.0, 229.037841796875, 6.797913551330566, 245.50328063964844], [0.7080033421516418, 48.07964324951172, 424.8190002441406, 252.38905334472656], [0.0, 222.40469360351562, 17.311132431030273, 246.67596435546875], [0.5965426564216614, 52.260887145996094, 424.960205078125, 251.98464965820312], [24.937475204467773, 234.47024536132812, 52.79701614379883, 250.28773498535156], [21.41680335998535, 235.23927307128906, 50.583316802978516, 251.74447631835938], [36.192100524902344, 234.16610717773438, 78.52742767333984, 251.3048553466797], [0.0941842794418335, 227.8842010498047, 19.172021865844727, 242.29110717773438], [1.1856250762939453, 37.082679748535156, 424.790771484375, 252.34637451171875], [0.0, 229.96932983398438, 3.288954734802246, 249.9715576171875], [0.02099347673356533, 222.55001831054688, 12.98602294921875, 250.81077575683594], [13.139354705810547, 232.21983337402344, 47.67662048339844, 251.0122528076172], [7.831661224365234, 231.45726013183594, 31.088520050048828, 248.72515869140625], [0.0, 223.29197692871094, 13.392094612121582, 237.9066925048828], [6.695291519165039, 118.07807922363281, 423.9750671386719, 240.70428466796875], [14.648270606994629, 231.95376586914062, 93.84858703613281, 252.79598999023438], [0.0, 232.04348754882812, 12.642728805541992, 248.19642639160156], [49.78362274169922, 236.58717346191406, 94.52901458740234, 252.73519897460938], [0.3378652036190033, 4.218736171722412, 424.8681335449219, 255.03286743164062], [0.0, 218.73818969726562, 18.476768493652344, 236.6101837158203], [0.0, 193.1394500732422, 28.319063186645508, 238.59329223632812], [38.86539077758789, 234.06883239746094, 99.5354232788086, 252.26022338867188], [4.1835503578186035, 101.54193115234375, 424.6051025390625, 246.84275817871094], [29.19637680053711, 235.82505798339844, 90.89601135253906, 253.38270568847656], [0.11436119675636292, 26.04590606689453, 425.0, 251.1497344970703], [0.0, 212.67674255371094, 20.148914337158203, 228.01834106445312], [0.0, 221.65545654296875, 22.454723358154297, 239.30535888671875], [0.7250137329101562, 14.300039291381836, 423.86785888671875, 244.27911376953125], [19.734586715698242, 232.8939666748047, 76.59776306152344, 251.71820068359375], [37.27729797363281, 232.26214599609375, 62.90753173828125, 247.7635040283203], [1.061422348022461, 223.98545837402344, 97.33290100097656, 251.3865966796875], [0.0, 201.017333984375, 23.60554313659668, 224.24880981445312], [0.279323011636734, 18.086889266967773, 424.1083984375, 251.41017150878906], [77.6885757446289, 238.27297973632812, 98.93805694580078, 251.97853088378906], [0.0, 220.870849609375, 4.64100456237793, 239.69869995117188], [3.778200626373291, 122.0008316040039, 425.0, 227.63720703125], [8.350520133972168, 126.7037353515625, 422.37078857421875, 219.15130615234375], [0.0, 205.662841796875, 16.291614532470703, 243.01271057128906], [37.22447204589844, 230.54833984375, 76.89627838134766, 248.37136840820312], [0.0, 201.0149383544922, 21.821605682373047, 246.60418701171875], [29.359413146972656, 230.88272094726562, 101.50463104248047, 252.08792114257812], [6.697090148925781, 123.5428695678711, 423.3485412597656, 234.15716552734375], [7.7101030349731445, 223.38999938964844, 38.62621307373047, 244.2284698486328], [0.5382664203643799, 74.47335815429688, 424.9635925292969, 252.83404541015625], [1.4148920774459839, 70.65082550048828, 424.8871154785156, 255.1453399658203], [76.60572814941406, 236.83267211914062, 97.74093627929688, 251.0845489501953], [3.9958245754241943, 228.60789489746094, 109.73533630371094, 253.27525329589844], [0.006279558874666691, 192.79786682128906, 8.25841999053955, 228.3400115966797], [0.0, 201.92483520507812, 3.9188153743743896, 248.2629852294922], [1.818278431892395, 78.65579223632812, 425.0, 253.66131591796875], [0.003263074904680252, 207.19810485839844, 15.448376655578613, 249.83218383789062], [0.2353467047214508, 123.4408187866211, 425.0, 225.3302764892578], [54.89505386352539, 229.9382781982422, 98.13119506835938, 249.0587921142578], [60.93655776977539, 228.6138458251953, 76.6092300415039, 242.62344360351562], [11.977020263671875, 122.4109878540039, 423.91058349609375, 241.00148010253906], [81.4286880493164, 236.79238891601562, 99.76842498779297, 250.29689025878906], [54.83576202392578, 227.72679138183594, 68.57280731201172, 240.34423828125], [63.47420120239258, 228.50083923339844, 78.05177307128906, 242.24049377441406], [2.28572940826416, 191.8944091796875, 424.3761291503906, 250.23748779296875], [149.25894165039062, 111.30750274658203, 420.1564636230469, 242.2904510498047], [130.14422607421875, 121.53324127197266, 425.0, 247.50648498535156], [190.32861328125, 128.71722412109375, 424.5115051269531, 239.57594299316406], [54.05414581298828, 228.54637145996094, 74.8216323852539, 243.61514282226562], [187.369873046875, 