{"labels": [0, 25, 8, 8, 8, 8, 8, 8, 8, 8, 8, 8, 8, 8, 8, 8, 8, 25, 8, 8, 25, 8, 2, 8, 8, 8, 8, 8, 8, 8, 8, 8, 8, 8, 8, 8, 8, 8, 8, 8, 25, 8, 8, 8, 8, 8, 8, 8, 8, 25, 8, 25, 8, 8, 8, 8, 8, 8, 8, 8, 8, 8, 8, 8, 8, 8, 8, 8, 8, 8, 8, 8, 8, 8, 8, 8, 2, 25, 0, 2, 8, 8, 2, 8, 2, 2, 2, 2, 8, 2, 8, 8, 8, 27, 8, 27, 25, 0, 25, 0], "scores": [0.9989176988601685, 0.9908229112625122, 0.9758976101875305, 0.8946359157562256, 0.8868785500526428, 0.8393041491508484, 0.7657113075256348, 0.631952166557312, 0.6163601875305176, 0.5575777888298035, 0.5509775280952454, 0.46140265464782715, 0.4550686776638031, 0.43375667929649353, 0.4211050271987915, 0.3911818563938141, 0.36040130257606506, 0.3527217507362366, 0.3194062411785126, 0.31887561082839966, 0.3039516806602478, 0.2911020517349243, 0.2797269821166992, 0.27970457077026367, 0.2715347409248352, 0.26080188155174255, 0.23180094361305237, 0.2315642088651657, 0.2203521877527237, 0.20757049322128296, 0.20743773877620697, 0.19649061560630798, 0.18423089385032654, 0.17386119067668915, 0.17063577473163605, 0.1497334986925125, 0.14793995022773743, 0.14747348427772522, 0.1399175524711609, 0.13875968754291534, 0.13275715708732605, 0.1315547525882721, 0.12828920781612396, 0.12800899147987366, 0.12551631033420563, 0.12280838936567307, 0.11916706711053848, 0.11867070198059082, 0.11786734312772751, 0.1170654222369194, 0.10974742472171783, 0.10811314731836319, 0.10781073570251465, 0.10714974254369736, 0.1043420359492302, 0.10400830209255219, 0.1028878465294838, 0.10029453784227371, 0.09763067215681076, 0.09552358090877533, 0.09192284941673279, 0.08945517987012863, 0.08939293026924133, 0.08913151919841766, 0.0890425443649292, 0.08701706677675247, 0.08608603477478027, 0.08046744018793106, 0.07889160513877869, 0.07793781161308289, 0.07715753465890884, 0.07159423828125, 0.07054462283849716, 0.06817806512117386, 0.06353139877319336, 0.061255231499671936, 0.06118686497211456, 0.0548732616007328, 0.05423043295741081, 0.05131402611732483, 0.051301613450050354, 0.049138639122247696, 0.048877544701099396, 0.041627075523138046, 0.04093353450298309, 0.03737686946988106, 0.036331646144390106, 0.03109907917678356, 0.030706068500876427, 0.022373013198375702, 0.022356603294610977, 0.01956861838698387, 0.01850811019539833, 0.016318969428539276, 0.012317096814513206, 0.0071180821396410465, 0.0064993263222277164, 0.0025118703488260508, 0.001170570496469736, 0.00038559455424547195], "bboxes": [[103.03433227539062, 179.0897979736328, 301.78936767578125, 423.9554748535156], [18.834613800048828, 124.0091323852539, 299.084228515625, 264.1037292480469], [350.3104248046875, 238.0902557373047, 397.23406982421875, 251.92587280273438], [0.009509781375527382, 231.748291015625, 22.99148941040039, 240.14468383789062], [159.66317749023438, 224.0865020751953, 188.83790588378906, 237.7309112548828], [401.29266357421875, 240.2094268798828, 425.0, 250.74095153808594], [150.6946563720703, 225.74241638183594, 182.65570068359375, 239.022705078125], [406.5570068359375, 241.4474334716797, 425.0, 250.2913818359375], [22.006649017333984, 224.53329467773438, 36.03023910522461, 233.85324096679688], [20.71991729736328, 224.79428100585938, 34.26546859741211, 233.47677612304688], [143.14332580566406, 234.0946502685547, 166.26199340820312, 242.89117431640625], [260.6166687011719, 236.34970092773438, 345.83355712890625, 246.12794494628906], [133.01649475097656, 233.7136993408203, 165.7144012451172, 244.0370330810547], [7.032682418823242, 228.09288024902344, 28.86445426940918, 238.2793426513672], [294.21051025390625, 237.8978271484375, 340.5281982421875, 245.31382751464844], [147.04331970214844, 235.75640869140625, 167.6456298828125, 243.71165466308594], [285.2956848144531, 239.27883911132812, 341.25653076171875, 246.50746154785156], [15.901145935058594, 125.30730438232422, 298.2849426269531, 310.3902282714844], [421.42498779296875, 239.19264221191406, 425.0, 249.9441680908203], [134.3894805908203, 236.5886688232422, 156.2324981689453, 244.18882751464844], [17.915557861328125, 124.9456787109375, 300.3834228515625, 309.7919616699219], [404.5291748046875, 196.07135009765625, 425.0, 246.60763549804688], [231.88909912109375, 231.90130615234375, 250.504638671875, 242.2207794189453], [148.56753540039062, 223.15618896484375, 189.26455688476562, 243.12088012695312], [418.8970947265625, 239.8238067626953, 425.0, 248.49746704101562], [396.2818908691406, 242.62725830078125, 421.5696716308594, 251.35960388183594], [397.4220275878906, 233.23318481445312, 425.0, 250.995361328125], [143.85623168945312, 230.8288116455078, 164.30111694335938, 239.56260681152344], [407.77203369140625, 239.25570678710938, 423.63751220703125, 247.72581481933594], [313.7245178222656, 238.46295166015625, 333.20855712890625, 243.88372802734375], [280.47418212890625, 236.51947021484375, 301.0544738769531, 241.93585205078125], [267.9461669921875, 238.08389282226562, 303.8885803222656, 244.0579376220703], [0.0, 232.324951171875, 11.004369735717773, 240.0933074951172], [390.0648498535156, 241.18890380859375, 402.6639709472656, 251.62306213378906], [346.851806640625, 195.9380340576172, 424.6170959472656, 251.2667999267578], [405.5260925292969, 187.38002014160156, 425.0, 252.36154174804688], [131.3387451171875, 233.45376586914062, 160.55941772460938, 243.55267333984375], [163.13088989257812, 223.79954528808594, 185.9979705810547, 233.62046813964844], [129.25950622558594, 236.05967712402344, 148.720703125, 243.93385314941406], [156.87750244140625, 220.81150817871094, 248.29714965820312, 248.21099853515625], [18.693679809570312, 123.97531127929688, 298.50189208984375, 302.13995361328125], [301.78289794921875, 238.774169921875, 314.9405517578125, 243.78538513183594], [25.510601043701172, 224.80841064453125, 36.17118453979492, 232.38772583007812], [0.0, 231.9744873046875, 2.353785276412964, 243.40330505371094], [392.755615234375, 190.77426147460938, 424.93218994140625, 250.5017852783203], [0.0, 225.3372039794922, 3.493185043334961, 238.71315002441406], [397.1097717285156, 197.99163818359375, 425.0, 247.92733764648438], [314.39312744140625, 238.11654663085938, 333.0506896972656, 243.8306884765625], [342.2698974609375, 238.08970642089844, 374.5346984863281, 247.1923828125], [20.34975814819336, 125.24417877197266, 300.21759033203125, 306.01214599609375], [253.66937255859375, 235.08689880371094, 282.681884765625, 242.10714721679688], [19.207412719726562, 118.64118194580078, 300.4114990234375, 302.158935546875], [156.00701904296875, 225.8868865966797, 176.74859619140625, 234.7332763671875], [133.8870086669922, 234.5531768798828, 171.5000457763672, 245.06777954101562], [351.9532775878906, 227.46896362304688, 396.13671875, 247.92459106445312], [0.0, 208.61390686035156, 19.673778533935547, 236.09027099609375], [338.0127868652344, 237.9878692626953, 353.7423400878906, 244.9673309326172], [14.207000732421875, 232.3107147216797, 29.72378921508789, 239.4432373046875], [259.6457824707031, 234.91122436523438, 290.353515625, 241.5207977294922], [304.9226989746094, 237.65806579589844, 318.6002502441406, 242.9398956298828], [0.04144548252224922, 234.28858947753906, 14.674637794494629, 242.77601623535156], [130.2296905517578, 237.07115173339844, 149.7062225341797, 244.66233825683594], [0.0, 212.85716247558594, 1.407641887664795, 239.47193908691406], [289.7330017089844, 237.12832641601562, 304.1472473144531, 242.29666137695312], [14.057168006896973, 215.56118774414062, 36.36027145385742, 237.7275848388672], [0.0, 222.45541381835938, 18.67034339904785, 238.8844757080078], [150.2469482421875, 226.5649871826172, 169.35694885253906, 234.8441925048828], [21.14132308959961, 221.9954071044922, 41.56390380859375, 236.69219970703125], [275.28363037109375, 236.15895080566406, 422.4288024902344, 252.6103057861328], [334.25653076171875, 240.93223571777344, 352.1962890625, 247.71055603027344], [385.90057373046875, 242.11386108398438, 397.77655029296875, 251.17608642578125], [278.02679443359375, 236.47999572753906, 293.5075378417969, 241.73516845703125], 