{"labels": [0, 67, 0, 56, 0, 67, 67, 73, 67, 0, 73, 73, 73, 0, 67, 56, 73, 56, 73, 73, 67, 56, 67, 56, 67, 56, 0, 67, 73, 60, 0, 56, 0, 56, 0, 73, 60, 73, 73, 56, 73, 56, 73, 0, 73, 73, 56, 0, 56, 56, 73, 0, 73, 0, 67, 0, 67, 0, 0, 0, 0, 56, 26, 58, 58, 0, 56, 26, 67, 56, 0, 0, 0, 67, 56, 0, 67, 0, 62, 62, 56, 67, 0, 67, 56, 0, 56, 0, 67, 67, 56, 67, 0, 26, 67, 0, 0, 0, 0, 62], "scores": [0.998302698135376, 0.9930955767631531, 0.9821509122848511, 0.9784416556358337, 0.9653096199035645, 0.964301586151123, 0.9540696740150452, 0.8301002383232117, 0.7616272568702698, 0.7380616068840027, 0.4423467218875885, 0.43821030855178833, 0.3911784887313843, 0.3902486562728882, 0.3858998119831085, 0.36368879675865173, 0.34535181522369385, 0.28917965292930603, 0.2749336361885071, 0.221173956990242, 0.19133782386779785, 0.1736767441034317, 0.16475196182727814, 0.1583564430475235, 0.14613212645053864, 0.1430988907814026, 0.1418476402759552, 0.1360907107591629, 0.12684759497642517, 0.12563470005989075, 0.12224914878606796, 0.1212189793586731, 0.10633527487516403, 0.10036706179380417, 0.09821763634681702, 0.09757747501134872, 0.0930478498339653, 0.08705193549394608, 0.08376435190439224, 0.07711425423622131, 0.07101214677095413, 0.06873619556427002, 0.06724482774734497, 0.056202132254838943, 0.05373052507638931, 0.05206207185983658, 0.04815109074115753, 0.046544529497623444, 0.045992884784936905, 0.03981640562415123, 0.03838919475674629, 0.036614879965782166, 0.03522263467311859, 0.0341188907623291, 0.03282014653086662, 0.032255031168460846, 0.03160667419433594, 0.029154079034924507, 0.02779267355799675, 0.02770688757300377, 0.02758215367794037, 0.02528529241681099, 0.02468654327094555, 0.02456291951239109, 0.02370496094226837, 0.02214350923895836, 0.02141687273979187, 0.021270407363772392, 0.02079680562019348, 0.019907912239432335, 0.01896558329463005, 0.01880534738302231, 0.018343918025493622, 0.01634206809103489, 0.015902172774076462, 0.015750249847769737, 0.015565624460577965, 0.013630460947751999, 0.012795878574252129, 0.012406326830387115, 0.012199340388178825, 0.011199753731489182, 0.011006293818354607, 0.01028598565608263, 0.01020396314561367, 0.00852439645677805, 0.008493778295814991, 0.008273549377918243, 0.0071703167632222176, 0.007061210460960865, 0.00622587651014328, 0.005670951213687658, 0.004619368351995945, 0.004601884167641401, 0.004570613615214825, 0.004214107990264893, 0.002932187868282199, 0.00220467965118587, 0.0020733841229230165, 0.002039256738498807], "bboxes": [[230.95477294921875, 41.422462463378906, 383.1978454589844, 295.9969177246094], [242.59628295898438, 191.86810302734375, 291.9945983886719, 248.64999389648438], [0.0, 0.0, 282.63519287109375, 424.8610534667969], [368.8819580078125, 176.79086303710938, 425.0, 247.0827178955078], [52.48512649536133, 3.6039419174194336, 304.56085205078125, 379.4727783203125], [359.20892333984375, 151.18495178222656, 398.9393310546875, 174.48934936523438], [235.5558319091797, 360.64031982421875, 331.95233154296875, 425.0], [248.24842834472656, 308.7479248046875, 425.0, 411.3573913574219], [210.55694580078125, 358.779541015625, 331.8460388183594, 425.0], [52.37884521484375, 3.802608013153076, 304.55096435546875, 378.2155456542969], [316.0691833496094, 276.12860107421875, 425.0, 408.78411865234375], [371.07659912109375, 223.56973266601562, 425.0, 263.0848388671875], [358.0102233886719, 242.837890625, 425.0, 298.94732666015625], [52.2261962890625, 2.2028937339782715, 377.0965576171875, 379.5543212890625], [230.31748962402344, 406.13275146484375, 341.5024719238281, 425.0], [0.0, 224.79153442382812, 61.524070739746094, 424.68603515625], [317.6363525390625, 271.7092590332031, 425.0, 371.86944580078125], [154.09397888183594, 223.2271270751953, 186.55276489257812, 274.9486999511719], [352.6963806152344, 253.10525512695312, 425.0, 310.0399169921875], [320.5426330566406, 256.2502746582031, 425.0, 319.29248046875], [154.02642822265625, 404.2359619140625, 345.755615234375, 425.0], [367.2348937988281, 177.26271057128906, 425.0, 298.2253112792969], [249.49423217773438, 412.1878662109375, 345.167724609375, 424.9767150878906], [154.78424072265625, 223.49017333984375, 188.1138458251953, 273.4068298339844], [149.6082000732422, 417.9722900390625, 201.66297912597656, 425.0], [0.0, 214.39942932128906, 64.5985336303711, 424.5148620605469], [0.07038488984107971, 0.10755956172943115, 424.9639892578125, 424.9443359375], [250.87864685058594, 360.85137939453125, 330.39874267578125, 416.30322265625], [376.98785400390625, 206.9594268798828, 424.9924011230469, 262.782470703125], [157.505859375, 242.25167846679688, 425.0, 425.0], [0.0, 0.0, 71.13829803466797, 424.66326904296875], [0.0, 219.72702026367188, 62.770809173583984, 425.0], [0.0, 0.0, 239.1931610107422, 424.6991882324219], [153.20103454589844, 224.78041076660156, 183.7195281982422, 276.3470458984375], [4.465304851531982, 0.0, 371.18695068359375, 424.93359375], [405.7346496582031, 205.42344665527344, 424.9793701171875, 250.9595184326172], [0.1636698842048645, 299.5989685058594, 425.0, 424.78192138671875], [175.02426147460938, 306.0677490234375, 425.0, 425.0], [254.81936645507812, 306.8980712890625, 424.444580078125, 384.1310119628906], [154.48887634277344, 224.91119384765625, 184.99496459960938, 270.66094970703125], [220.6511688232422, 302.6627197265625, 425.0, 423.8251037597656], [5.346851348876953, 220.0368194580078, 54.95484924316406, 291.4042663574219], [370.02288818359375, 203.2032928466797, 425.0, 263.7199401855469], [230.6397705078125, 42.08177947998047, 378.0594177246094, 213.67941284179688], [402.0954895019531, 205.56442260742188, 424.95953369140625, 247.91343688964844], [405.9110412597656, 220.97451782226562, 425.0, 338.11163330078125], [0.0, 214.63201904296875, 60.52197265625, 424.0041198730469], [0.0, 124.53758239746094, 63.1209716796875, 425.0], [0.0, 223.84556579589844, 62.68571472167969, 424.4340515136719], [363.5171203613281, 184.23892211914062, 425.0, 370.4884338378906], [411.4835205078125, 199.6094512939453, 425.0, 250.88343811035156], [69.71446990966797, 4.544974327087402, 293.5982666015625, 284.0029296875], [161.38406372070312, 309.2720031738281, 425.0, 425.0], [51.8496208190918, 6.637623310089111, 266.17327880859375, 334.4613342285156], [204.38552856445312, 361.08306884765625, 334.84881591796875, 425.0], [0.0003039836883544922, 0.554377555847168, 21.724632263183594, 425.0], [358.70526123046875, 155.85777282714844, 394.138671875, 175.53282165527344], [0.009032036177814007, 119.08855438232422, 6.709074974060059, 172.28009033203125], [229.93861389160156, 42.68199157714844, 425.0, 263.74761962890625], [0.0, 15.375748634338379, 67.91571044921875, 354.6406555175781], [53.23265838623047, 6.1173930168151855, 267.6444396972656, 314.73858642578125], [0.0, 194.45457458496094, 57.6220703125, 279.5901184082031], [0.06155669689178467, 369.9185791015625, 24.697277069091797, 424.8234558105469], [236.37217712402344, 99.68671417236328, 249.7734375, 129.6317138671875], [234.05294799804688, 56.30718231201172, 252.54681396484375, 121.87638092041016], [54.415260314941406, 2.5052056312561035, 304.13739013671875, 378.6920166015625], [0.0, 222.87417602539062, 113.98374938964844, 423.9195861816406], [0.0, 258.3421630859375, 21.837474822998047, 424.83111572265625], [353.8657531738281, 151.60948181152344, 399.4265441894531, 181.4677734375], [369.27001953125, 169.67568969726562, 425.0, 247.5996551513672], [53.13212966918945, 3.0982143878936768, 310.9380187988281, 381.588134765625], [413.3918151855469, 172.74160766601562, 425.0, 346.950927734375], [0.0, 96.24209594726562, 112.55937194824219, 425.0], [244.8242645263672, 193.75306701660156, 284.64019775390625, 230.35902404785156], [0.0, 223.44503784179688, 247.2630157470703, 425.0], [0.24758204817771912, 223.155517578125, 276.3335266113281, 425.0], [246.95399475097656, 196.93792724609375, 289.60821533203125, 243.59776306152344], [0.21231043338775635, 1.5099693536758423, 80.8826675415039, 163.14871215820312], [393.7138671875, 