{"labels": [0, 32, 0, 2, 2, 0, 0, 0, 0, 0, 0, 2, 2, 0, 0, 0, 0, 0, 0, 7, 0, 0, 0, 0, 0, 13, 0, 0, 13, 7, 13, 0, 0, 0, 0, 2, 0, 0, 0, 0, 0, 13, 13, 7, 0, 0, 0, 0, 0, 0, 13, 0, 0, 13, 7, 13, 0, 0, 13, 13, 24, 0, 0, 2, 0, 13, 2, 0, 13, 13, 13, 2, 24, 13, 13, 0, 2, 13, 0, 2, 24, 0, 2, 0, 2, 24, 0, 0, 0, 0, 13, 2, 56, 2, 32, 0, 13, 56, 32, 32], "scores": [0.9981828331947327, 0.9971858859062195, 0.996222972869873, 0.9772583842277527, 0.9596846103668213, 0.9550743699073792, 0.9506281614303589, 0.9475911259651184, 0.9052137136459351, 0.9006415605545044, 0.8793587684631348, 0.8675289154052734, 0.8556071519851685, 0.8502527475357056, 0.8498793840408325, 0.8372513651847839, 0.8295548558235168, 0.8271033763885498, 0.7997081279754639, 0.7901847958564758, 0.7849730253219604, 0.761145830154419, 0.759009838104248, 0.7553173899650574, 0.7307191491127014, 0.7170007228851318, 0.6849353313446045, 0.6773675680160522, 0.6717931032180786, 0.6695716977119446, 0.661846399307251, 0.65406334400177, 0.6294745802879333, 0.6210289597511292, 0.6179401278495789, 0.6124337315559387, 0.6109330058097839, 0.6012176275253296, 0.5994405150413513, 0.5951423048973083, 0.5255927443504333, 0.5095130205154419, 0.49849048256874084, 0.4862401783466339, 0.4793078899383545, 0.46864575147628784, 0.4555470943450928, 0.45109033584594727, 0.4471278786659241, 0.43010905385017395, 0.4226256012916565, 0.42043259739875793, 0.4154307544231415, 0.4118873178958893, 0.40284717082977295, 0.39953798055648804, 0.38374197483062744, 0.3726595640182495, 0.3682456910610199, 0.33597737550735474, 0.3243926763534546, 0.29401227831840515, 0.28662532567977905, 0.2772883474826813, 0.2514168620109558, 0.2476845234632492, 0.23493193089962006, 0.23060864210128784, 0.22982320189476013, 0.2296433448791504, 0.2285900115966797, 0.22579671442508698, 0.21987135708332062, 0.20663012564182281, 0.2026323527097702, 0.2003086656332016, 0.19756662845611572, 0.19056497514247894, 0.18640071153640747, 0.16070017218589783, 0.14461363852024078, 0.11911150813102722, 0.10195597261190414, 0.10067180544137955, 0.09068282693624496, 0.09058685600757599, 0.08816874772310257, 0.08630844950675964, 0.08501721918582916, 0.07579265534877777, 0.0656166672706604, 0.06545602530241013, 0.053899046033620834, 0.05150632932782173, 0.04692208766937256, 0.04063501954078674, 0.03252322971820831, 0.030910354107618332, 0.01188611052930355, 0.0064389645121991634], "bboxes": [[305.2077941894531, 168.23036193847656, 412.7030944824219, 331.5299377441406], [135.95420837402344, 287.6861877441406, 158.91018676757812, 309.6093444824219], [209.72576904296875, 156.27044677734375, 335.0342102050781, 317.0474548339844], [240.27407836914062, 105.11753845214844, 319.28863525390625, 131.37744140625], [0.0, 84.36591339111328, 40.65300369262695, 118.4306640625], [173.55934143066406, 123.06549072265625, 197.0148162841797, 162.76976013183594], [176.1529083251953, 98.4721908569336, 195.8760223388672, 131.9488983154297], [95.66167449951172, 121.08818817138672, 107.40928649902344, 157.88198852539062], [150.68942260742188, 124.24066162109375, 165.5200958251953, 152.92298889160156], [115.3747787475586, 121.71379089355469, 126.18679809570312, 147.84088134765625], [412.8628845214844, 159.86854553222656, 425.0, 281.137939453125], [409.6061096191406, 115.08396911621094, 425.0, 128.4383544921875], [207.5713348388672, 91.23397827148438, 317.6336975097656, 130.02505493164062], [80.8061294555664, 92.50468444824219, 93.47514343261719, 121.98126983642578], [44.77375793457031, 140.75701904296875, 67.408203125, 161.41146850585938], [75.58797454833984, 140.04388427734375, 92.92009735107422, 161.64857482910156], [71.5388412475586, 128.3997802734375, 88.20532989501953, 157.78050231933594], [66.66764068603516, 121.02678680419922, 81.53213500976562, 156.27166748046875], [207.5399627685547, 91.23527526855469, 222.79225158691406, 121.28520965576172], [202.86305236816406, 86.79972839355469, 318.872314453125, 131.20730590820312], [36.70613098144531, 141.58995056152344, 49.73556900024414, 161.2289581298828], [154.23123168945312, 140.7737579345703, 173.89768981933594, 164.2745819091797], [38.44304656982422, 89.0128402709961, 52.7784423828125, 119.56768035888672], [159.6622772216797, 140.80325317382812, 179.4721221923828, 164.17889404296875], [143.52438354492188, 143.34901428222656, 162.15858459472656, 164.05416870117188], [255.37258911132812, 144.82875061035156, 327.5741882324219, 164.98948669433594], [38.21865463256836, 141.0956268310547, 54.645999908447266, 160.77769470214844], [130.92347717285156, 144.5313720703125, 146.46255493164062, 162.971923828125], [387.7460632324219, 144.92462158203125, 425.0, 166.44204711914062], [138.967529296875, 80.20283508300781, 201.11199951171875, 131.8516387939453], [244.81764221191406, 137.87234497070312, 325.975830078125, 161.10093688964844], [227.3283233642578, 90.51807403564453, 245.88525390625, 128.1206817626953], [33.62249755859375, 88.95217895507812, 46.77741622924805, 115.61637115478516], [167.59146118164062, 141.2513427734375, 185.264892578125, 163.6815948486328], [110.59392547607422, 143.98851013183594, 127.91410827636719, 162.8796844482422], [206.5332794189453, 88.7389907836914, 252.62953186035156, 114.35491943359375], [77.6852035522461, 93.20111846923828, 90.74571228027344, 124.17315673828125], [68.02073669433594, 120.14797973632812, 82.3154525756836, 155.24884033203125], [347.22900390625, 170.32785034179688, 379.95928955078125, 239.1764373779297], [49.839744567871094, 90.97167205810547, 64.4964828491211, 123.0055160522461], [122.50772857666016, 145.02951049804688, 138.43246459960938, 162.62777709960938], [89.2566909790039, 105.20911407470703, 118.56802368164062, 120.44398498535156], [216.74432373046875, 135.26170349121094, 331.6428527832031, 158.73455810546875], [145.93585205078125, 80.26070404052734, 200.5471649169922, 124.31705474853516], [61.231895446777344, 140.08006286621094, 79.6159439086914, 160.32797241210938], [82.26883697509766, 138.6399383544922, 97.42597961425781, 160.8255157470703], [414.48345947265625, 63.213623046875, 425.0, 287.5204772949219], [413.53778076171875, 170.43527221679688, 425.0, 273.2032165527344], [69.24495697021484, 120.22018432617188, 83.05205535888672, 156.73858642578125], [178.2276611328125, 133.72271728515625, 196.7503662109375, 163.67726135253906], [203.21652221679688, 111.28982543945312, 243.6774139404297, 128.899169921875], [151.61355590820312, 122.89118194580078, 164.01092529296875, 146.9076690673828], [169.56129455566406, 118.58573150634766, 192.41600036621094, 154.30445861816406], [198.50421142578125, 109.29838562011719, 230.42730712890625, 126.64717102050781], [0.012309756129980087, 85.47248840332031, 49.47639846801758, 119.91370391845703], [227.6219940185547, 142.36439514160156, 315.83935546875, 168.27610778808594], [0.0, 86.52890014648438, 3.397038221359253, 125.35436248779297], [413.442626953125, 168.64002990722656, 425.0, 201.82997131347656], [14.54414176940918, 101.9117660522461, 53.730655670166016, 122.63375091552734], [93.26028442382812, 105.59751892089844, 121.9374008178711, 119.9085464477539], [262.5267028808594, 142.7216033935547, 277.36572265625, 155.9198455810547], [415.4665222167969, 180.68429565429688, 425.0, 253.4334259033203], [133.8684844970703, 144.69265747070312, 148.26351928710938, 161.88299560546875], [383.2111511230469, 98.61736297607422, 425.0, 127.05322265625], [414.3853454589844, 167.94442749023438, 425.0, 194.30186462402344], [387.2652893066406, 122.84523010253906, 425.0, 165.03236389160156], [402.8814697265625, 115.65477752685547, 425.0, 129.99839782714844], [305.7165222167969, 167.83203125, 385.3475036621094, 305.4218444824219], [183.28073120117188, 110.47481536865234, 205.54989624023438, 129.6459503173828], [264.8770446777344, 147.7090606689453, 303.4342346191406, 164.43927001953125], [214.3211669921875, 133.3267059326172, 245.7740020751953, 150.40371704101562], [408.8804016113281, 119.79122924804688, 425.0, 155.16848754882812], [296.2740173339844, 155.20350646972656, 312.9200439453125, 