{"labels": [0, 62, 16, 13, 17, 17, 16, 13, 16, 17, 17, 16, 17, 17, 16, 0, 0, 0, 0, 17, 17, 13, 57, 16, 0, 57, 0, 15, 56, 16, 0, 13, 56, 0, 0, 17, 0, 0, 17, 17, 17, 56, 56, 0, 17, 17, 13, 0, 17, 0, 16, 13, 16, 0, 0, 0, 17, 56, 62, 16, 62, 0, 0, 16, 0, 0, 16, 0, 13, 56, 17, 2, 16, 0, 0, 62, 0, 2, 0, 0, 56, 13, 56, 0, 0, 0, 56, 0, 17, 39, 0, 0, 0, 57, 0, 0, 46, 57, 46, 0], "scores": [0.9910380840301514, 0.9800179600715637, 0.8163542151451111, 0.447229266166687, 0.3839353322982788, 0.3611244857311249, 0.31261858344078064, 0.30155131220817566, 0.2790600061416626, 0.25385093688964844, 0.22641855478286743, 0.2201341986656189, 0.21602068841457367, 0.18383868038654327, 0.1821584850549698, 0.13781002163887024, 0.10926897823810577, 0.10738343745470047, 0.09523062407970428, 0.08609366416931152, 0.07888971269130707, 0.07750888913869858, 0.07478484511375427, 0.07276909053325653, 0.07213598489761353, 0.06982694566249847, 0.06851259618997574, 0.06816480308771133, 0.06544594466686249, 0.06290144473314285, 0.057860177010297775, 0.05133374407887459, 0.05109696462750435, 0.050186242908239365, 0.04970940202474594, 0.04847746714949608, 0.04669860005378723, 0.04655536636710167, 0.04595514386892319, 0.04494359344244003, 0.04442619904875755, 0.04395728185772896, 0.04315653815865517, 0.04255984351038933, 0.039524391293525696, 0.039040450006723404, 0.03742379695177078, 0.0358751118183136, 0.03488599881529808, 0.03460919111967087, 0.02930828556418419, 0.02576214261353016, 0.023867547512054443, 0.02383449487388134, 0.022251641377806664, 0.017862219363451004, 0.017437277361750603, 0.016682151705026627, 0.015953099355101585, 0.015670686960220337, 0.015608705580234528, 0.014574805274605751, 0.01435110904276371, 0.014255531132221222, 0.013548891991376877, 0.013403832912445068, 0.012067073956131935, 0.009514253586530685, 0.009454945102334023, 0.009308451786637306, 0.008871737867593765, 0.008657092228531837, 0.00827711820602417, 0.007983298040926456, 0.00794979091733694, 0.007793911267071962, 0.007010776549577713, 0.0069946288131177425, 0.006868375465273857, 0.00608831038698554, 0.005905136466026306, 0.005885925609618425, 0.005734450649470091, 0.005527135916054249, 0.005467147566378117, 0.004607803653925657, 0.004148989450186491, 0.00404455978423357, 0.003868437372148037, 0.0032267277128994465, 0.0028564229141920805, 0.0024039761628955603, 0.0022125286050140858, 0.0021098956931382418, 0.0017343672225251794, 0.0014781153295189142, 0.0013324368046596646, 0.0011636249255388975, 0.001038208371028304, 0.0009970467071980238], "bboxes": [[207.15879821777344, 84.62347412109375, 299.923095703125, 157.81275939941406], [165.27040100097656, 68.50756072998047, 330.609130859375, 219.75828552246094], [340.37908935546875, 185.42576599121094, 416.63739013671875, 287.8949279785156], [0.04991665482521057, 345.92816162109375, 410.116943359375, 424.8617858886719], [0.0, 43.43512725830078, 344.56378173828125, 370.8800048828125], [0.053425133228302, 43.15045928955078, 425.0, 374.38092041015625], [340.0304870605469, 183.38673400878906, 425.0, 421.5618896484375], [0.0, 346.75250244140625, 406.00408935546875, 424.9490051269531], [340.1054992675781, 133.41506958007812, 425.0, 410.7608947753906], [0.04536956548690796, 47.175331115722656, 425.0, 370.57647705078125], [0.703557550907135, 44.661800384521484, 165.67506408691406, 370.736328125], [341.10205078125, 141.3523406982422, 425.0, 378.53826904296875], [0.4338163733482361, 46.026371002197266, 162.62037658691406, 371.67681884765625], [0.33317244052886963, 46.587615966796875, 156.02195739746094, 371.3936767578125], [339.894287109375, 168.68670654296875, 425.0, 308.525634765625], [389.42724609375, 0.3747612237930298, 425.0, 425.0], [390.359130859375, 169.55824279785156, 425.0, 424.1103210449219], [386.4608459472656, 26.915576934814453, 425.0, 421.31201171875], [391.4799499511719, 48.80995178222656, 425.0, 366.9358825683594], [0.0, 44.38164138793945, 405.4180908203125, 412.72723388671875], [0.0, 49.506858825683594, 342.8141174316406, 371.5647277832031], [1.3804786205291748, 301.97406005859375, 423.182861328125, 424.8822937011719], [0.13152360916137695, 52.329654693603516, 425.0, 425.0], [339.454833984375, 169.04025268554688, 424.84185791015625, 321.134033203125], [391.0693359375, 136.51766967773438, 425.0, 367.5572204589844], [0.10652095079421997, 7.028482913970947, 425.0, 423.27520751953125], [392.9259033203125, 104.0356216430664, 425.0, 365.4292907714844], [341.0356140136719, 169.8644561767578, 424.76416015625, 295.3782958984375], [387.4449157714844, 337.4228515625, 425.0, 424.72918701171875], [374.0572509765625, 173.27259826660156, 424.3392028808594, 286.73284912109375], [347.03192138671875, 48.40504455566406, 425.0, 424.0841064453125], [2.667710065841675, 345.7648620605469, 409.3662414550781, 424.0138854980469], [385.5435791015625, 302.6960144042969, 425.0, 424.1893005371094], [391.7326354980469, 171.218505859375, 425.0, 358.0989990234375], [390.4967346191406, 175.3516082763672, 425.0, 360.1679992675781], [0.0, 45.98072814941406, 333.71844482421875, 372.2558288574219], [389.170166015625, 210.83421325683594, 425.0, 425.0], [386.39837646484375, 0.05269050598144531, 425.0, 425.0], [0.0, 43.063873291015625, 159.7239532470703, 421.7817077636719], [0.3967493772506714, 42.86035919189453, 194.74746704101562, 371.78106689453125], [0.0, 45.89601516723633, 149.94683837890625, 373.0495910644531], [0.0, 137.17738342285156, 424.423583984375, 425.0], [0.11528581380844116, 54.47666549682617, 425.0, 425.0], [397.57470703125, 175.70828247070312, 414.77484130859375, 210.93060302734375], [0.06102472543716431, 51.22087097167969, 425.0, 376.05242919921875], [0.29433220624923706, 58.814178466796875, 424.8761901855469, 365.2143859863281], [0.1919783651828766, 250.2745361328125, 425.0, 424.84466552734375], [408.05328369140625, 116.71814727783203, 425.0, 202.09544372558594], [0.0, 47.710479736328125, 217.58750915527344, 373.08880615234375], [398.91064453125, 177.15170288085938, 412.868408203125, 208.9120635986328], [310.5229187011719, 186.63766479492188, 425.0, 425.0], [3.536128282546997, 341.9176025390625, 405.7735290527344, 425.0], [332.9892578125, 58.59385681152344, 425.0, 360.5328674316406], [0.4906296730041504, 0.09249970316886902, 424.75897216796875, 375.3155822753906], [387.3081970214844, 202.33399963378906, 425.0, 425.0], [397.9282531738281, 32.73255920410156, 425.0, 364.1897277832031], [0.0, 45.24077606201172, 335.8013000488281, 362.6764221191406], [387.06396484375, 231.3433837890625, 425.0, 425.0], [164.33750915527344, 70.34960174560547, 329.8520812988281, 246.3389129638672], [7.213685035705566, 69.4651107788086, 381.8067626953125, 374.6024475097656], [166.13320922851562, 72.2772445678711, 327.23052978515625, 180.48550415039062], [204.16123962402344, 83.23248291015625, 299.2198486328125, 162.15016174316406], [329.4250183105469, 57.507938385009766, 425.0, 424.7282409667969], [312.5301513671875, 302.6017761230469, 404.65087890625, 359.970947265625], [225.1822509765625, 83.96038818359375, 299.0596923828125, 157.49024963378906], [222.00523376464844, 91.7783432006836, 268.80450439453125, 152.3610076904297], [0.10259449481964111, 50.210845947265625, 425.0, 284.559814453125], [201.0242919921875, 82.08065032958984, 302.02301025390625, 162.47613525390625], [2.7091786861419678, 348.8558349609375, 241.4013671875, 425.0], [0.0, 140.73631286621094, 105.31800842285156, 421.1055908203125], [52.66035842895508, 118.73873901367188, 158.397705078125, 369.83905029296875], [104.94805908203125, 178.0277099609375, 127.09283447265625, 193.5276336669922], [152.5044403076172, 181.17898559570312, 424.4719543457031, 308.0844421386719], [1.412092924118042, 24.022981643676758, 253.2724609375, 420.7230529785156], [234.4991455078125, 90.77111053466797, 275.1663818359375, 142.80270385742188], [164.46470642089844, 72.91666412353516, 322.0030212402344, 213.5067596435547], [242.68994140625, 91.25993347167969, 287.37628173828125, 146.87088012695312], [98.00123596191406, 176.4615936279297, 127.13883209228516, 