{"labels": [67, 0, 0, 0, 0, 0, 0, 0, 0, 0, 0, 0, 0, 0, 0, 0, 0, 0, 0, 0, 0, 0, 0, 0, 0, 0, 0, 0, 0, 0, 0, 0, 0, 0, 0, 0, 0, 0, 0, 0, 0, 0, 0, 0, 0, 0, 0, 0, 0, 0, 0, 67, 0, 0, 0, 67, 0, 0, 0, 0, 0, 67, 0, 67, 0, 0, 0, 67, 0, 67, 67, 67, 67, 0, 0, 67, 67, 0, 67, 67, 0, 0, 0, 0, 67, 0, 65, 67, 65, 67, 0, 0, 65, 65, 74, 74, 74, 0, 65, 0], "scores": [0.9954319000244141, 0.9710087776184082, 0.5334243774414062, 0.012697103433310986, 0.012431632727384567, 0.011807506904006004, 0.011697345413267612, 0.008526931516826153, 0.008293971419334412, 0.0070965467020869255, 0.007092926651239395, 0.005665366072207689, 0.0056417337618768215, 0.005012067966163158, 0.004740625619888306, 0.004433689638972282, 0.003881667973473668, 0.0035859791096299887, 0.0029458580538630486, 0.0028583083767443895, 0.002790092257782817, 0.0026116007938981056, 0.0024933929089456797, 0.002233798848465085, 0.0019529187120497227, 0.0015653027221560478, 0.0013882224448025227, 0.0013665956212207675, 0.001327826059423387, 0.0013261877465993166, 0.0013084720121696591, 0.001298852264881134, 0.0012952827382832766, 0.0012881180737167597, 0.001268078456632793, 0.001199916354380548, 0.0011559737613424659, 0.0011119273258373141, 0.00109859649091959, 0.001055947970598936, 0.0009307365980930626, 0.0009024314931593835, 0.0008698933525010943, 0.0008493734640069306, 0.0008032949990592897, 0.0007317860145121813, 0.0007262306753546, 0.0005751042044721544, 0.0005631765234284103, 0.0005566970212385058, 0.0005027187871746719, 0.00046697843936271966, 0.00046325798030011356, 0.0004490610444918275, 0.00044642790453508496, 0.00040466111386194825, 0.0004029079573228955, 0.00035982351982966065, 0.00035133431083522737, 0.00033116541453637183, 0.0003162221109960228, 0.00031063289497978985, 0.00028165822732262313, 0.0002684938081074506, 0.0002545088646002114, 0.00025220701354555786, 0.00022475223522633314, 0.0002200461458414793, 0.00021433767687994987, 0.00021026753529440612, 0.00019575163605622947, 0.00017442052194382995, 0.00017355539603158832, 0.00016901323397178203, 0.00016608713485766202, 0.00015087012434378266, 0.00014935994113329798, 0.00014554729568772018, 0.00012811542546842247, 0.0001229054032592103, 0.00010595274216029793, 0.00010203463170910254, 9.125631913775578e-05, 8.357223850907758e-05, 7.081549847498536e-05, 7.068879494909197e-05, 7.016149902483448e-05, 6.715414929203689e-05, 6.189557461766526e-05, 5.5248481658054516e-05, 4.93984371132683e-05, 4.882812572759576e-05, 4.7622841520933434e-05, 3.305853533674963e-05, 3.0439739930443466e-05, 2.7967464120592922e-05, 2.5109089619945735e-05, 2.059057260339614e-05, 1.7849217329057865e-05, 1.2010707905574236e-05], "bboxes": [[135.924072265625, 137.19293212890625, 299.8523864746094, 388.92108154296875], [80.01074981689453, 140.97955322265625, 321.25787353515625, 424.1265869140625], [78.05868530273438, 205.98825073242188, 321.5516052246094, 425.0], [0.10747089982032776, 214.53591918945312, 330.14556884765625, 424.54876708984375], [11.879302978515625, 137.36038208007812, 378.0804748535156, 423.7445068359375], [79.5171127319336, 219.4796142578125, 294.31787109375, 424.0895690917969], [79.4137954711914, 221.35345458984375, 291.38861083984375, 423.2218933105469], [69.9427719116211, 211.75318908691406, 420.2018737792969, 425.0], [0.0, 131.5686492919922, 420.2264404296875, 424.3909606933594], [10.700490951538086, 134.39979553222656, 425.0, 423.8653259277344], [16.713706970214844, 134.8352813720703, 425.0, 424.062744140625], [79.02213287353516, 205.98648071289062, 309.400634765625, 423.73956298828125], [20.616870880126953, 134.5050048828125, 425.0, 423.71429443359375], [0.11028274893760681, 134.20904541015625, 424.92535400390625, 423.6453552246094], [76.7175064086914, 216.50848388671875, 294.7883605957031, 423.7987060546875], [81.45330810546875, 216.9818878173828, 295.6920166015625, 423.8669128417969], [40.44173812866211, 134.05520629882812, 386.58184814453125, 424.43280029296875], [82.64177703857422, 219.82650756835938, 300.68292236328125, 423.5249328613281], [12.175230979919434, 137.3431396484375, 360.5287780761719, 423.6520080566406], [82.62947845458984, 219.4173126220703, 301.735595703125, 423.7972106933594], [0.30047520995140076, 246.0868682861328, 310.0562744140625, 425.0], [17.498695373535156, 43.715728759765625, 327.6643981933594, 425.0], [0.37559717893600464, 12.551132202148438, 325.11578369140625, 423.6942443847656], [9.603616714477539, 1.3936132192611694, 325.513671875, 424.4574279785156], [79.18243408203125, 198.1092071533203, 317.9002380371094, 424.158935546875], [166.56895446777344, 357.3544921875, 286.4232177734375, 424.780029296875], [33.98393249511719, 19.123905181884766, 326.54058837890625, 425.0], [79.12677764892578, 199.87550354003906, 319.11700439453125, 423.8575439453125], [82.29033660888672, 202.19586181640625, 311.803466796875, 423.84857177734375], [10.5512113571167, 282.09393310546875, 293.82647705078125, 425.0], [76.11872863769531, 347.4189147949219, 289.33935546875, 425.0], [76.05892944335938, 137.0094451904297, 328.32525634765625, 421.8888854980469], [53.178932189941406, 133.93746948242188, 338.7049865722656, 423.6461181640625], [72.55192565917969, 142.8487548828125, 315.5090637207031, 422.26348876953125], [0.11538714170455933, 372.53265380859375, 425.0, 425.0], [188.70448303222656, 140.0923309326172, 311.35931396484375, 422.0264587402344], [68.04278564453125, 93.29273223876953, 410.13287353515625, 425.0], [18.248445510864258, 44.83076858520508, 341.24346923828125, 425.0], [81.08235168457031, 16.063879013061523, 318.2121276855469, 425.0], [76.28455352783203, 323.0523986816406, 290.3828430175781, 425.0], [102.6460952758789, 258.8259582519531, 313.42742919921875, 424.4217224121094], [70.94220733642578, 191.67796325683594, 324.2605285644531, 423.3255310058594], [73.30042266845703, 270.0541076660156, 305.7899169921875, 425.0], [72.1799545288086, 160.5843963623047, 327.1224060058594, 422.9311218261719], [3.929521083831787, 400.861572265625, 291.9722900390625, 425.0], [78.44222259521484, 133.76600646972656, 335.927001953125, 422.30810546875], [127.38670349121094, 135.74838256835938, 311.6690368652344, 421.4859619140625], [85.70846557617188, 135.27328491210938, 324.6535949707031, 422.2305603027344], [10.553680419921875, 136.33395385742188, 317.4420166015625, 423.5982360839844], [70.23446655273438, 158.6109161376953, 329.6090087890625, 422.9676818847656], [76.61823272705078, 130.71080017089844, 332.46832275390625, 423.4001159667969], [135.55276489257812, 140.2628631591797, 287.1084289550781, 372.4736022949219], [81.79828643798828, 108.0425796508789, 320.11224365234375, 424.52630615234375], [96.25302124023438, 231.14442443847656, 301.08544921875, 424.3379821777344], [95.65233612060547, 137.98838806152344, 315.86181640625, 421.7452392578125], [139.3935089111328, 143.97967529296875, 270.9163513183594, 343.4298095703125], [101.46875762939453, 110.6648178100586, 302.66741943359375, 423.6226806640625], [60.76837921142578, 375.8267822265625, 191.5597686767578, 425.0], [401.2275085449219, 409.44952392578125, 424.9957275390625, 424.9892272949219], [278.82354736328125, 241.94146728515625, 424.3504638671875, 425.0], [7.771039009094238, 403.2171325683594, 415.33160400390625, 425.0], [136.84573364257812, 137.99095153808594, 289.53289794921875, 361.9147644042969], [420.4049377441406, 306.9669494628906, 425.0, 425.0], [140.76116943359375, 134.5269317626953, 294.3740539550781, 385.6461181640625], [0.8584119081497192, 5.857613563537598, 316.9223937988281, 423.0433349609375], [264.29742431640625, 415.9207458496094, 421.88287353515625, 425.0], [116.03421783447266, 137.33534240722656, 307.8131408691406, 420.45623779296875], [140.49813842773438, 146.84674072265625, 283.5354309082031, 385.1578063964844], [310.35333251953125, 407.2080993652344, 425.0, 425.0], [150.60968017578125, 138.04017639160156, 292.09222412109375, 374.11944580078125], [141.3164825439453, 150.25611877441406, 264.9221496582031, 344.95489501953125], [196.9188995361328, 141.3807830810547, 291.911865234375, 