{"labels": [22, 15, 15, 15, 15, 15, 15, 15, 15, 15, 22, 22, 22, 22, 15, 22, 22, 22, 22, 22, 22, 22, 22, 15, 15, 22, 22, 22, 22, 15, 22, 22, 15, 22, 15, 15, 22, 22, 22, 22, 22, 22, 15, 22, 22, 22, 22, 22, 22, 22, 22, 15, 22, 22, 22, 22, 22, 15, 22, 22, 22, 22, 22, 22, 22, 22, 22, 22, 22, 22, 22, 15, 22, 22, 22, 22, 0, 22, 22, 22, 0, 22, 22, 14, 22, 14, 15, 22, 15, 22, 22, 22, 22, 22, 14, 22, 22, 0, 22, 14], "scores": [0.9984707236289978, 0.7608612179756165, 0.114469513297081, 0.09534382820129395, 0.09033754467964172, 0.08262795954942703, 0.07148808985948563, 0.02338079921901226, 0.022843120619654655, 0.020682718604803085, 0.017815595492720604, 0.014787072315812111, 0.01315364707261324, 0.012783749960362911, 0.012095620855689049, 0.011378279887139797, 0.011232252232730389, 0.010849973186850548, 0.009392093867063522, 0.009284306317567825, 0.008865184150636196, 0.00874633900821209, 0.008696219883859158, 0.008373978547751904, 0.008302062749862671, 0.008054299280047417, 0.007292857859283686, 0.007109710481017828, 0.006705135572701693, 0.0066206916235387325, 0.006546820979565382, 0.005863422527909279, 0.005757972132414579, 0.005726047325879335, 0.005687400233000517, 0.005646529141813517, 0.005346557591110468, 0.0048825801350176334, 0.004759660921990871, 0.004681280814111233, 0.004281815607100725, 0.004176805727183819, 0.0041640521958470345, 0.0038789387326687574, 0.0038549713790416718, 0.003705573035404086, 0.003490942530333996, 0.0034596582408994436, 0.0028077915776520967, 0.0023652114905416965, 0.0022230043541640043, 0.002205326920375228, 0.0020356953609734774, 0.0016507403925061226, 0.001604311866685748, 0.0015736529603600502, 0.0013914665905758739, 0.0013032776769250631, 0.0012195671442896128, 0.001127513824030757, 0.0009948562365025282, 0.0009734468185342848, 0.000960630364716053, 0.0008945586159825325, 0.0008893735357560217, 0.0008722092024981976, 0.0008569915662519634, 0.00084966782014817, 0.0008418108336627483, 0.0008387090056203306, 0.000812876271083951, 0.000808785785920918, 0.0007319138967432082, 0.0006743366830050945, 0.0006728025618940592, 0.0006335591897368431, 0.0005724630318582058, 0.0005719459149986506, 0.0005677632289007306, 0.0005476433434523642, 0.0005397606873884797, 0.0005392747116275132, 0.0005367019912227988, 0.0005217983270995319, 0.0005196684505790472, 0.0004817057342734188, 0.0004798256268259138, 0.0004395131254568696, 0.000417802861193195, 0.00041320972377434373, 0.00039685246883891523, 0.00035798983299173415, 0.00031955569284036756, 0.00028928363462910056, 0.00028161832597106695, 0.0002694957656785846, 0.0002692253328859806, 0.00026914183399640024, 0.00021745156846009195, 4.996774441679008e-05], "bboxes": [[36.96665954589844, 0.1790907233953476, 233.0634765625, 154.74539184570312], [46.6511116027832, 310.374755859375, 203.03457641601562, 423.4522399902344], [16.01997947692871, 308.1393127441406, 312.3889465332031, 424.88671875], [39.36262130737305, 307.84930419921875, 308.8335876464844, 423.503662109375], [9.280633926391602, 306.6401672363281, 331.7489013671875, 424.84613037109375], [48.472999572753906, 309.2547302246094, 297.8057556152344, 423.52276611328125], [44.85142135620117, 312.0633239746094, 254.71670532226562, 423.2424621582031], [50.437782287597656, 315.0063781738281, 257.6651916503906, 423.3180847167969], [45.97593688964844, 316.162109375, 248.60092163085938, 423.09356689453125], [47.350345611572266, 307.7555847167969, 424.3789978027344, 424.70654296875], [0.1379832625389099, 302.2008361816406, 424.93902587890625, 424.7217712402344], [407.88177490234375, 46.45258331298828, 424.99798583984375, 126.43910217285156], [405.95166015625, 57.76243591308594, 424.99066162109375, 121.45001983642578], [402.7807922363281, 50.738548278808594, 425.0, 124.48529815673828], [46.45039367675781, 317.2901306152344, 255.91612243652344, 423.07623291015625], [409.51336669921875, 65.57891082763672, 425.0, 295.76629638671875], [404.0641784667969, 55.03330993652344, 424.99822998046875, 121.24727630615234], [411.7330627441406, 28.837804794311523, 425.0, 128.16586303710938], [410.20526123046875, 86.34724426269531, 425.0, 125.076904296875], [399.4599914550781, 60.789859771728516, 425.0, 119.24369812011719], [401.2261047363281, 59.51388931274414, 424.9869079589844, 116.8630142211914], [0.09598284959793091, 267.0951843261719, 425.0, 425.0], [416.630859375, 80.23092651367188, 425.0, 262.3612365722656], [2.235255479812622, 271.8439636230469, 261.0105285644531, 424.31689453125], [43.715206146240234, 313.6177673339844, 207.79965209960938, 423.7822570800781], [410.3341369628906, 85.10446166992188, 425.0, 122.65200805664062], [0.10700225830078125, 274.2294006347656, 425.0, 425.0], [405.1639404296875, 60.84732437133789, 425.0, 116.91761779785156], [421.74462890625, 64.55001068115234, 424.99822998046875, 129.5782470703125], [41.65238571166992, 306.2829895019531, 206.13668823242188, 422.97491455078125], [413.2084045410156, 43.67839050292969, 425.0, 412.11865234375], [422.0830993652344, 178.7458038330078, 425.0, 417.8204040527344], [45.171512603759766, 312.40631103515625, 171.7548828125, 423.03057861328125], [422.5234680175781, 58.12807846069336, 425.0, 327.3866271972656], [0.8922934532165527, 308.694580078125, 166.61880493164062, 423.3260498046875], [43.30295181274414, 313.4938659667969, 207.8603515625, 423.05926513671875], [407.35595703125, 26.327707290649414, 425.0, 118.41285705566406], [32.32548522949219, 1.1379882097244263, 238.28150939941406, 420.73480224609375], [0.367205947637558, 271.6011657714844, 203.7344207763672, 423.9339294433594], [421.33001708984375, 266.9085693359375, 425.0, 411.64666748046875], [11.537763595581055, 0.8188053965568542, 265.41094970703125, 423.86700439453125], [27.883827209472656, 1.84257173538208, 267.1351318359375, 421.2553405761719], [0.394247829914093, 235.05270385742188, 201.9564971923828, 424.09747314453125], [423.3921813964844, 247.41204833984375, 425.0, 310.8930358886719], [48.676605224609375, 312.7298583984375, 373.06842041015625, 424.0585021972656], [0.08815526962280273, 266.9626159667969, 425.0, 425.0], [17.67026710510254, 1.1978983879089355, 268.6868591308594, 324.95037841796875], [41.5726318359375, 0.0616706907749176, 421.40667724609375, 159.5589599609375], [42.93976974487305, 0.0, 423.8763122558594, 152.65545654296875], [41.85671615600586, 7.7340288162231445, 424.83203125, 422.1678161621094], [420.7955627441406, 69.34960174560547, 425.0, 317.2933349609375], [0.10064393281936646, 275.5276184082031, 163.59255981445312, 422.4385681152344], [0.11087805032730103, 263.9920349121094, 425.0, 425.0], [39.06076431274414, 0.0, 424.14288330078125, 156.553955078125], [0.0, 57.21718215942383, 13.885686874389648, 158.05191040039062], [24.305179595947266, 0.0, 359.3459167480469, 151.33416748046875], [0.09372830390930176, 250.81442260742188, 425.0, 424.91888427734375], [0.0, 282.8220520019531, 141.37191772460938, 423.5596923828125], [0.0, 1.0981791019439697, 424.9371643066406, 425.0], [0.0, 2.692307472229004, 7.732518672943115, 150.54006958007812], [9.5906343460083, 0.47759637236595154, 295.8976135253906, 330.02178955078125], [420.0849304199219, 10.986625671386719, 425.0, 79.69233703613281], [44.102745056152344, 0.0, 225.10586547851562, 19.510995864868164], [37.29558181762695, 0.02959407866001129, 425.0, 147.8762664794922], [21.191804885864258, 0.0, 277.9390869140625, 160.20053100585938], [21.485376358032227, 0.0, 360.5362854003906, 152.7351837158203], [0.0, 0.0, 4.01427698135376, 73.01200103759766], [33.9144401550293, 0.0, 183.8487548828125, 97.6429672241211], [22.7562313079834, 0.0, 310.66387939453125, 157.86285400390625], [0.0, 335.7171325683594, 424.8929748535156, 424.61834716796875], [43.33537673950195, 0.0, 131.95693969726562, 7.52334451675415], [0.055261701345443726, 275.8397216796875, 144.3048553466797, 422.8626708984375], [15.0956392288208, 0.0, 249.78709411621094, 19.251859664916992], [37.02677917480469, 0.0, 145.07650756835938, 11.540886878967285], [37.45171356201172, 0.0, 425.0, 128.14784240722656], 