{"labels": [45, 45, 45, 45, 45, 45, 55, 45, 45, 45, 45, 45, 60, 45, 45, 45, 60, 60, 55, 45, 60, 60, 55, 55, 55, 55, 44, 55, 45, 55, 45, 60, 45, 55, 55, 53, 55, 60, 45, 60, 41, 54, 43, 44, 60, 44, 55, 41, 45, 60, 55, 60, 55, 45, 45, 53, 55, 60, 42, 41, 44, 60, 45, 42, 42, 60, 44, 43, 55, 41, 60, 45, 50, 55, 48, 60, 45, 60, 60, 41, 44, 55, 41, 53, 54, 42, 55, 60, 55, 60, 60, 48, 41, 60, 45, 41, 54, 55, 48, 55], "scores": [0.993013322353363, 0.9916709661483765, 0.986642599105835, 0.9861150979995728, 0.9660983681678772, 0.9642214775085449, 0.9533768892288208, 0.9503923058509827, 0.9434781670570374, 0.9376587271690369, 0.9349914789199829, 0.9239104390144348, 0.9225709438323975, 0.912251353263855, 0.9107959270477295, 0.8941086530685425, 0.8893849849700928, 0.8668398857116699, 0.8272497057914734, 0.7901973724365234, 0.7668161392211914, 0.7590864300727844, 0.7108517289161682, 0.5926946997642517, 0.5018667578697205, 0.4895066022872925, 0.4589100182056427, 0.4191007614135742, 0.4163757264614105, 0.3991807997226715, 0.3980156481266022, 0.39659616351127625, 0.3884146511554718, 0.37935206294059753, 0.3374381959438324, 0.33324769139289856, 0.3307274878025055, 0.29546841979026794, 0.28807181119918823, 0.2845020294189453, 0.278750479221344, 0.2254132330417633, 0.19777993857860565, 0.1928928941488266, 0.19178059697151184, 0.18498650193214417, 0.1699940711259842, 0.16991421580314636, 0.16903242468833923, 0.16681616008281708, 0.1665508896112442, 0.16631491482257843, 0.1618594229221344, 0.1499493569135666, 0.14956068992614746, 0.13518524169921875, 0.13347278535366058, 0.13061082363128662, 0.12480506300926208, 0.12106692045927048, 0.11893254518508911, 0.11625655740499496, 0.09773962944746017, 0.09610462933778763, 0.08705276995897293, 0.07799672335386276, 0.07489226758480072, 0.073977991938591, 0.0738329067826271, 0.06946820020675659, 0.06662701070308685, 0.06357988715171814, 0.06233394891023636, 0.06034278869628906, 0.05718144401907921, 0.05585728585720062, 0.05541069805622101, 0.052136555314064026, 0.047492410987615585, 0.046831559389829636, 0.0465284027159214, 0.046117328107357025, 0.045345522463321686, 0.04142925888299942, 0.039628155529499054, 0.038166750222444534, 0.037621233612298965, 0.03677792102098465, 0.03584021329879761, 0.035063475370407104, 0.030625708401203156, 0.029395919293165207, 0.02471611276268959, 0.022215701639652252, 0.020923908799886703, 0.013817409984767437, 0.011885739862918854, 0.011388063430786133, 0.010328631848096848, 0.009485631249845028], "bboxes": [[28.621139526367188, 9.635976791381836, 81.87593841552734, 62.09758377075195], [74.1016845703125, 61.81523513793945, 139.86302185058594, 130.40988159179688], [1.3548457622528076, 289.3242492675781, 91.87483215332031, 384.69512939453125], [262.35870361328125, 328.046875, 352.3205871582031, 416.8833923339844], [11.749349594116211, 199.03810119628906, 104.20822143554688, 281.5191650390625], [148.43063354492188, 340.0186462402344, 211.44398498535156, 421.6825256347656], [67.9704818725586, 148.09945678710938, 121.09413146972656, 191.19961547851562], [44.34116744995117, 378.5782775878906, 109.24888610839844, 423.5543518066406], [212.6605987548828, 228.76333618164062, 268.441650390625, 301.3148193359375], [291.36627197265625, 211.42694091796875, 424.96337890625, 350.4950866699219], [0.6387203931808472, 48.5997428894043, 65.58747863769531, 139.52484130859375], [142.178466796875, 60.020870208740234, 211.66763305664062, 136.42312622070312], [214.75485229492188, 220.36912536621094, 424.7117004394531, 411.5227355957031], [214.94943237304688, 5.716761589050293, 423.8151550292969, 209.67771911621094], [213.64920043945312, 327.6141052246094, 237.5857391357422, 389.98883056640625], [134.389892578125, 137.9401397705078, 187.97267150878906, 174.34384155273438], [2.3303894996643066, 136.09642028808594, 217.1531982421875, 417.5668640136719], [6.611360549926758, 136.14862060546875, 208.91700744628906, 278.1711730957031], [97.33086395263672, 339.30743408203125, 145.06773376464844, 385.0736999511719], [148.4789276123047, 204.39199829101562, 210.8675537109375, 275.02154541015625], [0.9598538279533386, 272.47991943359375, 208.9532012939453, 419.8752136230469], [0.34789666533470154, 8.289875984191895, 424.81011962890625, 408.8688049316406], [93.0869369506836, 288.527587890625, 189.01564025878906, 336.3094177246094], [98.27902221679688, 338.7753601074219, 146.58309936523438, 384.86163330078125], [212.8052978515625, 237.32574462890625, 261.53863525390625, 298.7792053222656], [149.31625366210938, 177.4434356689453, 196.32171630859375, 213.97552490234375], [3.766202926635742, 285.6999206542969, 36.544517517089844, 299.55694580078125], [214.3098602294922, 246.0830535888672, 255.69061279296875, 297.3817138671875], [96.95503997802734, 191.99583435058594, 138.74461364746094, 236.94190979003906], [63.52478790283203, 172.52342224121094, 116.14403533935547, 193.48492431640625], [137.54824829101562, 148.6907958984375, 198.832763671875, 205.25643920898438], [4.977504730224609, 0.7630687355995178, 208.69918823242188, 130.1094512939453], [91.19673919677734, 337.8757629394531, 155.9500732421875, 405.05126953125], [214.88829040527344, 242.90341186523438, 259.169921875, 294.4298400878906], [83.1683349609375, 72.54904174804688, 131.89659118652344, 123.84491729736328], [104.72045135498047, 5.858752250671387, 201.8929443359375, 39.851356506347656], [149.79824829101562, 173.11666870117188, 194.21995544433594, 203.5352783203125], [214.4942169189453, 229.5777587890625, 308.6727600097656, 403.5030822753906], [10.205216407775879, 199.75254821777344, 104.947021484375, 281.1283264160156], [213.3428497314453, 106.95764923095703, 424.9440002441406, 411.60638427734375], [73.90605926513672, 62.1629753112793, 139.5062255859375, 128.17578125], [368.36468505859375, 126.39452362060547, 410.2455139160156, 163.25320434570312], [56.396724700927734, 193.6123809814453, 119.40380096435547, 202.3040313720703], [1.5828304290771484, 285.47265625, 87.85160064697266, 306.0429382324219], [216.22445678710938, 213.70309448242188, 423.9880676269531, 410.9322814941406], [4.152322292327881, 294.2662048339844, 45.91115188598633, 326.52276611328125], [138.88711547851562, 60.89400100708008, 209.80303955078125, 136.17312622070312], [38.40040969848633, 9.824097633361816, 77.7027359008789, 48.25986099243164], [53.922210693359375, 416.34075927734375, 143.46217346191406, 424.9293212890625], [55.06684875488281, 309.65643310546875, 208.6807098388672, 421.9483642578125], [144.02700805664062, 58.05042266845703, 208.97848510742188, 133.0126953125], [5.303058624267578, 136.00787353515625, 212.95394897460938, 323.1448974609375], [84.37047576904297, 284.0087890625, 191.23348999023438, 340.3130798339844], [215.4689483642578, 0.7565267086029053, 252.76077270507812, 35.81056594848633], [46.73339080810547, 12.328883171081543, 78.89154052734375, 51.04658508300781], [107.32679748535156, 6.83146333694458, 202.6312713623047, 43.90851974487305], [66.19683837890625, 145.30499267578125, 121.17881774902344, 185.06016540527344], [37.83073806762695, 142.3397216796875, 201.2767333984375, 267.0304870605469], [392.9710388183594, 78.14600372314453, 425.0, 99.52497100830078], [264.4627380371094, 327.4850769042969, 352.3675842285156, 416.90069580078125], [2.2078287601470947, 274.6555480957031, 33.25345230102539, 290.88128662109375], [0.0, 5.7513651847839355, 164.01324462890625, 133.56419372558594], [36.17998123168945, 140.5217742919922, 140.05587768554688, 236.35377502441406], [389.78521728515625, 76.19026947021484, 424.33056640625, 99.39257049560547], [388.9061279296875, 77.9858169555664, 425.0, 101.45240020751953], [73.79325103759766, 55.28853988647461, 209.7858428955078, 133.68397521972656], [50.66811752319336, 380.1840515136719, 113.66783142089844, 420.3821716308594], [216.97987365722656, 410.6992492675781, 277.61785888671875, 424.6079406738281], [135.9623565673828, 138.8353271484375, 187.13623046875, 171.81297302246094], [149.66650390625, 341.8517761230469, 210.7767333984375, 421.1750183105469], 