{"labels": [17, 17, 0, 0, 0, 0, 0, 0, 0, 0, 0, 0, 0, 0, 0, 0, 0, 0, 0, 0, 0, 0, 0, 27, 0, 0, 0, 0, 0, 0, 0, 17, 0, 0, 0, 0, 0, 0, 0, 0, 0, 0, 0, 0, 0, 0, 0, 0, 0, 0, 0, 0, 0, 17, 0, 17, 17, 0, 17, 0, 17, 0, 17, 0, 0, 0, 17, 0, 0, 0, 0, 0, 0, 17, 0, 0, 17, 0, 17, 0, 0, 0, 17, 0, 17, 17, 17, 0, 17, 0, 0, 0, 17, 17, 17, 17, 27, 17, 17, 0], "scores": [0.998344898223877, 0.9975392818450928, 0.9938632249832153, 0.990317702293396, 0.9637080430984497, 0.958122730255127, 0.6687577962875366, 0.5750221610069275, 0.3756275773048401, 0.18803037703037262, 0.10175338387489319, 0.0958697572350502, 0.09318576753139496, 0.08425690978765488, 0.0790826678276062, 0.07828172296285629, 0.07302074879407883, 0.0681706890463829, 0.0537024587392807, 0.05070534721016884, 0.050688229501247406, 0.04762231931090355, 0.04746728762984276, 0.04506067559123039, 0.03914731740951538, 0.03860435262322426, 0.038364049047231674, 0.03826519846916199, 0.03680647909641266, 0.03429633378982544, 0.03405975550413132, 0.030562810599803925, 0.029999742284417152, 0.029333680868148804, 0.02871127426624298, 0.026233701035380363, 0.024574074894189835, 0.024570100009441376, 0.023897793143987656, 0.0236649326980114, 0.023638805374503136, 0.02351759374141693, 0.02280214987695217, 0.02185763418674469, 0.02137826383113861, 0.021242868155241013, 0.020628144964575768, 0.01986546814441681, 0.01830706186592579, 0.017371710389852524, 0.01683543063700199, 0.016379354521632195, 0.015631146728992462, 0.015572871081531048, 0.015164707787334919, 0.014983774162828922, 0.013174885883927345, 0.012643172405660152, 0.012502031400799751, 0.011828935705125332, 0.01003212109208107, 0.00949372909963131, 0.009311937727034092, 0.00911387987434864, 0.008901854045689106, 0.00876573659479618, 0.008670033887028694, 0.008533070795238018, 0.008428877219557762, 0.008275225758552551, 0.0082011166960001, 0.007972754538059235, 0.007778395898640156, 0.007728577591478825, 0.007300355471670628, 0.007166198920458555, 0.007131906691938639, 0.005568249151110649, 0.005400586407631636, 0.005019097123295069, 0.0037267047446221113, 0.00347243738360703, 0.0032149332109838724, 0.0032093755435198545, 0.0030293967574834824, 0.002823819871991873, 0.0023885429836809635, 0.0020439187064766884, 0.001847227569669485, 0.0015993677079677582, 0.0014971118653193116, 0.0013485996751114726, 0.0010625999420881271, 0.0008868012810125947, 0.0008251830004155636, 0.0007022776990197599, 0.0006381091079674661, 0.00040269471355713904, 0.00035575043875724077, 0.0001890883140731603], "bboxes": [[258.44805908203125, 192.20037841796875, 425.0, 316.54095458984375], [0.7636196613311768, 167.066650390625, 244.82252502441406, 314.9961853027344], [366.044921875, 161.2908935546875, 424.6517333984375, 245.81512451171875], [123.22119140625, 156.32778930664062, 184.2540283203125, 231.45388793945312], [25.352163314819336, 198.824462890625, 58.251190185546875, 277.0303955078125], [36.74662780761719, 199.34609985351562, 55.84134292602539, 227.74380493164062], [29.57184410095215, 197.1682586669922, 53.446571350097656, 233.8996124267578], [365.7763977050781, 159.68653869628906, 425.0, 284.95135498046875], [122.10578918457031, 155.88925170898438, 185.74664306640625, 275.2141418457031], [408.87261962890625, 167.40298461914062, 425.0, 288.2254638671875], [416.7759704589844, 133.89955139160156, 425.0, 293.83935546875], [29.128616333007812, 197.01609802246094, 57.77967834472656, 276.2140197753906], [421.6451721191406, 168.2216339111328, 425.0, 290.7370910644531], [420.55517578125, 166.34300231933594, 425.0, 285.44732666015625], [34.07369613647461, 198.93846130371094, 49.244964599609375, 220.39700317382812], [32.73258590698242, 199.174560546875, 45.23890686035156, 215.1396942138672], [411.0043029785156, 186.95535278320312, 425.0, 290.09954833984375], [412.4644775390625, 160.98233032226562, 425.0, 290.68017578125], [418.41546630859375, 161.9556884765625, 425.0, 188.3749237060547], [49.13413619995117, 203.57215881347656, 60.4461555480957, 223.3889617919922], [418.5682373046875, 166.54730224609375, 425.0, 286.30120849609375], [409.8756103515625, 181.55081176757812, 425.0, 286.9272766113281], [415.0143127441406, 250.1202392578125, 425.0, 287.1642150878906], [36.43000411987305, 206.21168518066406, 47.616878509521484, 223.1089324951172], [410.47113037109375, 176.913818359375, 425.0, 289.55364990234375], [30.879289627075195, 202.32138061523438, 43.537410736083984, 220.87896728515625], [33.088741302490234, 229.61407470703125, 56.461524963378906, 276.4305419921875], [24.994260787963867, 199.34922790527344, 39.3016357421875, 228.63560485839844], [28.456228256225586, 232.6227264404297, 55.59755325317383, 276.6989440917969], [45.079551696777344, 202.2410888671875, 55.772605895996094, 218.66366577148438], [30.427000045776367, 236.37261962890625, 55.37444305419922, 277.1200256347656], [259.1998596191406, 120.24732208251953, 425.0, 333.4152526855469], [416.8194885253906, 163.97372436523438, 425.0, 214.4980926513672], [392.70709228515625, 160.95069885253906, 425.0, 216.7389373779297], [43.14377212524414, 202.42010498046875, 53.2265510559082, 216.54202270507812], [42.79109191894531, 201.4444122314453, 56.765281677246094, 225.10614013671875], [34.38697814941406, 199.38607788085938, 58.067604064941406, 276.288330078125], [384.43853759765625, 159.54054260253906, 424.94140625, 257.5161437988281], [409.19573974609375, 216.0419921875, 425.0, 283.54803466796875], [414.0820007324219, 265.6211853027344, 425.0, 287.2607727050781], [412.59246826171875, 266.3505554199219, 425.0, 286.5935363769531], [380.0705871582031, 163.9270477294922, 416.9844665527344, 191.92539978027344], [0.0008821414667181671, 174.8350372314453, 0.599490761756897, 269.63592529296875], [417.7585144042969, 169.4546661376953, 425.0, 214.6070098876953], [419.05126953125, 177.87350463867188, 425.0, 280.1614074707031], [369.82916259765625, 167.10194396972656, 413.7095642089844, 208.2364501953125], [28.805208206176758, 200.2064971923828, 57.71730041503906, 277.67425537109375], [17.274293899536133, 198.5124969482422, 50.01630783081055, 276.8907165527344], [24.347143173217773, 202.10719299316406, 49.48160934448242, 273.3641662597656], [7.473910808563232, 198.13209533691406, 61.61217498779297, 275.7046813964844], [27.0998592376709, 216.1016845703125, 57.9107666015625, 277.680419921875], [43.34377670288086, 206.0873260498047, 56.18538284301758, 226.8060760498047], [0.0, 202.65785217285156, 1.209612250328064, 247.69577026367188], [261.5975036621094, 152.4535369873047, 425.0, 316.37359619140625], [412.27227783203125, 266.26947021484375, 425.0, 287.11077880859375], [260.6593933105469, 137.49241638183594, 425.0, 320.66058349609375], [0.2426043152809143, 167.93270874023438, 424.9194641113281, 320.9452209472656], [366.6659851074219, 166.81983947753906, 418.2811584472656, 219.0819549560547], [269.31463623046875, 159.47201538085938, 425.0, 303.25970458984375], [0.0, 182.9358367919922, 1.0637685060501099, 220.87936401367188], [0.0, 211.43397521972656, 0.6805421113967896, 273.18603515625], [408.3008728027344, 255.3114776611328, 424.93548583984375, 285.80413818359375], [55.830379486083984, 188.48947143554688, 425.0, 307.84222412109375], [161.93809509277344, 156.93939208984375, 181.4267120361328, 175.37179565429688], [121.4212417602539, 155.24896240234375, 186.26466369628906, 236.8585662841797], [371.8652038574219, 170.3895721435547, 423.8929748535156, 217.03805541992188], [0.0, 235.82424926757812, 1.4824819564819336, 269.7466735839844], [160.24191284179688, 158.2998504638672, 183.37069702148438, 188.2846221923828], [361.1585388183594, 164.0188446044922, 424.75775146484375, 257.9687194824219], [143.27438354492188, 157.25852966308594, 183.17691040039062, 193.71044921875], [19.67142677307129, 217.26312255859375, 58.443790435791016, 270.7702941894531], [118.79541015625, 157.71214294433594, 238.74400329589844, 281.1766662597656], [157.2714385986328, 157.80186462402344, 180.3715057373047, 178.68040466308594], [264.9877624511719, 212.14718627929688, 424.99285888671875, 