{"labels": [5, 2, 11, 0, 0, 11, 2, 11, 0, 0, 0, 2, 0, 2, 2, 2, 2, 0, 0, 2, 0, 2, 0, 0, 2, 2, 2, 2, 7, 2, 2, 2, 2, 0, 2, 0, 2, 9, 2, 0, 2, 11, 2, 2, 2, 2, 0, 2, 2, 0, 7, 11, 2, 2, 0, 2, 2, 2, 2, 0, 0, 2, 0, 2, 0, 2, 2, 2, 0, 5, 9, 11, 0, 2, 2, 2, 7, 2, 2, 5, 11, 0, 2, 0, 0, 0, 0, 0, 9, 9, 0, 9, 9, 5, 14, 7, 2, 5, 2, 2], "scores": [0.9984920024871826, 0.9966427087783813, 0.26486608386039734, 0.03129850700497627, 0.024029169231653214, 0.013484619557857513, 0.012121950276196003, 0.011910837143659592, 0.011621017009019852, 0.011556608602404594, 0.011402956210076809, 0.010876168496906757, 0.010704114101827145, 0.010306150652468204, 0.01006112527102232, 0.00978926196694374, 0.00966738536953926, 0.009348460473120213, 0.009334081783890724, 0.009224647656083107, 0.009050612337887287, 0.008844085969030857, 0.008696774020791054, 0.0083059286698699, 0.008041131310164928, 0.007675561588257551, 0.007466909475624561, 0.0072000701911747456, 0.006861852947622538, 0.006775908172130585, 0.006635784637182951, 0.006633714307099581, 0.006596587598323822, 0.006463398691266775, 0.006449638865888119, 0.006432592403143644, 0.006375109311193228, 0.006368394009768963, 0.006318480707705021, 0.006237389985471964, 0.0059167612344026566, 0.005897939205169678, 0.005812976509332657, 0.005769191775470972, 0.005418703425675631, 0.00540033308789134, 0.005013329442590475, 0.004980429075658321, 0.004890063777565956, 0.00485675735399127, 0.004826342221349478, 0.004563507158309221, 0.004508002661168575, 0.0044445740059018135, 0.004401348065584898, 0.0042180889286100864, 0.004142747260630131, 0.004068325273692608, 0.003918074537068605, 0.0038770597893744707, 0.003694127080962062, 0.003649812424555421, 0.00361510063521564, 0.003404083661735058, 0.0033654579892754555, 0.003352794796228409, 0.0031951316632330418, 0.0031530738342553377, 0.0030554584227502346, 0.00275550433434546, 0.0027193508576601744, 0.0027029418852180243, 0.0025547132827341557, 0.002549730706959963, 0.002540265442803502, 0.00226087705232203, 0.002204862190410495, 0.0019657209049910307, 0.0018938028952106833, 0.0018158173188567162, 0.0015980828320607543, 0.001553499256260693, 0.0015326202847063541, 0.0015139064053073525, 0.0014983733417466283, 0.001486651599407196, 0.0014406192349269986, 0.00142586266156286, 0.0013219603570178151, 0.0012874006060883403, 0.0012287995778024197, 0.0010784425539895892, 0.0009125662036240101, 0.0007643708377145231, 0.0006586542585864663, 0.0005425249109975994, 0.0003325463621877134, 0.00031441100873053074, 0.0003048763028346002, 0.00017429531726520509], "bboxes": [[31.17099380493164, 198.01446533203125, 172.8444366455078, 340.95928955078125], [316.2182922363281, 284.4963073730469, 421.27215576171875, 325.0652160644531], [199.79315185546875, 248.7956085205078, 228.2293701171875, 273.10614013671875], [139.05760192871094, 289.00726318359375, 150.1692657470703, 305.98968505859375], [137.2886199951172, 288.9057922363281, 148.47105407714844, 306.0480651855469], [199.5764923095703, 250.82420349121094, 222.67425537109375, 272.1400146484375], [411.81402587890625, 300.19097900390625, 425.0, 328.66705322265625], [195.06832885742188, 231.7740020751953, 231.18594360351562, 273.3312072753906], [137.60609436035156, 289.85400390625, 147.75648498535156, 305.7710876464844], [132.41966247558594, 288.5543518066406, 144.88943481445312, 306.3459777832031], [139.8774871826172, 289.03887939453125, 149.3956756591797, 303.894775390625], [341.1085510253906, 267.8498229980469, 358.0549621582031, 276.65521240234375], [142.93788146972656, 290.8316650390625, 151.8838653564453, 305.1893005371094], [423.146484375, 299.0699157714844, 425.0, 332.4718933105469], [0.0, 273.80218505859375, 7.360629558563232, 288.3747253417969], [7.613637447357178, 271.7539367675781, 20.343366622924805, 286.0862121582031], [416.5163879394531, 304.5027770996094, 425.0, 329.73150634765625], [132.87998962402344, 287.4274597167969, 145.62918090820312, 305.40167236328125], [138.9088134765625, 288.91033935546875, 148.00396728515625, 302.9300537109375], [0.0, 271.67486572265625, 2.246443510055542, 289.00799560546875], [130.3433074951172, 287.4249267578125, 147.57415771484375, 308.889892578125], [343.4000549316406, 268.8009033203125, 360.97418212890625, 277.4549560546875], [135.92691040039062, 289.7391662597656, 145.636962890625, 304.6295471191406], [63.8082389831543, 219.65785217285156, 77.78221893310547, 233.17408752441406], [0.0, 272.28955078125, 1.1246403455734253, 298.5549621582031], [0.05091172456741333, 268.1658630371094, 14.352025985717773, 287.4703674316406], [5.8890790939331055, 274.20391845703125, 27.109455108642578, 307.9350280761719], [370.4335632324219, 283.9622802734375, 425.0, 322.6920471191406], [317.0892639160156, 285.0945129394531, 423.3105163574219, 323.9144287109375], [0.0, 285.20819091796875, 9.730717658996582, 330.98931884765625], [1.0925648212432861, 276.8083190917969, 29.41683006286621, 319.7073669433594], [14.221054077148438, 288.0920715332031, 30.541915893554688, 331.1302490234375], [400.8859558105469, 303.4905700683594, 424.98614501953125, 328.09991455078125], [129.10678100585938, 226.84017944335938, 143.7789306640625, 241.49842834472656], [345.7081604003906, 267.1327209472656, 361.3038330078125, 275.30120849609375], [137.0518035888672, 225.4724884033203, 150.7010040283203, 239.8443145751953], [419.02392578125, 290.04302978515625, 425.0, 327.2091979980469], [383.3520812988281, 191.64947509765625, 402.79486083984375, 214.27316284179688], [0.15799394249916077, 311.36541748046875, 34.11149215698242, 423.2488708496094], [62.48017501831055, 220.42977905273438, 76.81298828125, 234.5009765625], [419.70660400390625, 290.06353759765625, 425.0, 328.0195007324219], [201.20701599121094, 249.13223266601562, 221.82203674316406, 268.09637451171875], [398.8141174316406, 285.2510681152344, 425.0, 323.9606018066406], [322.4895935058594, 281.70635986328125, 421.39056396484375, 305.6737976074219], [169.3431854248047, 270.8594665527344, 178.20127868652344, 290.5123291015625], [336.3272705078125, 273.6609802246094, 360.7991027832031, 281.6286926269531], [128.79562377929688, 227.91688537597656, 144.46658325195312, 243.48936462402344], [423.17095947265625, 284.9524841308594, 425.0, 329.8249816894531], [348.69281005859375, 274.4215393066406, 391.0670166015625, 285.03485107421875], [65.65158081054688, 220.61705017089844, 82.11802673339844, 236.79090881347656], [326.4172058105469, 285.8004150390625, 424.6949768066406, 326.13214111328125], [207.3875274658203, 252.8672637939453, 225.9981689453125, 270.80938720703125], [337.4347839355469, 274.86065673828125, 377.7637939453125, 284.9461669921875], [0.18954016268253326, 273.87603759765625, 31.243114471435547, 335.9062805175781], [136.30003356933594, 227.67361450195312, 155.75050354003906, 247.04270935058594], [344.7279052734375, 270.8213195800781, 381.2161865234375, 281.39398193359375], [16.187435150146484, 335.55303955078125, 278.3998718261719, 424.8795166015625], [341.3428039550781, 274.71246337890625, 368.45611572265625, 283.76763916015625], [169.70875549316406, 272.1158752441406, 177.0227508544922, 288.01995849609375], [127.95990753173828, 289.1111145019531, 143.34925842285156, 306.82403564453125], [124.79285430908203, 288.1976318359375, 142.2455291748047, 306.2958679199219], [423.9610595703125, 282.76385498046875, 424.9997863769531, 325.6742858886719], [133.9509735107422, 291.9049072265625, 144.49879455566406, 306.4336242675781], [0.014497805386781693, 279.5888671875, 33.072265625, 424.2201232910156], [121.3748550415039, 227.49942016601562, 141.78582763671875, 245.31285095214844], [374.81768798828125, 284.00738525390625, 424.9781799316406, 311.5124206542969], [336.3663330078125, 276.99127197265625, 364.1162109375, 285.2165832519531], [376.09942626953125, 288.173583984375, 425.0, 326.3788146972656], [124.58269500732422, 290.3403625488281, 137.366943359375, 305.4398193359375], [22.801088333129883, 199.3191680908203, 195.05825805664062, 341.3857421875], [386.4723815917969, 197.38821411132812, 403.6651611328125, 