{"labels": [0, 5, 0, 0, 0, 0, 0, 26, 0, 0, 26, 26, 0, 0, 0, 2, 26, 0, 0, 0, 0, 26, 24, 0, 26, 26, 0, 0, 26, 0, 0, 56, 0, 0, 5, 0, 26, 0, 5, 0, 0, 0, 26, 0, 0, 26, 0, 26, 0, 0, 0, 0, 0, 0, 5, 0, 26, 2, 0, 0, 9, 13, 26, 0, 0, 0, 2, 5, 2, 0, 0, 0, 26, 0, 0, 0, 0, 26, 0, 56, 13, 0, 0, 26, 5, 0, 0, 0, 5, 5, 0, 9, 0, 5, 26, 0, 6, 56, 5, 0], "scores": [0.9989421963691711, 0.9986281394958496, 0.9892404675483704, 0.989033579826355, 0.9748263359069824, 0.9699652791023254, 0.9336065649986267, 0.8283538818359375, 0.7494378685951233, 0.6041457653045654, 0.5739690661430359, 0.5249362587928772, 0.41607820987701416, 0.3415886163711548, 0.3370513319969177, 0.30953267216682434, 0.24731317162513733, 0.24090729653835297, 0.23163872957229614, 0.2239990234375, 0.1937997192144394, 0.16683794558048248, 0.15881796181201935, 0.1550929695367813, 0.1511116325855255, 0.13884295523166656, 0.13820506632328033, 0.12729483842849731, 0.12151721864938736, 0.1213579922914505, 0.11536723375320435, 0.11253853142261505, 0.11249662190675735, 0.10954843461513519, 0.10626290738582611, 0.09943986684083939, 0.09553232789039612, 0.08952005207538605, 0.08809790015220642, 0.08240269869565964, 0.08207888901233673, 0.07550541311502457, 0.07539357990026474, 0.06698834896087646, 0.06460307538509369, 0.06435069441795349, 0.06340482085943222, 0.06240024045109749, 0.0586506649851799, 0.053099509328603745, 0.0505354143679142, 0.049853771924972534, 0.049769461154937744, 0.0490022748708725, 0.048666201531887054, 0.045309700071811676, 0.04510839283466339, 0.04399383068084717, 0.042323753237724304, 0.041985247284173965, 0.0376112125813961, 0.03717727214097977, 0.03571441397070885, 0.03314439579844475, 0.03284797444939613, 0.032632485032081604, 0.03197098895907402, 0.03112935461103916, 0.031104084104299545, 0.030139271169900894, 0.029359882697463036, 0.02930624596774578, 0.028990747407078743, 0.027908405289053917, 0.026858197525143623, 0.026818566024303436, 0.026562636718153954, 0.025464562699198723, 0.02441829815506935, 0.024216651916503906, 0.02405085600912571, 0.023687874898314476, 0.023427754640579224, 0.02045443281531334, 0.020363498479127884, 0.02022763341665268, 0.01936143822968006, 0.016668371856212616, 0.014535237103700638, 0.011824699118733406, 0.010971193201839924, 0.010595891624689102, 0.010144496336579323, 0.01007898710668087, 0.010074688121676445, 0.006948369555175304, 0.005962465424090624, 0.00524159474298358, 0.004974010866135359, 0.002477973001077771], "bboxes": [[274.6441955566406, 201.87400817871094, 341.4080810546875, 377.4809875488281], [0.0, 83.70071411132812, 303.45538330078125, 361.6583251953125], [197.73085021972656, 219.627197265625, 215.49368286132812, 251.4384765625], [337.72540283203125, 221.17361450195312, 370.3954772949219, 325.50628662109375], [81.84053039550781, 206.86990356445312, 103.20953369140625, 250.63914489746094], [324.87420654296875, 218.89768981933594, 344.5961608886719, 268.49029541015625], [326.4441223144531, 220.1171112060547, 351.5403747558594, 323.99005126953125], [334.42852783203125, 243.4951629638672, 351.9067687988281, 281.66766357421875], [420.5047912597656, 241.9873504638672, 425.0, 298.10894775390625], [420.7738952636719, 189.82373046875, 425.0, 307.7085876464844], [336.7486877441406, 261.4366455078125, 351.65447998046875, 283.82763671875], [336.1488952636719, 244.86354064941406, 354.44647216796875, 281.8490905761719], [420.37554931640625, 240.26226806640625, 425.0, 299.49969482421875], [94.12725830078125, 230.7372283935547, 113.51914978027344, 251.79559326171875], [420.2117004394531, 200.8187713623047, 425.0, 394.31329345703125], [259.9253845214844, 230.9650115966797, 277.41888427734375, 250.70094299316406], [420.5604553222656, 271.35174560546875, 425.0, 291.58135986328125], [422.4723815917969, 227.62045288085938, 425.0, 302.4485168457031], [419.4471740722656, 201.31573486328125, 425.0, 304.72503662109375], [421.051513671875, 222.0340118408203, 425.0, 301.62493896484375], [81.09503173828125, 206.12034606933594, 96.6539077758789, 233.32363891601562], [421.9270324707031, 259.92578125, 425.0, 287.5702209472656], [336.08929443359375, 239.35667419433594, 355.9598693847656, 279.31494140625], [84.10767364501953, 205.32005310058594, 98.24854278564453, 225.268798828125], [341.4261169433594, 289.4098815917969, 359.03814697265625, 305.8813781738281], [339.6957702636719, 260.39080810546875, 355.9058837890625, 283.91796875], [419.83819580078125, 201.27133178710938, 425.0, 344.2239074707031], [82.99951934814453, 205.78469848632812, 100.760498046875, 246.36920166015625], [331.7688903808594, 231.99505615234375, 348.670166015625, 268.7497863769531], [421.2769470214844, 167.6347198486328, 425.0, 304.45220947265625], [201.3631591796875, 175.75807189941406, 220.2313690185547, 195.61341857910156], [219.33616638183594, 227.54432678222656, 236.03404235839844, 250.22576904296875], [87.18280029296875, 206.86399841308594, 109.06314086914062, 250.66165161132812], [324.9175109863281, 217.38584899902344, 336.9040222167969, 232.16990661621094], [301.82122802734375, 188.3386993408203, 425.0, 252.86196899414062], [327.3274230957031, 220.0668487548828, 341.5594482421875, 246.06134033203125], [345.9460144042969, 258.0826110839844, 364.3088073730469, 285.89300537109375], [329.8274230957031, 245.78274536132812, 354.5565490722656, 322.26751708984375], [293.88616943359375, 187.63104248046875, 425.0, 261.4533386230469], [422.5915832519531, 241.4025421142578, 425.0, 296.87261962890625], [328.3866271972656, 220.46969604492188, 342.55517578125, 241.031005859375], [88.43457794189453, 209.54466247558594, 102.98915100097656, 235.5016326904297], [328.7537841796875, 295.87091064453125, 340.8197326660156, 322.6620788574219], [79.06906127929688, 207.3513641357422, 95.43414306640625, 250.20252990722656], [199.6124725341797, 180.17149353027344, 223.90524291992188, 240.46847534179688], [333.8478698730469, 243.82762145996094, 355.7432556152344, 278.33392333984375], [0.0, 184.6524658203125, 4.063952922821045, 251.5474090576172], [325.6307067871094, 228.95367431640625, 341.95709228515625, 266.2351989746094], [329.8828125, 221.496826171875, 349.1404113769531, 292.93115234375], [202.9093780517578, 176.41127014160156, 218.14849853515625, 193.569580078125], [0.0, 177.8106231689453, 8.676816940307617, 257.9806823730469], [0.0, 218.56964111328125, 3.7221522331237793, 256.315185546875], [93.91703033447266, 224.92864990234375, 117.31412506103516, 252.04977416992188], [96.93778228759766, 225.60220336914062, 109.14106750488281, 241.6753387451172], [0.0, 118.17626953125, 6.500728130340576, 376.0196838378906], [84.15795135498047, 219.93006896972656, 97.63365936279297, 241.71710205078125], [298.2008972167969, 250.57176208496094, 328.742919921875, 291.8258972167969], [361.2641906738281, 236.39694213867188, 380.7591552734375, 250.4962158203125], [205.79722595214844, 175.85018920898438, 220.96658325195312, 193.11512756347656], [0.18061023950576782, 201.31796264648438, 10.263606071472168, 250.5868682861328], [396.5717468261719, 135.1878204345703, 425.0, 154.16375732421875], [365.2912292480469, 237.17181396484375, 383.0980224609375, 251.3631591796875], [262.2872009277344, 237.0109100341797, 280.97064208984375, 278.6998291015625], [336.07562255859375, 225.44967651367188, 364.4483642578125, 324.1821594238281], [100.31481170654297, 228.6566619873047, 114.33667755126953, 248.33828735351562], [92.77606964111328, 234.5934295654297, 108.4875717163086, 252.24435424804688], [245.00680541992188, 228.6810302734375, 274.50933837890625, 255.9157257080078], [294.6874084472656, 188.70094299316406, 425.0, 303.79608154296875], [361.1132507324219, 235.1795654296875, 379.0286865234375, 248.23065185546875], [288.8959655761719, 217.72964477539062, 345.6090393066406, 273.6954040527344], [82.81202697753906, 207.30630493164062, 100.71427917480469, 251.20712280273438], [0.0, 200.3972930908203, 5.0906596183776855, 304.4166259765625], [94.46790313720703, 229.8573455810547, 106.71757507324219, 244.4546356201172], [4.799816131591797, 230.9269561767578, 