{"labels": [6, 0, 0, 0, 0, 0, 0, 0, 0, 6, 0, 0, 0, 0, 0, 0, 6, 0, 0, 0, 6, 0, 0, 0, 0, 6, 0, 0, 0, 0, 6, 0, 0, 0, 0, 0, 0, 6, 0, 0, 6, 0, 0, 0, 0, 0, 0, 0, 6, 0, 0, 0, 6, 6, 0, 6, 0, 0, 2, 0, 0, 0, 0, 0, 0, 0, 0, 26, 0, 0, 0, 0, 0, 26, 0, 0, 0, 26, 0, 0, 0, 0, 0, 26, 0, 0, 6, 0, 0, 0, 0, 6, 0, 6, 0, 6, 6, 6, 6, 6], "scores": [0.9989355206489563, 0.9945456981658936, 0.9753974080085754, 0.9355568885803223, 0.8176796436309814, 0.7512992024421692, 0.27277469635009766, 0.26438480615615845, 0.25781330466270447, 0.18556955456733704, 0.1791980266571045, 0.16602909564971924, 0.16100919246673584, 0.15015952289104462, 0.13536828756332397, 0.13432736694812775, 0.1338544338941574, 0.12207139283418655, 0.11761534959077835, 0.11262842267751694, 0.10316726565361023, 0.099872887134552, 0.09285929799079895, 0.09119946509599686, 0.08821779489517212, 0.08096485584974289, 0.08003165572881699, 0.06939958035945892, 0.06868517398834229, 0.06580384075641632, 0.06201712414622307, 0.06119145080447197, 0.060976069420576096, 0.06067940965294838, 0.05538485571742058, 0.05426029488444328, 0.05256093665957451, 0.05235358700156212, 0.05166465789079666, 0.05098574981093407, 0.0498623251914978, 0.04804684594273567, 0.04520842432975769, 0.0424916073679924, 0.042159222066402435, 0.03967255726456642, 0.03750709816813469, 0.036917246878147125, 0.03665800765156746, 0.036160435527563095, 0.035670798271894455, 0.035570066422224045, 0.03484140336513519, 0.03377130255103111, 0.03368391841650009, 0.0330490842461586, 0.030575204640626907, 0.03004296123981476, 0.029190046712756157, 0.028739163652062416, 0.027718856930732727, 0.027711693197488785, 0.027476400136947632, 0.02721976675093174, 0.025630665943026543, 0.025377709418535233, 0.02536569908261299, 0.024971434846520424, 0.024156903848052025, 0.023828426375985146, 0.023710429668426514, 0.023479683324694633, 0.023061169311404228, 0.022502874955534935, 0.02069084905087948, 0.019914839416742325, 0.0193705465644598, 0.016867833212018013, 0.01649141125380993, 0.015818621963262558, 0.01439841277897358, 0.012967497110366821, 0.012665200978517532, 0.01251501590013504, 0.010483304969966412, 0.010387257672846317, 0.00985978078097105, 0.009754316881299019, 0.00888505857437849, 0.007660506758838892, 0.006695474497973919, 0.005281771533191204, 0.004871089477092028, 0.004226190969347954, 0.003408774733543396, 0.0030445388983935118, 0.0026112159248441458, 0.001963042886927724, 0.001365831820294261, 0.0005684542702510953], "bboxes": [[14.311742782592773, 0.7616944313049316, 424.9122009277344, 400.05767822265625], [0.10975552350282669, 224.78738403320312, 16.307432174682617, 297.6795349121094], [375.1576232910156, 150.92645263671875, 389.0708312988281, 216.2631072998047], [142.6520538330078, 192.61448669433594, 156.0511016845703, 225.8506622314453], [310.79998779296875, 154.4318084716797, 322.336669921875, 216.8505401611328], [233.8523712158203, 234.8097686767578, 247.89540100097656, 286.07208251953125], [115.90853118896484, 189.11724853515625, 127.24758911132812, 227.02064514160156], [127.30592346191406, 195.55067443847656, 138.99276733398438, 226.2742919921875], [131.80870056152344, 193.4373016357422, 144.12428283691406, 226.55612182617188], [0.0, 169.8277587890625, 5.270705223083496, 298.688720703125], [103.56779479980469, 184.53416442871094, 112.52608489990234, 201.7957763671875], [104.65211486816406, 186.0065155029297, 114.89977264404297, 215.90834045410156], [138.31785583496094, 195.95932006835938, 148.34463500976562, 222.23451232910156], [105.93806457519531, 185.65492248535156, 117.02351379394531, 220.66346740722656], [114.96414947509766, 188.45294189453125, 126.79339599609375, 227.07598876953125], [108.45499420166016, 184.38861083984375, 117.33826446533203, 202.63356018066406], [0.0, 175.85736083984375, 6.11467981338501, 294.93878173828125], [152.03965759277344, 193.4440155029297, 162.28506469726562, 223.10064697265625], [147.65191650390625, 194.30369567871094, 157.16151428222656, 217.00291442871094], [143.17063903808594, 196.62159729003906, 153.23678588867188, 224.142578125], [0.005879392847418785, 161.04835510253906, 6.7314133644104, 298.0607604980469], [378.4703063964844, 150.62557983398438, 403.58538818359375, 216.6348114013672], [373.8971252441406, 135.70599365234375, 391.0724792480469, 198.76165771484375], [112.58564758300781, 192.32766723632812, 122.65271759033203, 226.0401611328125], [167.53179931640625, 192.88070678710938, 178.55654907226562, 224.8731689453125], [0.0, 176.52069091796875, 5.548451900482178, 247.7251434326172], [380.41131591796875, 161.3877716064453, 407.2027587890625, 216.89144897460938], [372.7820129394531, 134.6990966796875, 391.3512878417969, 215.84149169921875], [375.2841796875, 137.58189392089844, 388.97991943359375, 168.34527587890625], [381.1336975097656, 159.4974822998047, 413.5305480957031, 214.08872985839844], [0.008891522884368896, 139.44468688964844, 7.276055335998535, 319.6399841308594], [310.6938781738281, 154.8336639404297, 319.8544921875, 186.14947509765625], [312.07049560546875, 154.9201202392578, 321.1097412109375, 181.13816833496094], [0.0, 224.45294189453125, 1.0813677310943604, 294.963623046875], [374.67547607421875, 153.03219604492188, 384.59326171875, 179.50881958007812], [265.4615173339844, 157.0857696533203, 277.458984375, 221.25306701660156], [134.5198974609375, 200.7140350341797, 144.16722106933594, 225.59814453125], [0.0, 176.2789764404297, 4.962383270263672, 235.15835571289062], [379.2508239746094, 155.7152557373047, 409.68157958984375, 217.9206085205078], [125.06636047363281, 193.89654541015625, 136.11444091796875, 225.8352508544922], [0.0, 176.3594970703125, 4.278350830078125, 239.75765991210938], [263.009033203125, 157.8798370361328, 275.4656677246094, 220.1426544189453], [149.9652557373047, 194.9313201904297, 160.0361328125, 223.5967559814453], [186.97903442382812, 192.42181396484375, 200.1241455078125, 224.06231689453125], [376.2340087890625, 148.7710418701172, 389.2188720703125, 198.99464416503906], [232.33883666992188, 230.5662078857422, 247.0237274169922, 288.04071044921875], [114.71711730957031, 201.45980834960938, 126.80393981933594, 248.55763244628906], [236.8121795654297, 233.4312286376953, 248.76376342773438, 284.8958740234375], [0.0, 138.3092803955078, 4.52023458480835, 362.82501220703125], [232.63050842285156, 222.02456665039062, 248.0186767578125, 287.1293640136719], [232.9782257080078, 221.41221618652344, 248.3196258544922, 287.4963684082031], [0.006504775956273079, 226.10494995117188, 14.545258522033691, 295.4456481933594], [0.003274355549365282, 179.01324462890625, 6.64219856262207, 294.38983154296875], [0.0, 178.5212860107422, 5.241034984588623, 236.69268798828125], [259.1196594238281, 159.63848876953125, 274.8198547363281, 221.580322265625], [0.0, 177.93463134765625, 4.638481140136719, 275.807373046875], [313.5068664550781, 156.0594482421875, 322.9181823730469, 198.9141082763672], [232.5935821533203, 237.28558349609375, 242.21946716308594, 269.2806396484375], [73.58097076416016, 137.2744903564453, 114.96887969970703, 153.76797485351562], [135.11268615722656, 193.59947204589844, 148.51608276367188, 226.1427001953125], [235.17239379882812, 233.09527587890625, 247.91453552246094, 287.3514404296875], [373.7069396972656, 151.4796905517578, 385.3024597167969, 214.62158203125], [374.8706970214844, 157.34652709960938, 385.40716552734375, 212.1588134765625], [270.0980529785156, 167.44361877441406, 282.82647705078125, 220.58033752441406], [146.4184112548828, 193.09986877441406, 158.32655334472656, 226.1639862060547], [0.5303929448127747, 230.4302215576172, 10.747984886169434, 254.58775329589844], [237.23031616210938, 239.38539123535156, 247.6265106201172, 283.0223388671875], [4.446440696716309, 229.73362731933594, 14.345775604248047, 250.69456481933594], [308.20947265625, 153.13986206054688, 322.3169860839844, 220.1527862548828], [0.0, 180.6497039794922, 5.415513038635254, 246.84889221191406], [391.7021789550781, 141.27532958984375, 417.67694091796875, 212.90126037597656], 