{"labels": [71, 61, 61, 61, 61, 61, 61, 61, 61, 61, 71, 61, 61, 61, 61, 61, 61, 71, 71, 71, 71, 71, 71, 61, 61, 71, 61, 61, 71, 71, 71, 61, 71, 71, 71, 61, 71, 71, 71, 61, 61, 71, 61, 71, 71, 61, 71, 71, 61, 71, 71, 71, 61, 61, 71, 71, 71, 71, 71, 61, 71, 71, 71, 61, 61, 71, 71, 61, 71, 61, 61, 61, 71, 71, 61, 71, 71, 71, 71, 71, 71, 71, 71, 71, 74, 71, 71, 71, 61, 71, 61, 74, 61, 14, 14, 61, 14, 61, 61, 0], "scores": [0.9834798574447632, 0.7195271849632263, 0.622128427028656, 0.23293034732341766, 0.2059539556503296, 0.1485304981470108, 0.13779489696025848, 0.11356335133314133, 0.10116923600435257, 0.09019748121500015, 0.08755671977996826, 0.061056192964315414, 0.04637722671031952, 0.04585918039083481, 0.036690182983875275, 0.03417873755097389, 0.029945220798254013, 0.02904537506401539, 0.02507312223315239, 0.02503563091158867, 0.022138841450214386, 0.022117609158158302, 0.021326696500182152, 0.01978178322315216, 0.019421540200710297, 0.018642377108335495, 0.018022559583187103, 0.017256539314985275, 0.0150116216391325, 0.014735495671629906, 0.014418961480259895, 0.01363386306911707, 0.012653774581849575, 0.012185433879494667, 0.011844758875668049, 0.011554921045899391, 0.011410797946155071, 0.011167600750923157, 0.011151350103318691, 0.01106311846524477, 0.010748613625764847, 0.010701925493776798, 0.010671013034880161, 0.010502049699425697, 0.009327013976871967, 0.009324227459728718, 0.009216181933879852, 0.00908299908041954, 0.009078714065253735, 0.008644268848001957, 0.008636790327727795, 0.007835532538592815, 0.007657991256564856, 0.007069982588291168, 0.0069692088291049, 0.006729540415108204, 0.006357639562338591, 0.006149386055767536, 0.006017601583153009, 0.005934831686317921, 0.005752015858888626, 0.005708788055926561, 0.005174333695322275, 0.005130043253302574, 0.005000981502234936, 0.004708068910986185, 0.004682865925133228, 0.004421347286552191, 0.004135635681450367, 0.0041316114366054535, 0.004102740902453661, 0.003972537349909544, 0.003743442241102457, 0.0035263216122984886, 0.003381287446245551, 0.003370727179571986, 0.0030098925344645977, 0.002636732766404748, 0.002522410126402974, 0.002214412670582533, 0.0021512091625481844, 0.002082479652017355, 0.0020175334066152573, 0.001976238563656807, 0.0017089887987822294, 0.001707121729850769, 0.0016866547521203756, 0.0016437796875834465, 0.0016297213733196259, 0.0015354434726759791, 0.0008577259723097086, 0.0007792227552272379, 0.00061374984215945, 0.0006101952167227864, 0.0005036908551119268, 0.0003171814023517072, 0.000302456523058936, 0.0002111391513608396, 0.0001609026367077604, 0.0001300858857575804], "bboxes": [[76.64515686035156, 323.8056945800781, 379.2243957519531, 424.9866943359375], [0.052367523312568665, 288.5144958496094, 49.268985748291016, 329.42327880859375], [0.003783963620662689, 288.1696472167969, 51.37721633911133, 423.8670654296875], [0.0, 288.7041015625, 49.5578727722168, 424.2567138671875], [0.02520056441426277, 287.3929138183594, 52.42551040649414, 423.5046691894531], [0.001586414873600006, 254.7034454345703, 49.7056770324707, 424.9637451171875], [0.043498165905475616, 287.70037841796875, 57.746742248535156, 424.6214599609375], [0.005354546010494232, 289.3630065917969, 52.5869140625, 424.07196044921875], [0.0, 286.38031005859375, 57.84107971191406, 424.6783447265625], [0.0, 223.3880157470703, 48.23094177246094, 408.7865905761719], [145.8458709716797, 325.6610412597656, 378.7143859863281, 424.7593994140625], [0.01529734581708908, 206.00323486328125, 45.370079040527344, 329.0267639160156], [0.0, 290.0422668457031, 49.07977294921875, 405.73907470703125], [0.1397058367729187, 236.0777587890625, 49.68699645996094, 334.0196838378906], [0.15022335946559906, 229.05386352539062, 48.90593338012695, 329.8170166015625], [0.0, 290.009521484375, 83.74372863769531, 424.2117614746094], [0.0, 287.1182556152344, 35.017860412597656, 422.2549133300781], [79.03966522216797, 363.10906982421875, 291.12127685546875, 424.7297058105469], [145.98574829101562, 330.1249694824219, 344.077392578125, 424.02813720703125], [0.0, 290.8973388671875, 378.3154602050781, 424.7306213378906], [103.18780517578125, 329.9394836425781, 369.34722900390625, 424.8488464355469], [143.3809051513672, 329.6123352050781, 329.30572509765625, 423.6419982910156], [120.37474822998047, 324.89361572265625, 378.415283203125, 424.8548889160156], [0.05770069360733032, 365.0809326171875, 14.630776405334473, 425.0], [0.0394260510802269, 310.0246276855469, 84.20406341552734, 424.4713134765625], [76.58916473388672, 365.6957092285156, 311.2923889160156, 424.98431396484375], [0.0, 319.9145202636719, 5.924000263214111, 424.0968017578125], [0.099059097468853, 264.6069030761719, 50.36671829223633, 338.3723449707031], [128.93673706054688, 333.6195983886719, 324.37432861328125, 424.29327392578125], [82.74923706054688, 361.9790954589844, 268.9146728515625, 424.7106628417969], [78.43816375732422, 336.4942626953125, 326.32183837890625, 424.4922180175781], [0.0, 286.8336181640625, 372.06817626953125, 425.0], [44.92752456665039, 298.79656982421875, 382.0540771484375, 425.0], [79.2959213256836, 330.4279479980469, 330.9632873535156, 424.37896728515625], [68.69257354736328, 327.73480224609375, 382.8207702636719, 424.7411804199219], [0.10550925135612488, 289.0948486328125, 50.93198013305664, 336.43634033203125], [141.0013885498047, 324.5120849609375, 380.28057861328125, 425.0], [147.97853088378906, 326.512451171875, 368.03607177734375, 424.29583740234375], [143.00819396972656, 323.28399658203125, 378.0221252441406, 424.92352294921875], [0.13322243094444275, 258.3558044433594, 47.78300094604492, 325.94830322265625], [0.0, 412.5477600097656, 88.43756866455078, 424.96746826171875], [77.82833862304688, 398.4072265625, 338.59088134765625, 424.8628234863281], [0.08695516735315323, 270.3221130371094, 54.00923538208008, 328.0761413574219], [1.7529219388961792, 321.68646240234375, 384.5716247558594, 424.46875], [0.08664801716804504, 290.37506103515625, 47.614173889160156, 323.7616882324219], [0.0007860828191041946, 290.5337219238281, 9.619260787963867, 340.9306640625], [73.62187957763672, 300.27960205078125, 379.6257019042969, 425.0], [111.74650573730469, 337.2666931152344, 300.25506591796875, 423.87847900390625], [0.02127569168806076, 290.6072082519531, 51.47298812866211, 327.7845458984375], [72.89449310302734, 312.1771240234375, 341.14068603515625, 424.8007507324219], [98.54745483398438, 328.193115234375, 379.5638427734375, 424.76898193359375], [9.374255180358887, 374.87646484375, 193.58078002929688, 424.7507019042969], [66.66887664794922, 307.4803771972656, 392.3740234375, 425.0], [75.8649673461914, 295.7796630859375, 380.61676025390625, 425.0], [123.38287353515625, 320.21453857421875, 322.5195007324219, 423.7186584472656], [0.0, 308.96148681640625, 378.9470520019531, 424.39739990234375], [78.22960662841797, 307.0684509277344, 382.7593994140625, 425.0], [126.41285705566406, 325.71661376953125, 379.361328125, 424.9400634765625], [153.5413818359375, 321.4833984375, 377.6908264160156, 424.4063415527344], [0.004185415804386139, 233.4982452392578, 2.2550392150878906, 322.771728515625], [53.9853630065918, 406.344482421875, 315.07470703125, 425.0], [135.87066650390625, 321.1479797363281, 378.53515625, 425.0], [105.58342742919922, 405.4835510253906, 346.6664123535156, 425.0], [0.0, 288.7375793457031, 376.22357177734375, 424.0571594238281], [0.0, 115.9030532836914, 5.167189598083496, 418.24786376953125], [68.53861999511719, 263.3719787597656, 392.60919189453125, 425.0], [63.90610885620117, 324.927001953125, 382.8225402832031, 425.0], [75.10662078857422, 327.4943542480469, 378.27947998046875, 424.6685485839844], [198.05348205566406, 326.98663330078125, 378.0576171875, 424.2313232421875], [76.2029037475586, 316.7976379394531, 380.51519775390625, 424.72845458984375], [77.56541442871094, 322.458984375, 379.45526123046875, 424.6476745605469], [2.156852960586548, 283.3876037597656, 380.8780517578125, 425.0], [5.710738658905029, 397.09539794921875, 310.6742858886719, 