{"labels": [0, 36, 0, 0, 0, 0, 0, 0, 0, 0, 0, 0, 0, 0, 0, 0, 0, 0, 0, 0, 0, 0, 36, 0, 36, 36, 0, 0, 0, 36, 2, 0, 0, 0, 0, 0, 0, 0, 0, 36, 2, 0, 0, 0, 0, 9, 9, 36, 0, 0, 0, 0, 0, 9, 36, 0, 0, 36, 0, 0, 0, 36, 36, 36, 2, 2, 9, 36, 0, 0, 0, 0, 0, 0, 2, 0, 0, 0, 0, 0, 0, 2, 0, 0, 36, 0, 36, 0, 36, 0, 2, 0, 0, 36, 0, 67, 0, 74, 74, 0], "scores": [0.9987251162528992, 0.9972147345542908, 0.11690633744001389, 0.06097394600510597, 0.05686883255839348, 0.03206020966172218, 0.029822928830981255, 0.02914741076529026, 0.026665497571229935, 0.02591286413371563, 0.02266262099146843, 0.019989505410194397, 0.01936078444123268, 0.019051840528845787, 0.018283799290657043, 0.018010346218943596, 0.016552191227674484, 0.015490368008613586, 0.01444047037512064, 0.014215325005352497, 0.01418584119528532, 0.014099680818617344, 0.013536260463297367, 0.012201238423585892, 0.011713973246514797, 0.01113811880350113, 0.010203380137681961, 0.009919083677232265, 0.009352549910545349, 0.00906155351549387, 0.00905205775052309, 0.008950968272984028, 0.008694932796061039, 0.008403507992625237, 0.008345051668584347, 0.008267349563539028, 0.008192278444766998, 0.007576487958431244, 0.007565173786133528, 0.0073911347426474094, 0.006956822704523802, 0.006615812424570322, 0.006475589703768492, 0.006412649992853403, 0.005783753469586372, 0.00517459399998188, 0.00510801887139678, 0.004975542426109314, 0.004890289157629013, 0.004793468397110701, 0.004751678556203842, 0.004651060327887535, 0.004568405915051699, 0.004190106876194477, 0.004140105098485947, 0.004095755983144045, 0.0040270667523145676, 0.003967995755374432, 0.003944950643926859, 0.0037970503326505423, 0.003652761923149228, 0.0034820069558918476, 0.0033163195475935936, 0.003172161290422082, 0.003158056642860174, 0.003110240213572979, 0.0030986210331320763, 0.0030891618225723505, 0.003028454491868615, 0.0027578244917094707, 0.0026576935779303312, 0.00265529565513134, 0.0025514441076666117, 0.002504576463252306, 0.0024787182919681072, 0.00225838553160429, 0.0022266246378421783, 0.002036336110904813, 0.001985700335353613, 0.0019507021643221378, 0.0016601720126345754, 0.0014512937050312757, 0.0013932433212175965, 0.001364140771329403, 0.0013411628315225244, 0.0013341032899916172, 0.0013222519773989916, 0.0013221056433394551, 0.0012360134860500693, 0.000859609863255173, 0.0008462720434181392, 0.000792076694779098, 0.0006163751822896302, 0.0005252661067061126, 0.00045445607975125313, 0.0004218420071993023, 0.0002521913847886026, 0.00022639575763605535, 0.00020210450747981668, 0.0001691483921604231], "bboxes": [[178.1551513671875, 120.90670013427734, 322.36553955078125, 310.17364501953125], [209.84722900390625, 249.30548095703125, 277.5578918457031, 362.4374694824219], [2.7761964797973633, 400.2301940917969, 14.365944862365723, 425.0], [5.481800556182861, 400.3428649902344, 15.61711597442627, 424.97552490234375], [11.778949737548828, 407.98101806640625, 22.975133895874023, 425.0], [8.875203132629395, 396.23822021484375, 23.759899139404297, 424.8115234375], [26.088605880737305, 409.3883361816406, 39.83592987060547, 424.8377990722656], [0.008303939364850521, 394.5157165527344, 4.588543891906738, 424.86767578125], [6.266640663146973, 392.4038391113281, 25.01209831237793, 424.8012390136719], [0.42178407311439514, 397.00421142578125, 8.0396089553833, 424.51239013671875], [196.47714233398438, 415.699951171875, 211.0115509033203, 424.9988098144531], [25.663822174072266, 402.4953308105469, 39.681373596191406, 424.4553527832031], [12.462746620178223, 405.5936279296875, 34.511226654052734, 424.9385070800781], [14.215704917907715, 397.5009460449219, 25.99197006225586, 422.344482421875], [25.59739875793457, 415.1004943847656, 45.96931838989258, 424.9884338378906], [195.22962951660156, 414.4967041015625, 213.07838439941406, 424.98748779296875], [32.80046844482422, 422.03570556640625, 57.97051239013672, 424.9873352050781], [193.48216247558594, 417.9863586425781, 209.8186492919922, 424.997802734375], [198.18753051757812, 415.9620666503906, 213.196044921875, 424.99639892578125], [195.01278686523438, 414.304443359375, 211.65069580078125, 424.9831237792969], [12.103134155273438, 392.1690673828125, 30.05270004272461, 424.691650390625], [4.677610874176025, 390.9372253417969, 22.309894561767578, 424.7749328613281], [211.32884216308594, 249.435546875, 276.5351867675781, 317.88604736328125], [114.52428436279297, 121.05683898925781, 324.2159729003906, 317.0006103515625], [220.7501220703125, 337.36822509765625, 263.64825439453125, 363.81915283203125], [220.702880859375, 249.6038818359375, 275.5787658691406, 321.5640869140625], [19.70362091064453, 394.88897705078125, 34.80598449707031, 423.7306213378906], [199.4272918701172, 408.83447265625, 213.97645568847656, 424.9270935058594], [117.80399322509766, 412.5076599121094, 130.25543212890625, 425.0], [216.64247131347656, 298.8911437988281, 271.9681396484375, 361.8679504394531], [249.2789306640625, 422.8651123046875, 271.0713806152344, 424.99346923828125], [91.64844512939453, 398.2848815917969, 117.55830383300781, 424.9174499511719], [110.11592864990234, 417.213134765625, 123.98943328857422, 425.0], [103.60758972167969, 421.6300964355469, 126.74803924560547, 424.99774169921875], [212.72344970703125, 421.8538513183594, 249.6485595703125, 425.0], [128.2893829345703, 112.6055908203125, 334.9413757324219, 367.6318054199219], [175.3579864501953, 419.6357727050781, 197.23040771484375, 424.9854431152344], [41.2324333190918, 409.8805236816406, 70.41398620605469, 424.93524169921875], [2.7033395767211914, 400.6361389160156, 43.850868225097656, 425.0], [224.27906799316406, 249.68667602539062, 275.6020812988281, 312.5450439453125], [247.6252899169922, 422.8603210449219, 274.8166198730469, 424.9944152832031], [116.96013641357422, 412.2939147949219, 133.77798461914062, 424.97552490234375], [133.89450073242188, 114.75104522705078, 341.5974426269531, 321.9715270996094], [125.20405578613281, 408.76116943359375, 138.6830596923828, 425.0], [121.33413696289062, 410.2026062011719, 132.7933349609375, 425.0], [295.5048522949219, 422.4866638183594, 308.23382568359375, 424.9980773925781], [299.6698303222656, 422.2626037597656, 312.9893493652344, 424.996337890625], [209.03111267089844, 315.6965637207031, 253.66600036621094, 364.2469787597656], [184.63514709472656, 119.89763641357422, 318.0397033691406, 366.5776672363281], [274.317138671875, 422.7979431152344, 291.8975524902344, 424.9911804199219], [171.2873992919922, 417.0474853515625, 208.75503540039062, 425.0], [269.4879455566406, 423.4015197753906, 289.7462158203125, 424.9895935058594], [162.6973419189453, 115.87529754638672, 337.1900634765625, 367.83050537109375], [294.7054138183594, 422.76275634765625, 309.53021240234375, 424.9957275390625], [210.4448699951172, 251.88368225097656, 274.3819885253906, 360.23089599609375], [167.19485473632812, 120.84007263183594, 332.1912536621094, 309.29754638671875], [110.756103515625, 112.42667388916016, 371.6365051269531, 372.9543151855469], [212.2313232421875, 251.5963897705078, 272.95654296875, 355.6597900390625], [40.02312469482422, 120.80070495605469, 313.1983642578125, 421.91845703125], [14.76313591003418, 422.89666748046875, 92.83668518066406, 425.0], [304.3111572265625, 423.5007629394531, 322.1174621582031, 424.9918212890625], [229.5593719482422, 329.84619140625, 270.03533935546875, 363.7240905761719], [210.15777587890625, 244.33203125, 278.03955078125, 363.0389709472656], [215.53208923339844, 327.013427734375, 236.92660522460938, 359.89080810546875], [201.05152893066406, 422.282958984375, 268.0204162597656, 425.0], [5.085707187652588, 418.8226623535156, 99.27558135986328, 425.0], [293.5910949707031, 422.4987487792969, 307.159423828125, 424.9964294433594], [205.552001953125, 246.25328063964844, 268.3329772949219, 311.45501708984375], [308.7656555175781, 422.8769226074219, 327.9553527832031, 424.9950256347656], [160.41256713867188, 368.07757568359375, 206.65786743164062, 424.5384521484375], [421.30889892578125, 417.56781005859375, 