{"labels": [0, 26, 25, 10, 25, 25, 25, 25, 25, 25, 25, 25, 25, 25, 25, 10, 25, 25, 25, 10, 25, 25, 26, 25, 10, 25, 25, 10, 25, 25, 25, 25, 26, 25, 25, 25, 25, 25, 26, 26, 25, 25, 10, 26, 25, 25, 25, 26, 26, 25, 26, 10, 10, 25, 25, 2, 10, 26, 10, 2, 25, 25, 2, 10, 2, 10, 26, 10, 10, 25, 26, 26, 25, 25, 2, 25, 26, 25, 0, 26, 26, 25, 0, 25, 2, 25, 0, 26, 25, 26, 26, 2, 25, 0, 2, 9, 25, 25, 25, 2], "scores": [0.9989953637123108, 0.967048168182373, 0.9573652148246765, 0.9222425222396851, 0.5739847421646118, 0.4694429636001587, 0.333721786737442, 0.2752825915813446, 0.2088872790336609, 0.18092522025108337, 0.1646503359079361, 0.1602407544851303, 0.14355221390724182, 0.1316175013780594, 0.1270236074924469, 0.11333731561899185, 0.10378959029912949, 0.10372135043144226, 0.10146220028400421, 0.0782102644443512, 0.07807199656963348, 0.07483117282390594, 0.07451006770133972, 0.06684555113315582, 0.04927435144782066, 0.04789290577173233, 0.04425757750868797, 0.0431559719145298, 0.0417262427508831, 0.04159880429506302, 0.04004587605595589, 0.039518605917692184, 0.03803695738315582, 0.036225929856300354, 0.035841863602399826, 0.03524533659219742, 0.03486187756061554, 0.033146750181913376, 0.033005934208631516, 0.032846856862306595, 0.03206348046660423, 0.02785417251288891, 0.026674652472138405, 0.026483841240406036, 0.025290125980973244, 0.025274744257330894, 0.02385270781815052, 0.022872060537338257, 0.022824954241514206, 0.02122260257601738, 0.020956195890903473, 0.018877044320106506, 0.018833119422197342, 0.018197132274508476, 0.017854740843176842, 0.01735641062259674, 0.0161630567163229, 0.015693102031946182, 0.014437710866332054, 0.013751386664807796, 0.013599504716694355, 0.01225985772907734, 0.011721695773303509, 0.011598928831517696, 0.011052423156797886, 0.010427679866552353, 0.010357143357396126, 0.010249513201415539, 0.01009050477296114, 0.010077339597046375, 0.009882720187306404, 0.009180466644465923, 0.009123711846768856, 0.008781753480434418, 0.0077317217364907265, 0.007474330719560385, 0.007242911495268345, 0.006998130585998297, 0.006656442303210497, 0.006379397585988045, 0.006243749521672726, 0.006076421122997999, 0.005857791285961866, 0.005488414317369461, 0.005329708103090525, 0.0044928318820893764, 0.004341162275522947, 0.004026214126497507, 0.0036259142216295004, 0.0036029075272381306, 0.003519367892295122, 0.00317240203730762, 0.0024920033756643534, 0.0022544164676219225, 0.0021894497331231833, 0.0019075049785897136, 0.001846074010245502, 0.0017459533410146832, 0.0010817397851496935, 0.0010099466890096664], "bboxes": [[143.10496520996094, 8.74621868133545, 285.259765625, 419.24700927734375], [223.49191284179688, 118.83843231201172, 299.0481872558594, 231.52194213867188], [73.12846374511719, 0.0, 255.15367126464844, 66.59284210205078], [277.2849426269531, 229.3238983154297, 322.0077819824219, 356.7980041503906], [76.66643524169922, 0.23081861436367035, 254.55697631835938, 119.22769927978516], [74.66654968261719, 0.0, 425.0, 62.76851272583008], [74.1652603149414, 0.612254798412323, 303.1824951171875, 121.49653625488281], [69.31462860107422, 0.0, 326.4059753417969, 64.96334838867188], [48.035831451416016, 0.0, 416.5149841308594, 63.053985595703125], [76.1726303100586, 0.03991052508354187, 251.86875915527344, 66.18164825439453], [76.64962005615234, 0.0, 253.42300415039062, 124.05529022216797], [74.46821594238281, 0.0, 422.9150085449219, 62.71394348144531], [74.09228515625, 0.0, 424.3100891113281, 98.51444244384766], [70.3377914428711, 0.09245537221431732, 314.88018798828125, 58.09769058227539], [76.14043426513672, 0.42313894629478455, 253.162841796875, 120.81233978271484], [236.93939208984375, 223.75137329101562, 319.8990783691406, 358.5873107910156], [133.256103515625, 68.47303009033203, 234.07261657714844, 138.351806640625], [72.22600555419922, 0.0, 417.296142578125, 163.17947387695312], [133.23634338378906, 62.8769645690918, 176.45750427246094, 120.11173248291016], [268.1240234375, 221.88316345214844, 326.4245910644531, 362.7091064453125], [0.003436044789850712, 0.0, 3.2632598876953125, 39.57598114013672], [0.0009104667697101831, 0.0, 3.107937812805176, 40.222930908203125], [137.49673461914062, 79.25469970703125, 297.281982421875, 229.00814819335938], [0.0, 0.0, 78.01924896240234, 28.52151107788086], [273.4833984375, 206.71080017089844, 326.0939636230469, 366.7147216796875], [0.0, 0.0, 74.35521697998047, 85.55641174316406], [92.484375, 0.21877959370613098, 341.7359924316406, 108.9903335571289], [269.3611145019531, 117.0993423461914, 324.4393310546875, 357.3947448730469], [99.00489044189453, 0.0, 345.24700927734375, 82.98764038085938], [0.0, 0.0, 121.64305114746094, 64.91866302490234], [0.0, 0.0, 114.01567077636719, 20.163000106811523], [60.605262756347656, 0.0, 425.0, 94.14362335205078], [153.0428924560547, 232.7095489501953, 174.97457885742188, 276.2518005371094], [0.0, 0.0, 75.66901397705078, 78.41252136230469], [84.91146850585938, 0.3514684736728668, 404.0221862792969, 216.02230834960938], [0.005787366535514593, 0.0, 4.2668375968933105, 69.14495849609375], [135.73495483398438, 71.71559143066406, 203.05787658691406, 129.03497314453125], [0.02021491527557373, 0.0, 245.30926513671875, 152.29266357421875], [224.0712127685547, 137.70675659179688, 298.17266845703125, 230.12020874023438], [224.71649169921875, 217.83155822753906, 262.32098388671875, 263.0837097167969], [0.00013576354831457138, 0.0, 6.225531101226807, 29.85553741455078], [0.0, 0.0, 72.78030395507812, 8.704846382141113], [277.9505920410156, 231.73355102539062, 337.7330017089844, 360.6883850097656], [152.7141876220703, 234.46449279785156, 172.72024536132812, 277.9200744628906], [77.03865051269531, 0.02397671341896057, 423.9425964355469, 409.816650390625], [133.80650329589844, 68.81240844726562, 240.06944274902344, 177.05332946777344], [0.048836879432201385, 0.0, 99.35985565185547, 9.305891036987305], [146.05587768554688, 74.9700927734375, 226.09901428222656, 275.013427734375], [151.1038360595703, 226.0352325439453, 175.3045654296875, 277.24609375], [0.016443617641925812, 0.0, 78.57748413085938, 16.10165786743164], [225.35365295410156, 151.60775756835938, 291.0455322265625, 226.22064208984375], [232.3107452392578, 11.616939544677734, 327.2501525878906, 359.5798645019531], [275.3520812988281, 226.9398193359375, 322.37005615234375, 362.64007568359375], [131.64108276367188, 68.91078186035156, 164.62242126464844, 127.2184829711914], [70.55677032470703, 0.1685716211795807, 262.61761474609375, 61.80120849609375], [0.21580784022808075, 205.21763610839844, 36.57378387451172, 253.45574951171875], [282.4311218261719, 233.32752990722656, 320.4408874511719, 357.1523132324219], [222.93479919433594, 143.2761688232422, 295.6493225097656, 231.15357971191406], [260.113525390625, 226.09109497070312, 301.2576904296875, 352.8697814941406], [133.16383361816406, 58.242679595947266, 182.12603759765625, 92.62648010253906], [199.9147491455078, 0.0, 300.194091796875, 6.961242198944092], [87.92269134521484, 46.02912902832031, 122.97247314453125, 67.88627624511719], [129.472412109375, 60.584083557128906, 154.8565673828125, 83.3975601196289], [278.22821044921875, 230.20872497558594, 416.60321044921875, 360.4846496582031], [0.0, 145.70968627929688, 24.124469757080078, 248.90525817871094], [177.5306854248047, 221.85484313964844, 319.2006530761719, 357.2423400878906], [176.29046630859375, 219.92007446289062, 268.68804931640625, 275.5709533691406], [277.3145751953125, 229.0061798095703, 321.5882873535156, 359.393310546875], [281.8724365234375, 231.38250732421875, 316.9063415527344, 353.6501159667969], [222.1788330078125, 0.0, 416.6277770996094, 38.32207489013672], [201.40431213378906, 80.01911926269531, 294.6705627441406, 232.41070556640625], [221.6697998046875, 119.71926879882812, 298.74603271484375, 258.45025634765625], [208.92703247070312, 0.0, 338.1403503417969, 56.125579833984375], [220.8729248046875, 0.0, 424.8288879394531, 69.13903045654297], [0.0, 140.76516723632812, 2.1617910861968994, 211.6556854248047], 