{"labels": [15, 59, 58, 58, 58, 59, 59, 15, 58, 58, 59, 15, 58, 75, 58, 75, 15, 15, 59, 59, 59, 58, 59, 59, 15, 75, 75, 59, 75, 75, 75, 75, 59, 59, 59, 75, 15, 15, 59, 59, 75, 59, 75, 59, 59, 15, 59, 59, 75, 75, 58, 75, 59, 0, 59, 75, 15, 15, 59, 15, 75, 15, 15, 59, 15, 0, 59, 0, 0, 27, 59, 59, 59, 75, 0, 59, 59, 75, 59, 0, 0, 59, 59, 15, 27, 15, 0, 59, 0, 0, 59, 0, 0, 59, 0, 15, 59, 58, 59, 58], "scores": [0.998158872127533, 0.9954777359962463, 0.9342116713523865, 0.23347246646881104, 0.04570504650473595, 0.02564176172018051, 0.01722010225057602, 0.015275201760232449, 0.014747783541679382, 0.011893440037965775, 0.01072947308421135, 0.009998837485909462, 0.009497891180217266, 0.009053556248545647, 0.00838905107229948, 0.00762099539861083, 0.007415406405925751, 0.007193711120635271, 0.007043369114398956, 0.006749079097062349, 0.006699173245579004, 0.006671359296888113, 0.006495246663689613, 0.006131141446530819, 0.005910278297960758, 0.0058878338895738125, 0.005500535015016794, 0.005480511579662561, 0.005390888080000877, 0.00525965029373765, 0.005115930922329426, 0.004841875284910202, 0.0047293175011873245, 0.004617081489413977, 0.004599954001605511, 0.004536990076303482, 0.004473184701055288, 0.004457516595721245, 0.004314410965889692, 0.0041714017279446125, 0.003993603400886059, 0.0039083026349544525, 0.0037197305355221033, 0.0033454864751547575, 0.003329712664708495, 0.003197291400283575, 0.003177791368216276, 0.003141293302178383, 0.0031032110564410686, 0.0030686394311487675, 0.0030503221787512302, 0.0029160005506128073, 0.0027660424821078777, 0.002747206948697567, 0.002745619975030422, 0.0026391264982521534, 0.002589124720543623, 0.002375880256295204, 0.0022173025645315647, 0.002148556523025036, 0.002097048796713352, 0.0019800178706645966, 0.001943901414051652, 0.00176055112387985, 0.0016085106180980802, 0.0015837871469557285, 0.0014301040209829807, 0.0012883032904937863, 0.001221118844114244, 0.0011457152431830764, 0.0011170086218044162, 0.0010190620087087154, 0.0009916090639308095, 0.0009641313226893544, 0.000957219919655472, 0.0009439581190235913, 0.0008882032707333565, 0.0008438066579401493, 0.0008183234604075551, 0.0008048142190091312, 0.0005958143738098443, 0.0005862230900675058, 0.000552158453501761, 0.0005144800525158644, 0.0004810242389794439, 0.0004691750800702721, 0.00045576380216516554, 0.000338243116857484, 0.0003278534859418869, 0.00031904608476907015, 0.00027271363069303334, 0.0002545118913985789, 0.00025320678832940757, 0.00018213369185104966, 0.00017642286547925323, 0.00016878936730790883, 0.0001514250907348469, 0.00014241758617572486, 0.0001218223333125934, 6.71156813041307e-05], "bboxes": [[210.71102905273438, 135.5103759765625, 400.2066650390625, 323.5357971191406], [0.12245476245880127, 3.2408840656280518, 425.0, 421.08868408203125], [195.97340393066406, 73.33966827392578, 233.669677734375, 99.5662841796875], [155.47308349609375, 70.50224304199219, 234.18038940429688, 111.4683837890625], [155.4819793701172, 70.84842681884766, 231.9179229736328, 112.91886901855469], [0.1452028751373291, 104.2465591430664, 425.0, 421.89617919921875], [0.12551993131637573, 103.14434051513672, 425.0, 422.80999755859375], [211.2524871826172, 134.14476013183594, 397.6871337890625, 307.2461853027344], [163.62530517578125, 70.3050537109375, 235.4512176513672, 109.1575927734375], [154.68017578125, 69.79595947265625, 233.10629272460938, 113.54705047607422], [0.1368686556816101, 111.38626098632812, 425.0, 422.461181640625], [255.2532196044922, 140.5742950439453, 399.55413818359375, 319.1856994628906], [165.17918395996094, 70.77660369873047, 236.2836456298828, 107.44567108154297], [153.9081268310547, 70.41714477539062, 198.8233184814453, 113.52642822265625], [195.15603637695312, 74.19184875488281, 228.92408752441406, 101.36436462402344], [204.1837158203125, 79.20394134521484, 224.07913208007812, 96.11491394042969], [219.0004119873047, 138.0417022705078, 394.6284484863281, 303.7942199707031], [278.871337890625, 139.84828186035156, 397.4482421875, 313.4385986328125], [0.11371523141860962, 3.8963236808776855, 425.0, 420.8532409667969], [0.0634312629699707, 5.783429145812988, 425.0, 277.0884704589844], [0.09933933615684509, 16.100793838500977, 425.0, 221.563720703125], [191.82339477539062, 73.18775939941406, 233.9776611328125, 104.2157974243164], [0.448869913816452, 116.49188995361328, 424.43572998046875, 421.9517517089844], [0.13380348682403564, 35.10417556762695, 425.0, 422.27056884765625], [218.88095092773438, 136.2362060546875, 398.6025695800781, 314.4486389160156], [153.0956573486328, 69.51887512207031, 203.10586547851562, 114.24414825439453], [196.710693359375, 79.95010375976562, 217.27352905273438, 97.34733581542969], [0.0818982720375061, 36.03593826293945, 425.0, 262.1223449707031], [208.46063232421875, 79.03030395507812, 228.4420166015625, 96.64653015136719], [155.2934112548828, 76.8296890258789, 198.45407104492188, 113.4654541015625], [154.54861450195312, 73.32976531982422, 201.43641662597656, 113.81671142578125], [199.0341339111328, 83.16653442382812, 220.97329711914062, 101.15086364746094], [0.09347498416900635, 31.445934295654297, 425.0, 360.3169250488281], [0.20810216665267944, 127.294921875, 424.94970703125, 423.8249206542969], [0.08283555507659912, 30.948692321777344, 425.0, 421.5697326660156], [153.15988159179688, 68.43682098388672, 204.51016235351562, 113.96821594238281], [206.28057861328125, 36.12305450439453, 425.0, 324.360595703125], [212.5498504638672, 135.69488525390625, 403.1639709472656, 321.7048034667969], [0.07964372634887695, 11.260011672973633, 425.0, 327.7671813964844], [0.0693589448928833, 26.541475296020508, 425.0, 326.77069091796875], [208.1647186279297, 78.295654296875, 227.5045928955078, 94.92405700683594], [0.09778141975402832, 35.788631439208984, 425.0, 316.9911193847656], [204.9417724609375, 80.65084075927734, 227.21556091308594, 99.7496566772461], [0.1290537416934967, 18.597597122192383, 425.0, 363.1002502441406], [0.004534423351287842, 18.684280395507812, 424.9886169433594, 161.1817169189453], [208.95050048828125, 134.55325317382812, 404.33367919921875, 323.10076904296875], [0.10213851928710938, 0.0, 425.0, 423.6947937011719], [1.5540533065795898, 127.59783172607422, 410.1036071777344, 328.57659912109375], [200.89732360839844, 76.52464294433594, 224.91761779785156, 95.76668548583984], [154.46253967285156, 73.06220245361328, 194.40451049804688, 113.71637725830078], [195.73609924316406, 73.94556427001953, 233.4819793701172, 103.31473541259766], [213.8344268798828, 77.95867919921875, 232.0750732421875, 94.76399993896484], [0.10834485292434692, 11.005146980285645, 425.0, 407.68560791015625], [268.0511474609375, 46.858665466308594, 424.76470947265625, 120.85816955566406], [0.1701168715953827, 1.7220295667648315, 425.0, 422.1089172363281], [157.92453002929688, 71.77468872070312, 223.67596435546875, 111.81902313232422], [245.6473388671875, 55.38029098510742, 408.2097473144531, 320.7743835449219], [152.93307495117188, 126.88616180419922, 422.9258728027344, 328.63653564453125], [0.45135244727134705, 4.772189140319824, 424.62664794921875, 395.4762268066406], [215.08522033691406, 137.5779571533203, 400.074951171875, 316.8744812011719], [159.93113708496094, 78.36577606201172, 213.89813232421875, 112.93424224853516], [212.8480224609375, 134.06678771972656, 369.62127685546875, 211.43048095703125], [211.0864715576172, 132.58380126953125, 401.92840576171875, 323.48773193359375], [1.0844237804412842, 32.83856964111328, 407.21441650390625, 318.17498779296875], [217.6529998779297, 138.44403076171875, 399.4151611328125, 316.5091552734375], [211.4225311279297, 47.72647476196289, 424.7872314453125, 189.16033935546875], [0.49739331007003784, 370.6283264160156, 425.0, 425.0], [243.84197998046875, 15.921258926391602, 425.0, 119.87942504882812], [277.6243591308594, 47.188262939453125, 424.88018798828125, 124.37544250488281], [339.3738098144531, 260.8157653808594, 357.16241455078125, 291.4154052734375], [221.95547485351562, 4.511219024658203, 