{"labels": [15, 15, 15, 15, 56, 15, 15, 15, 15, 15, 15, 60, 15, 45, 60, 71, 15, 16, 16, 60, 15, 71, 15, 15, 1, 71, 71, 45, 61, 15, 71, 16, 45, 15, 15, 60, 61, 71, 56, 45, 61, 61, 45, 60, 60, 1, 61, 1, 61, 60, 45, 15, 61, 61, 56, 56, 15, 15, 61, 15, 61, 56, 45, 15, 60, 61, 61, 61, 61, 61, 14, 61, 56, 56, 56, 56, 56, 61, 1, 14, 56, 56, 56, 15, 65, 45, 61, 14, 56, 56, 56, 15, 56, 56, 14, 65, 56, 56, 15, 56], "scores": [0.9598474502563477, 0.34264910221099854, 0.3276469111442566, 0.17872904241085052, 0.09242505580186844, 0.0913703441619873, 0.09031771123409271, 0.08824601024389267, 0.07365988940000534, 0.07307110726833344, 0.047799814492464066, 0.04125015437602997, 0.04009490832686424, 0.037984903901815414, 0.03164895251393318, 0.025754952803254128, 0.02312624268233776, 0.016827931627631187, 0.01647755689918995, 0.016312498599290848, 0.015746112912893295, 0.014755090698599815, 0.014569818042218685, 0.014438871294260025, 0.013142171315848827, 0.012659888714551926, 0.012015227228403091, 0.01164399366825819, 0.009365665726363659, 0.008774124085903168, 0.008735494688153267, 0.008512500673532486, 0.008409921079874039, 0.008192737586796284, 0.0077990093268454075, 0.007629395928233862, 0.0071762558072805405, 0.006502332631498575, 0.00640664529055357, 0.005811772309243679, 0.005581332370638847, 0.005377375055104494, 0.005213909316807985, 0.004708098713308573, 0.004555202554911375, 0.004515338223427534, 0.004421946592628956, 0.00419493718072772, 0.004160623531788588, 0.004131610505282879, 0.004058241844177246, 0.004056928213685751, 0.003952217288315296, 0.003739814506843686, 0.0036517248954623938, 0.0036465164739638567, 0.0033603101037442684, 0.003181014209985733, 0.0031240142416208982, 0.003092362778261304, 0.002845331560820341, 0.0026769002433866262, 0.0026294835843145847, 0.0025975897442549467, 0.002569817937910557, 0.002533416263759136, 0.0024840161204338074, 0.0022003566846251488, 0.0021698519121855497, 0.002166729187592864, 0.0019664503633975983, 0.0019515802850946784, 0.001949272700585425, 0.0019044704968109727, 0.0016665011644363403, 0.0015778682427480817, 0.0015586954541504383, 0.0015496676787734032, 0.0015361575642600656, 0.0014373637968674302, 0.0014087314484640956, 0.0013719735434278846, 0.0012816890375688672, 0.0012232995359227061, 0.0011925807921215892, 0.001021454925648868, 0.0010116505436599255, 0.0009036158444359899, 0.0008987612091004848, 0.0008387739071622491, 0.0008379185455851257, 0.0007153870537877083, 0.0006581003544852138, 0.0005950352642685175, 0.0005417601787485182, 0.00048100826097652316, 0.0004789839149452746, 0.0004060262581333518, 0.0003940919123124331, 0.0003284440317656845], "bboxes": [[131.373046875, 1.1641181707382202, 413.6976318359375, 272.2958068847656], [173.0092010498047, 4.07039213180542, 396.3196716308594, 272.3421325683594], [174.30804443359375, 100.25166320800781, 389.8200378417969, 272.5986633300781], [134.62989807128906, 96.26970672607422, 390.8978271484375, 273.2509460449219], [0.07556527853012085, 0.6975159049034119, 425.0, 418.1308288574219], [178.43734741210938, 98.94100952148438, 388.8717041015625, 270.5555725097656], [128.11126708984375, 102.34839630126953, 388.7737121582031, 268.7389221191406], [133.4299774169922, 100.75703430175781, 387.67694091796875, 269.0761413574219], [174.31495666503906, 103.01199340820312, 384.2801208496094, 271.0560302734375], [173.4041748046875, 99.69965362548828, 389.2528076171875, 271.0162048339844], [167.76712036132812, 108.06025695800781, 378.2913513183594, 270.4156799316406], [0.11439919471740723, 270.6160888671875, 425.0, 423.007080078125], [177.8791961669922, 101.5526123046875, 387.158203125, 261.8427429199219], [163.51882934570312, 226.6376190185547, 370.41015625, 298.535400390625], [0.08448213338851929, 281.59283447265625, 425.0, 423.1322326660156], [0.7436074018478394, 268.22918701171875, 328.3926086425781, 403.82171630859375], [173.77664184570312, 0.0, 403.2334289550781, 273.3327941894531], [131.7188720703125, 0.21738633513450623, 401.8667907714844, 275.7316589355469], [129.63047790527344, 1.114568829536438, 397.260986328125, 271.96417236328125], [0.06844699382781982, 275.906494140625, 425.0, 422.8956298828125], [182.1905975341797, 95.04766845703125, 391.392578125, 269.1451110839844], [0.11605843901634216, 280.7774658203125, 327.27227783203125, 405.57293701171875], [176.29017639160156, 102.04719543457031, 385.35870361328125, 232.8989715576172], [171.8710174560547, 0.0, 400.0297546386719, 276.6105041503906], [0.0, 1.1764421463012695, 406.081298828125, 336.3329162597656], [0.35050585865974426, 291.1050720214844, 328.63189697265625, 407.7449645996094], [0.03366619348526001, 270.01629638671875, 325.31829833984375, 408.2916259765625], [169.75942993164062, 202.60055541992188, 363.4374694824219, 274.2301940917969], [177.5393524169922, 215.2499542236328, 361.2767639160156, 272.14154052734375], [176.0393829345703, 0.0, 398.78924560546875, 258.29351806640625], [0.087699294090271, 259.13641357421875, 425.0, 416.3617248535156], [128.06175231933594, 0.0, 409.2397155761719, 273.4128112792969], [100.81832122802734, 229.98776245117188, 387.5085754394531, 303.9164733886719], [126.36907958984375, 136.95567321777344, 328.62982177734375, 257.3333435058594], [123.66654968261719, 0.8162721991539001, 397.98455810546875, 273.0887451171875], [0.1927003264427185, 168.651123046875, 425.0, 423.61572265625], [0.6385303735733032, 209.19842529296875, 330.0191345214844, 414.73626708984375], [0.05362778902053833, 255.57078552246094, 425.0, 413.9583435058594], [0.14874935150146484, 0.0, 424.9501037597656, 414.64129638671875], [106.68077087402344, 185.85687255859375, 389.470703125, 301.1731872558594], [130.7963409423828, 0.5642063617706299, 395.968505859375, 270.33782958984375], [0.0, 0.2789050340652466, 334.35125732421875, 404.5016174316406], [0.008359551429748535, 247.10507202148438, 424.998291015625, 313.6802062988281], [0.1264825463294983, 107.41547393798828, 425.0, 422.36798095703125], [0.03941655158996582, 328.5040588378906, 425.0, 424.07794189453125], [0.7339812517166138, 0.6363645195960999, 407.8657531738281, 281.5419921875], [0.0, 0.2989552915096283, 339.7649230957031, 405.5226135253906], [0.9429574012756348, 1.1527314186096191, 405.86676025390625, 335.0850524902344], [0.05013197660446167, 8.014657020568848, 425.0, 374.4308166503906], [0.12372136116027832, 239.5978240966797, 425.0, 425.0], [157.07583618164062, 71.90113830566406, 191.44984436035156, 95.99939727783203], [164.9484100341797, 91.93949127197266, 394.4860534667969, 292.3919372558594], [0.3746598958969116, 0.36356449127197266, 401.871337890625, 278.5093688964844], [103.58858489990234, 1.4630481004714966, 410.8220520019531, 306.7259521484375], [72.37351989746094, 0.76564621925354, 398.8923034667969, 311.86224365234375], [0.19741207361221313, 0.854194164276123, 397.7192687988281, 275.0479736328125], [112.85497283935547, 144.65713500976562, 365.0341491699219, 267.2738037109375], [107.49866485595703, 145.98358154296875, 367.5840148925781, 269.0912780761719], [0.08764863014221191, 17.09233283996582, 425.0, 414.9313049316406], [173.34530639648438, 0.022152811288833618, 410.58184814453125, 288.13409423828125], [1.8950469493865967, 93.21466064453125, 362.95050048828125, 400.95458984375], [0.5437001585960388, 0.0037997961044311523, 423.4761047363281, 283.202392578125], [156.71109008789062, 71.75836944580078, 192.12942504882812, 95.97557830810547], [195.91885375976562, 96.05715942382812, 389.4020080566406, 231.82394409179688], [0.05790889263153076, 0.2782844007015228, 425.0, 424.0153503417969], [84.7898941040039, 1.8772132396697998, 395.5583190917969, 272.5046081542969], [0.024800002574920654, 197.06907653808594, 425.0, 313.896240234375], [0.05763024091720581, 0.4035636782646179, 424.92352294921875, 279.96636962890625], [111.0858383178711, 1.0045900344848633, 425.0, 304.209716796875], [0.0, 1.6120001077651978, 390.5522155761719, 333.5611572265625], [155.92080688476562, 72.69241333007812, 192.14012145996094, 96.28720092773438], [3.443159818649292, 