{"labels": [22, 22, 19, 14, 14, 14, 14, 14, 14, 14, 14, 14, 14, 14, 14, 14, 14, 14, 14, 14, 14, 14, 14, 14, 14, 14, 14, 14, 14, 14, 14, 14, 14, 14, 14, 14, 14, 14, 14, 14, 14, 14, 14, 14, 14, 14, 14, 14, 14, 14, 14, 14, 14, 14, 14, 14, 14, 14, 14, 0, 14, 14, 20, 14, 14, 14, 14, 14, 14, 14, 14, 19, 19, 19, 19, 14, 22, 22, 20, 22, 22, 14, 22, 22, 14, 14, 22, 22, 22, 14, 22, 19, 22, 22, 0, 22, 22, 22, 22, 19], "scores": [0.9989026784896851, 0.998630940914154, 0.648817241191864, 0.3151993751525879, 0.3070494532585144, 0.3049159049987793, 0.3025219142436981, 0.2891274094581604, 0.2869069576263428, 0.286298930644989, 0.27800461649894714, 0.2714141011238098, 0.26414304971694946, 0.2607366144657135, 0.25929465889930725, 0.24821753799915314, 0.24114301800727844, 0.2407304048538208, 0.232342928647995, 0.22675645351409912, 0.22431203722953796, 0.21477262675762177, 0.21052685379981995, 0.20992934703826904, 0.2075042724609375, 0.20688863098621368, 0.20673321187496185, 0.1966262310743332, 0.18871739506721497, 0.1835794746875763, 0.17457067966461182, 0.1730557382106781, 0.17217041552066803, 0.17166614532470703, 0.17032018303871155, 0.17001309990882874, 0.16919556260108948, 0.1662880927324295, 0.16292279958724976, 0.16235573589801788, 0.1610001027584076, 0.14657540619373322, 0.14212821424007416, 0.13062666356563568, 0.12832069396972656, 0.12487579882144928, 0.12051515281200409, 0.11458005756139755, 0.09853353351354599, 0.08865369111299515, 0.08843585103750229, 0.08822517096996307, 0.07837683707475662, 0.074297696352005, 0.07143251597881317, 0.06853317469358444, 0.06607064604759216, 0.06458757817745209, 0.06447214633226395, 0.061079904437065125, 0.059545326977968216, 0.05414038524031639, 0.05347330495715141, 0.05316044017672539, 0.04307480528950691, 0.03610050305724144, 0.03603517264127731, 0.03336227685213089, 0.026503177359700203, 0.02614017203450203, 0.024829275906085968, 0.023094145581126213, 0.0226276908069849, 0.020504673942923546, 0.020403295755386353, 0.018617311492562294, 0.011842852458357811, 0.011660593561828136, 0.010915007442235947, 0.00934858899563551, 0.006949045229703188, 0.00687302416190505, 0.006491563282907009, 0.005982634611427784, 0.005899811163544655, 0.0058785839937627316, 0.005409874953329563, 0.005016589071601629, 0.0050011882558465, 0.004440087825059891, 0.0043371859937906265, 0.004195313900709152, 0.004047362599521875, 0.0038974815979599953, 0.003462561871856451, 0.0028808889910578728, 0.0027023761067539454, 0.0026374810840934515, 0.00248747318983078, 0.0008477562805637717], "bboxes": [[308.60455322265625, 240.47537231445312, 406.36822509765625, 299.4985046386719], [23.49106788635254, 242.8086700439453, 142.58987426757812, 317.87890625], [171.25653076171875, 239.92315673828125, 260.5362854003906, 304.7129211425781], [325.1914367675781, 121.73722076416016, 334.3341979980469, 134.563232421875], [214.24000549316406, 125.48583984375, 223.62747192382812, 137.05831909179688], [233.8284912109375, 124.07101440429688, 242.39479064941406, 135.22032165527344], [226.12838745117188, 125.4229507446289, 235.40122985839844, 137.0317840576172], [340.4551696777344, 122.29679107666016, 348.6012878417969, 134.234375], [199.18612670898438, 125.83507537841797, 208.69705200195312, 137.51702880859375], [332.979736328125, 122.43040466308594, 342.0726318359375, 135.7115478515625], [208.30857849121094, 126.22762298583984, 217.7859344482422, 138.27598571777344], [238.75955200195312, 125.43219757080078, 247.06817626953125, 136.70297241210938], [319.6549377441406, 122.11795043945312, 329.2316589355469, 135.8190460205078], [251.63674926757812, 123.83685302734375, 260.8937683105469, 136.85121154785156], [175.90570068359375, 125.31729125976562, 186.07217407226562, 138.9701385498047], [313.47271728515625, 122.61918640136719, 323.13922119140625, 135.92218017578125], [193.15484619140625, 126.86266326904297, 203.15628051757812, 139.41531372070312], [162.1527557373047, 124.71551513671875, 172.01123046875, 138.55162048339844], [352.0722351074219, 123.08663940429688, 359.7846984863281, 134.0248565673828], [262.8060607910156, 122.56929016113281, 272.4666442871094, 136.01734924316406], [152.91407775878906, 124.41648864746094, 163.03256225585938, 138.25852966308594], [149.63742065429688, 122.93456268310547, 159.54486083984375, 136.8708038330078], [243.04550170898438, 126.94926452636719, 251.11376953125, 137.71621704101562], [216.02960205078125, 126.0079116821289, 224.76068115234375, 137.37399291992188], [231.15896606445312, 126.75989532470703, 239.512451171875, 137.2738037109375], [104.28670501708984, 123.09580993652344, 113.039794921875, 136.3894500732422], [268.5608215332031, 123.86236572265625, 278.464111328125, 137.66360473632812], [344.62005615234375, 123.97189331054688, 352.6582946777344, 135.89666748046875], [255.68316650390625, 125.4225845336914, 264.48333740234375, 138.0359344482422], [283.2585144042969, 121.97777557373047, 293.6171569824219, 134.726318359375], [253.6290283203125, 126.64990234375, 261.7859802246094, 138.03965759277344], [123.57170867919922, 123.6106185913086, 131.94020080566406, 136.5380096435547], [92.7893295288086, 123.48139953613281, 101.9079360961914, 137.25965881347656], [100.05747985839844, 122.26023864746094, 108.47063446044922, 134.63027954101562], [169.053955078125, 129.22447204589844, 178.52694702148438, 142.01271057128906], [338.206298828125, 124.37065124511719, 346.5393371582031, 137.35214233398438], [291.7638244628906, 122.85443878173828, 301.92578125, 135.80252075195312], [377.1836853027344, 123.52019500732422, 385.619873046875, 133.6055145263672], [118.07810974121094, 125.44097137451172, 126.44923400878906, 138.28858947753906], [386.5406188964844, 120.78883361816406, 394.9215087890625, 131.44747924804688], [115.68931579589844, 123.41476440429688, 123.9886474609375, 136.1677703857422], [226.7244873046875, 126.55233001708984, 235.6918487548828, 138.20074462890625], [240.83924865722656, 129.6384735107422, 248.24293518066406, 139.14166259765625], [91.58274841308594, 124.3966293334961, 100.75244903564453, 138.07130432128906], [132.30601501464844, 122.9267349243164, 141.29165649414062, 135.7302703857422], [15.137663841247559, 120.91439819335938, 24.448650360107422, 138.0612030029297], [71.98593139648438, 123.74795532226562, 82.33849334716797, 138.30938720703125], [26.87630844116211, 121.21334075927734, 37.06037139892578, 138.0342254638672], [365.99658203125, 126.0011978149414, 373.3302917480469, 135.912841796875], [322.9629821777344, 130.3118133544922, 331.9942626953125, 142.52664184570312], [336.4808044433594, 134.91197204589844, 346.46209716796875, 147.8431854248047], [13.294675827026367, 107.25936126708984, 26.539640426635742, 121.73954772949219], [393.0367126464844, 120.46844482421875, 401.6570739746094, 131.8507537841797], [103.53472137451172, 150.8561248779297, 112.32194519042969, 157.12066650390625], [46.55477523803711, 127.51021575927734, 56.75876235961914, 139.80642700195312], [306.7744445800781, 139.173095703125, 314.7520446777344, 148.20840454101562], [23.880542755126953, 125.27604675292969, 34.341156005859375, 140.0375213623047], [0.0, 123.0197525024414, 1.8276410102844238, 135.96023559570312], [132.96124267578125, 149.32376098632812, 142.43280029296875, 156.44960021972656], [0.0, 121.62567138671875, 1.592954397201538, 140.6881103515625], [0.0, 124.39537811279297, 3.3158490657806396, 139.83612060546875], [190.11508178710938, 156.7288055419922, 196.91534423828125, 161.4923095703125], [303.438232421875, 151.29022216796875, 311.3515930175781, 156.53858947753906], [105.62467193603516, 153.3883819580078, 114.74807739257812, 159.33502197265625], [100.61679077148438, 153.75503540039062, 109.67092895507812, 159.7554473876953], [130.54383850097656, 151.98915100097656, 140.08358764648438, 158.9796600341797], [300.2173767089844, 149.84707641601562, 306.17022705078125, 155.7451934814453], [190.39794921875, 157.6237030029297, 197.1547088623047, 162.1761932373047], [98.38540649414062, 154.1895751953125, 107.18140411376953, 159.8749237060547], 