{"labels": [0, 0, 0, 0, 25, 56, 56, 56, 56, 14, 14, 25, 56, 56, 25, 56, 25, 25, 37, 37, 37, 37, 37, 37, 56, 25, 56, 25, 37, 56, 37, 37, 25, 37, 56, 56, 56, 14, 25, 25, 14, 14, 14, 25, 37, 56, 14, 56, 14, 37, 37, 37, 37, 37, 37, 56, 37, 14, 25, 56, 37, 25, 56, 14, 37, 56, 56, 56, 14, 0, 56, 14, 0, 37, 56, 14, 0, 0, 56, 25, 37, 25, 0, 37, 14, 14, 37, 37, 37, 37, 25, 37, 0, 37, 37, 0, 0, 37, 0, 37], "scores": [0.9982808828353882, 0.9980136156082153, 0.9969660639762878, 0.9961000680923462, 0.990653932094574, 0.9492778778076172, 0.9432041645050049, 0.693856418132782, 0.6567970514297485, 0.6134371161460876, 0.5242156386375427, 0.26230621337890625, 0.24501663446426392, 0.2303183227777481, 0.1981552541255951, 0.18364594876766205, 0.18290157616138458, 0.17739611864089966, 0.16260407865047455, 0.15174871683120728, 0.13634513318538666, 0.12565511465072632, 0.12452051043510437, 0.12260821461677551, 0.10331887006759644, 0.09982525557279587, 0.09440060704946518, 0.09090032428503036, 0.07854612916707993, 0.07584322243928909, 0.06762638688087463, 0.0657227635383606, 0.06358114629983902, 0.06324923038482666, 0.06019492819905281, 0.058260541409254074, 0.05718992277979851, 0.05218752101063728, 0.05135975033044815, 0.050302863121032715, 0.04983431473374367, 0.04957963526248932, 0.04834340140223503, 0.04796813428401947, 0.04775819182395935, 0.04767642915248871, 0.046852026134729385, 0.04566843807697296, 0.045388028025627136, 0.042967867106199265, 0.04174165055155754, 0.04065928980708122, 0.03768467530608177, 0.034921277314424515, 0.03215206041932106, 0.030726492404937744, 0.029276464134454727, 0.029216062277555466, 0.02842618338763714, 0.026761414483189583, 0.02639409527182579, 0.02612866275012493, 0.02436816319823265, 0.02429528534412384, 0.024265239015221596, 0.023764632642269135, 0.0235570278018713, 0.02320609986782074, 0.02158225327730179, 0.02112003043293953, 0.020820464938879013, 0.01927366852760315, 0.018924152478575706, 0.016400709748268127, 0.015416824258863926, 0.015113786794245243, 0.014580732211470604, 0.014117752201855183, 0.013839111663401127, 0.013436822220683098, 0.013324848376214504, 0.012064313516020775, 0.01138235256075859, 0.010960821062326431, 0.010453455150127411, 0.008361821062862873, 0.0080678416416049, 0.007286232430487871, 0.006569896824657917, 0.005628673825412989, 0.004046859219670296, 0.003802507184445858, 0.0034900978207588196, 0.0033483062870800495, 0.0029947739094495773, 0.0028585486579686403, 0.002073964336887002, 0.0020236896816641092, 0.0016673353966325521, 0.0009462997550144792], "bboxes": [[129.43467712402344, 180.50279235839844, 162.79566955566406, 215.11155700683594], [46.013343811035156, 186.4670867919922, 93.8221206665039, 218.3357696533203], [223.80886840820312, 135.8240966796875, 248.31021118164062, 173.2672576904297], [179.9935760498047, 151.43572998046875, 196.96595764160156, 172.13858032226562], [215.8815155029297, 144.02728271484375, 425.0, 242.70077514648438], [157.29476928710938, 251.96746826171875, 285.3365478515625, 378.4993591308594], [278.61212158203125, 245.57872009277344, 375.92877197265625, 374.233154296875], [230.3123016357422, 250.9859619140625, 342.9955749511719, 375.6266174316406], [229.4478759765625, 249.00213623046875, 375.6972351074219, 376.4073486328125], [38.44656753540039, 361.8804626464844, 55.05484390258789, 386.5248718261719], [325.3472595214844, 142.46322631835938, 334.9208068847656, 149.8619842529297], [215.74673461914062, 143.55763244628906, 425.0, 363.0443420410156], [229.5272216796875, 251.6686248779297, 287.556640625, 373.248046875], [231.65794372558594, 250.27066040039062, 355.1246643066406, 376.1223449707031], [214.378662109375, 127.5941390991211, 425.0, 339.3791198730469], [156.9046630859375, 296.2168884277344, 264.2181701660156, 379.4772644042969], [215.7706298828125, 151.12646484375, 425.0, 374.56781005859375], [216.46710205078125, 141.65573120117188, 425.0, 319.8869323730469], [174.93585205078125, 167.07530212402344, 194.08114624023438, 173.1877899169922], [177.27774047851562, 167.5187530517578, 202.8682098388672, 173.55274963378906], [145.54562377929688, 207.28787231445312, 173.2777557373047, 213.49990844726562], [155.24252319335938, 208.16600036621094, 177.36781311035156, 213.6805877685547], [128.57830810546875, 206.6822509765625, 173.89622497558594, 214.61697387695312], [181.0315399169922, 166.0848846435547, 215.86312866210938, 172.95823669433594], [158.1661376953125, 298.9220275878906, 271.0166320800781, 379.8619384765625], [217.0967254638672, 166.5699920654297, 424.9638977050781, 373.1936340332031], [157.10157775878906, 300.0611267089844, 230.40419006347656, 376.7957763671875], [215.65643310546875, 139.2645263671875, 425.0, 319.33331298828125], [183.90530395507812, 165.29733276367188, 241.71043395996094, 173.3847198486328], [155.92361450195312, 251.31065368652344, 373.3359069824219, 377.4531555175781], [50.206111907958984, 209.80323791503906, 92.40003204345703, 217.9540557861328], [69.39202880859375, 206.8412322998047, 169.38525390625, 216.3961181640625], [397.20574951171875, 189.79307556152344, 425.0, 233.1131134033203], [180.9073486328125, 164.5028839111328, 246.89578247070312, 174.05494689941406], [275.5120544433594, 275.2026062011719, 332.5835876464844, 373.6636047363281], [230.34034729003906, 252.52552795410156, 335.1609802246094, 375.49237060546875], [229.0166778564453, 307.31378173828125, 277.5050964355469, 372.96844482421875], [74.90365600585938, 137.01943969726562, 86.83782196044922, 143.49624633789062], [403.83978271484375, 177.66845703125, 425.0, 333.7791748046875], [411.4869079589844, 188.72288513183594, 425.0, 224.60447692871094], [73.51934051513672, 137.28567504882812, 83.51551055908203, 143.08482360839844], [38.67282485961914, 367.75927734375, 53.74406433105469, 387.60498046875], [39.99903106689453, 363.4151306152344, 54.614742279052734, 385.48931884765625], [399.65997314453125, 131.3308563232422, 425.0, 233.90505981445312], [175.63296508789062, 165.529052734375, 191.2065887451172, 172.65298461914062], [280.6086120605469, 250.75912475585938, 350.6585693359375, 357.95806884765625], [38.69282150268555, 364.4335632324219, 53.60317611694336, 386.7632751464844], [285.9930114746094, 253.68348693847656, 363.27972412109375, 373.1007080078125], [39.64118194580078, 364.0223388671875, 55.39582824707031, 386.4594421386719], [197.96363830566406, 166.43455505371094, 247.30821228027344, 174.18173217773438], [76.18183135986328, 208.94642639160156, 96.3291244506836, 215.803955078125], [175.37173461914062, 159.60768127441406, 226.67324829101562, 172.23028564453125], [64.79732513427734, 207.6676788330078, 87.1379165649414, 216.04824829101562], [45.15591812133789, 203.80491638183594, 95.99980163574219, 216.75303649902344], [66.92603302001953, 203.3041229248047, 90.17283630371094, 213.659423828125], [278.11029052734375, 313.37933349609375, 336.5868835449219, 374.8999938964844], [142.81143188476562, 181.2552032470703, 219.98992919921875, 202.47608947753906], [36.82865905761719, 360.84857177734375, 54.42237854003906, 386.04058837890625], [411.74005126953125, 157.9652099609375, 425.0, 212.4660186767578], [157.94346618652344, 252.1304168701172, 332.87432861328125, 381.0710144042969], [141.68450927734375, 199.01821899414062, 169.93484497070312, 211.6252899169922], [407.30902099609375, 196.48153686523438, 425.0, 245.07777404785156], [304.7613525390625, 246.46551513671875, 376.5386047363281, 368.4317626953125], [75.48039245605469, 136.95860290527344, 87.67779541015625, 143.7403106689453], [29.54374122619629, 210.2051544189453, 59.21076583862305, 219.5482635498047], [281.8208312988281, 246.52320861816406, 378.6326904296875, 375.36761474609375], [285.12603759765625, 240.33360290527344, 376.07037353515625, 368.66943359375], [231.50453186035156, 245.73817443847656, 375.544189453125, 372.3293151855469], [326.1824035644531, 143.11874389648438, 334.4392395019531, 149.984130859375], [49.104366302490234, 194.84759521484375, 74.3113021850586, 211.79129028320312], [230.1407470703125, 307.2793273925781, 