{"labels": [15, 60, 45, 45, 45, 60, 45, 60, 45, 60, 60, 45, 60, 60, 60, 60, 43, 60, 60, 60, 43, 60, 45, 60, 15, 60, 60, 60, 43, 60, 43, 15, 60, 45, 60, 43, 60, 15, 60, 60, 60, 60, 60, 15, 60, 15, 45, 60, 43, 43, 60, 60, 15, 60, 45, 60, 15, 60, 60, 60, 60, 45, 60, 43, 60, 15, 43, 60, 15, 43, 60, 45, 60, 60, 43, 43, 60, 60, 60, 43, 45, 60, 44, 60, 15, 60, 45, 60, 15, 15, 15, 15, 60, 43, 15, 71, 43, 60, 43, 43], "scores": [0.9987664222717285, 0.9657295346260071, 0.48594748973846436, 0.1010906770825386, 0.01661398448050022, 0.013264421373605728, 0.012687133625149727, 0.011243471875786781, 0.008589370176196098, 0.008384092710912228, 0.008039862848818302, 0.007839375175535679, 0.007460185792297125, 0.007187912240624428, 0.006780487019568682, 0.006636025384068489, 0.0061153993010520935, 0.006098068319261074, 0.005890960805118084, 0.0058036367408931255, 0.005743735935539007, 0.005660276859998703, 0.005532774608582258, 0.005364991258829832, 0.005328867584466934, 0.004810399375855923, 0.004760206677019596, 0.004189244471490383, 0.004131626803427935, 0.004036619793623686, 0.004010672681033611, 0.003970224875956774, 0.003787451656535268, 0.003614760935306549, 0.0035931910388171673, 0.0035155268851667643, 0.0035014620516449213, 0.0034500500187277794, 0.0032675485126674175, 0.003237462369725108, 0.0031904703937470913, 0.0029312751721590757, 0.0028728574980050325, 0.0027622149791568518, 0.0027137910947203636, 0.0025426035281270742, 0.002538506407290697, 0.0024236668832600117, 0.0024126586504280567, 0.002386614913120866, 0.0023425223771482706, 0.002320243278518319, 0.002312035532668233, 0.002157854847609997, 0.002066372660920024, 0.0019595446065068245, 0.0019046294037252665, 0.0017787766410037875, 0.0017641957383602858, 0.0017191541846841574, 0.0017165272729471326, 0.0016554385656490922, 0.0014119773404672742, 0.0013942756922915578, 0.001370887621305883, 0.0013144948752596974, 0.001308827893808484, 0.0012842797441408038, 0.0012786625884473324, 0.0012747980654239655, 0.0012151218252256513, 0.0012081065215170383, 0.0011497125960886478, 0.0011472075711935759, 0.0010670825140550733, 0.0010383083717897534, 0.0010358634172007442, 0.0009888866916298866, 0.0009714800980873406, 0.0009661142248660326, 0.0008718332392163575, 0.0008114480297081172, 0.0007937164045870304, 0.0007546571432612836, 0.0006942155305296183, 0.000693874026183039, 0.0006690463051199913, 0.0005709772813133895, 0.00052947539370507, 0.0005262531340122223, 0.0005096139502711594, 0.0004990195157006383, 0.0004856959276366979, 0.00045846679131500423, 0.00036077562253922224, 0.00028186559211462736, 0.0002732622670009732, 0.0002259667671751231, 0.0001683333539403975, 0.00015401268319692463], "bboxes": [[29.213869094848633, 17.59856605529785, 424.8657531738281, 384.0062255859375], [0.06847232580184937, 0.0, 425.0, 424.2420654296875], [0.1303456723690033, 8.748435974121094, 425.0, 413.16510009765625], [0.154867023229599, 7.936570644378662, 425.0, 411.5763244628906], [35.71406555175781, 20.084291458129883, 422.8396911621094, 394.1227111816406], [0.03961920738220215, 0.2783477306365967, 425.0, 155.62376403808594], [14.81208610534668, 8.417827606201172, 423.4161682128906, 405.1635437011719], [0.020113587379455566, 0.5377218127250671, 424.9891052246094, 152.95989990234375], [0.17433464527130127, 1.6417145729064941, 424.9742431640625, 420.1188659667969], [0.13225823640823364, 272.150146484375, 425.0, 423.6605529785156], [0.08042901754379272, 0.0, 425.0, 424.7115173339844], [0.24537816643714905, 241.1827850341797, 425.0, 408.5485534667969], [0.1538410782814026, 0.0, 424.8341064453125, 424.7364807128906], [0.1093834638595581, 214.7903289794922, 425.0, 424.845458984375], [0.08607804775238037, 0.0, 425.0, 424.6811218261719], [0.1582615077495575, 2.2778384685516357, 425.0, 421.77362060546875], [41.70359802246094, 251.59169006347656, 142.60890197753906, 374.104736328125], [214.05323791503906, 0.35072118043899536, 423.876953125, 423.7325134277344], [272.81597900390625, 0.0, 425.0, 424.70184326171875], [0.087699294090271, 1.3987935781478882, 425.0, 419.7051696777344], [44.722843170166016, 252.97010803222656, 129.82183837890625, 365.4749755859375], [256.2770080566406, 0.03542676568031311, 425.0, 424.2880859375], [38.12234115600586, 5.843060493469238, 424.5406494140625, 393.4055480957031], [0.0, 242.55984497070312, 378.5958251953125, 422.47576904296875], [29.019624710083008, 20.990175247192383, 425.0, 297.9646911621094], [12.216129302978516, 0.22504925727844238, 276.711181640625, 423.555908203125], [1.106753945350647, 0.8252270221710205, 356.9075012207031, 423.064697265625], [0.11553913354873657, 220.90382385253906, 425.0, 422.6648864746094], [12.248712539672852, 230.97177124023438, 133.661376953125, 373.463623046875], [0.2169683575630188, 2.37225079536438, 424.9286193847656, 410.51165771484375], [46.100677490234375, 253.37942504882812, 133.77731323242188, 370.7683410644531], [32.112037658691406, 20.41168212890625, 425.0, 290.06915283203125], [0.0, 0.1446455717086792, 424.9962158203125, 153.7868194580078], [35.88719940185547, 251.22494506835938, 423.7654724121094, 406.2055969238281], [0.11614710092544556, 242.99896240234375, 425.0, 421.2820739746094], [40.033973693847656, 248.9546356201172, 134.5776824951172, 372.5518798828125], [0.18472075462341309, 84.45547485351562, 425.0, 425.0], [23.98814582824707, 22.795888900756836, 223.84657287597656, 365.48651123046875], [0.08823126554489136, 1.8223822116851807, 425.0, 396.6615905761719], [280.867431640625, 0.0, 425.0, 424.7618408203125], [0.15509501099586487, 223.92315673828125, 425.0, 422.89703369140625], [0.0913470983505249, 0.1203775405883789, 425.0, 325.1068115234375], [39.327205657958984, 267.0562438964844, 423.53253173828125, 423.2626647949219], [27.535171508789062, 20.535629272460938, 375.1540222167969, 266.8830871582031], [0.09415894746780396, 1.2742235660552979, 425.0, 224.0831298828125], [25.416797637939453, 8.960400581359863, 424.8973083496094, 363.04742431640625], [1.4630354642868042, 49.144142150878906, 425.0, 416.9867858886719], [5.067952632904053, 303.8887939453125, 425.0, 421.7493896484375], [40.338417053222656, 252.1018524169922, 131.03448486328125, 354.86273193359375], [47.19853210449219, 247.12997436523438, 351.2060241699219, 400.4272155761719], [0.022114813327789307, 3.2875962257385254, 424.9850769042969, 419.1324157714844], [292.7705993652344, 0.0, 425.0, 424.51507568359375], [28.23052215576172, 16.75730323791504, 328.3574523925781, 284.2420654296875], [270.79962158203125, 1.2415833473205566, 425.0, 421.9122314453125], [46.08570098876953, 9.288905143737793, 421.5391845703125, 391.4826354980469], [0.05370378494262695, 0.6896376609802246, 425.0, 351.38897705078125], [50.728416442871094, 22.62537956237793, 425.0, 372.1445007324219], [0.4647783935070038, 0.0, 424.380615234375, 185.31655883789062], [49.703941345214844, 264.7539978027344, 424.5366516113281, 423.1309814453125], [0.08595138788223267, 1.1138975620269775, 425.0, 294.7489929199219], [286.1545715332031, 286.1127624511719, 424.8033752441406, 424.0375671386719], [2.5589981079101562, 236.3482208251953, 425.0, 407.2037353515625], [0.0, 2.1388165950775146, 424.9836120605469, 252.82809448242188], [36.58354187011719, 243.3262481689453, 129.09449768066406, 299.5294494628906], [282.608642578125, 0.0, 425.0, 424.8752136230469], [27.34699249267578, 32.578121185302734, 200.91152954101562, 263.3260803222656], [42.20294952392578, 249.0774383544922, 128.92189025878906, 304.0004577636719], [0.6863381862640381, 1.9128553867340088, 172.91799926757812, 237.3889617919922], [30.516189575195312, 21.158126831054688, 424.5889587402344, 343.920166015625], [44.853153228759766, 252.06381225585938, 127.3259506225586, 304.4919738769531], [330.1125793457031, 290.1747741699219, 425.0, 424.51678466796875], [45.411312103271484, 233.79354858398438, 424.9026184082031, 399.6437683105469], [339.04351806640625, 256.2783203125, 425.0, 424.65533447265625], [0.0, 221.49777221679688, 349.312744140625, 418.42547607421875], [44.106231689453125, 