{"labels": [16, 37, 0, 37, 16, 37, 37, 24, 0, 0, 37, 37, 16, 0, 37, 0, 37, 24, 37, 0, 16, 16, 0, 16, 16, 37, 24, 16, 16, 37, 16, 37, 37, 37, 37, 0, 37, 24, 37, 16, 0, 37, 16, 24, 0, 16, 37, 16, 37, 24, 24, 37, 37, 16, 0, 0, 0, 16, 37, 37, 37, 16, 0, 16, 16, 0, 0, 24, 0, 0, 0, 0, 0, 0, 37, 0, 16, 0, 0, 16, 37, 0, 0, 0, 0, 37, 0, 0, 16, 16, 16, 0, 37, 16, 0, 0, 0, 0, 0, 37], "scores": [0.9944836497306824, 0.9860317707061768, 0.9775753021240234, 0.47044554352760315, 0.4156075119972229, 0.3700941205024719, 0.33226820826530457, 0.28655993938446045, 0.2425849437713623, 0.23773162066936493, 0.23368363082408905, 0.1646185666322708, 0.15996836125850677, 0.13525815308094025, 0.12979033589363098, 0.11776778101921082, 0.10984882712364197, 0.10885578393936157, 0.1085442379117012, 0.10844188183546066, 0.10700928419828415, 0.10597428679466248, 0.09630051255226135, 0.08493748307228088, 0.08402880281209946, 0.08351843804121017, 0.08314941078424454, 0.08080840110778809, 0.07881032675504684, 0.07856495678424835, 0.0731789842247963, 0.07274937629699707, 0.0724983736872673, 0.06760381162166595, 0.06688781827688217, 0.065333791077137, 0.06169726327061653, 0.059539083391427994, 0.05814532935619354, 0.05347777158021927, 0.05227750167250633, 0.05093798041343689, 0.05067771300673485, 0.049993518739938736, 0.04831363260746002, 0.04708108678460121, 0.045855630189180374, 0.04562937840819359, 0.03928658738732338, 0.03903435543179512, 0.036503374576568604, 0.034609224647283554, 0.03216779604554176, 0.031242841854691505, 0.02853153459727764, 0.028158733621239662, 0.026854978874325752, 0.026240460574626923, 0.026094457134604454, 0.02575073391199112, 0.02515663206577301, 0.02363641746342182, 0.02160017006099224, 0.02083750069141388, 0.0205090194940567, 0.019694499671459198, 0.019447563216090202, 0.018853235989809036, 0.01869065687060356, 0.018000345677137375, 0.017810378223657608, 0.017711743712425232, 0.01728886365890503, 0.016212038695812225, 0.01577216014266014, 0.014824883081018925, 0.014824729412794113, 0.013642647303640842, 0.011746725998818874, 0.01163056492805481, 0.011098458431661129, 0.010872893035411835, 0.010560163296759129, 0.010315865278244019, 0.009626760147511959, 0.009468968026340008, 0.009341953322291374, 0.009340674616396427, 0.009086924605071545, 0.009042955935001373, 0.00796249508857727, 0.00782822072505951, 0.006646081805229187, 0.002393225906416774, 0.0022262348793447018, 0.0018249118002131581, 0.0018144405912607908, 0.001596572226844728, 0.0012170952977612615, 0.0007392889237962663], "bboxes": [[172.99183654785156, 233.10415649414062, 276.778076171875, 305.50726318359375], [181.032958984375, 280.7400207519531, 350.6036682128906, 311.38427734375], [0.0, 248.07379150390625, 188.9353790283203, 308.0184326171875], [227.52928161621094, 280.8946228027344, 350.1453552246094, 309.1282653808594], [209.76817321777344, 234.08299255371094, 275.60699462890625, 298.7467956542969], [100.96752166748047, 280.5528259277344, 347.4402160644531, 313.6309814453125], [254.6563262939453, 281.6458740234375, 349.85723876953125, 307.60809326171875], [193.04209899902344, 245.7225341796875, 220.93161010742188, 272.635009765625], [68.18688201904297, 247.9714813232422, 188.38427734375, 306.98870849609375], [0.050752609968185425, 279.6242370605469, 40.386234283447266, 304.0303039550781], [248.3826904296875, 281.4462585449219, 348.53515625, 307.76800537109375], [248.88099670410156, 282.1278381347656, 349.80108642578125, 308.05450439453125], [172.0487823486328, 256.53521728515625, 235.4679718017578, 306.05511474609375], [64.50733947753906, 246.76702880859375, 202.76502990722656, 309.6041564941406], [86.8304443359375, 285.3576354980469, 350.8241882324219, 313.7626037597656], [0.15931436419487, 248.67405700683594, 43.72169494628906, 300.0472106933594], [245.08755493164062, 280.9649353027344, 350.19873046875, 308.1327209472656], [190.19046020507812, 243.89651489257812, 221.6063995361328, 274.43902587890625], [2.5981991291046143, 279.2181396484375, 351.1490478515625, 315.02069091796875], [0.12261783331632614, 230.61180114746094, 41.53817367553711, 299.56634521484375], [214.3138427734375, 234.41555786132812, 275.81451416015625, 299.6488342285156], [67.97374725341797, 234.89825439453125, 274.12518310546875, 310.1757507324219], [0.06450945138931274, 199.21206665039062, 38.790714263916016, 301.13177490234375], [205.57481384277344, 233.11936950683594, 274.2997131347656, 273.0575256347656], [73.1403579711914, 234.40528869628906, 273.6673583984375, 307.2610168457031], [95.64425659179688, 281.7003479003906, 348.22991943359375, 314.5050964355469], [197.40419006347656, 244.5474395751953, 222.35430908203125, 267.8011169433594], [175.72048950195312, 241.7268829345703, 230.9835205078125, 301.94232177734375], [222.6879119873047, 232.9821014404297, 273.2508850097656, 268.56671142578125], [1.1787537336349487, 292.7615051269531, 156.28152465820312, 311.5686950683594], [175.3387451171875, 250.22659301757812, 239.03321838378906, 304.4190979003906], [210.33485412597656, 281.185546875, 352.56915283203125, 311.0916748046875], [234.63885498046875, 281.3001708984375, 351.09149169921875, 308.6237487792969], [76.30046844482422, 294.2100830078125, 162.1676788330078, 310.1510925292969], [0.5660999417304993, 288.1733703613281, 184.588134765625, 311.1639099121094], [0.15425747632980347, 241.87222290039062, 44.04792022705078, 299.12939453125], [190.45167541503906, 283.4102783203125, 351.3929443359375, 311.0228576660156], [194.72384643554688, 245.0657196044922, 218.529052734375, 267.974853515625], [117.26238250732422, 295.00286865234375, 174.89768981933594, 309.6650085449219], [173.56858825683594, 255.65370178222656, 219.99313354492188, 303.32073974609375], [0.0, 226.1029815673828, 34.16977310180664, 296.88671875], [180.45672607421875, 292.2455749511719, 340.4165954589844, 311.05169677734375], [223.6849365234375, 235.47683715820312, 273.9817810058594, 280.3789978027344], [189.47528076171875, 248.2330780029297, 214.98045349121094, 272.51458740234375], [1.8414825201034546, 239.35720825195312, 271.8881530761719, 308.87371826171875], [215.85121154785156, 235.62515258789062, 266.32659912109375, 274.5361022949219], [179.2613983154297, 296.0068664550781, 265.26190185546875, 309.4290771484375], [203.4901123046875, 236.11070251464844, 274.76666259765625, 300.7469482421875], [220.26792907714844, 283.66351318359375, 351.43023681640625, 309.8907775878906], [189.11204528808594, 247.54627990722656, 212.1171875, 269.8406066894531], [202.82786560058594, 241.0905303955078, 232.7399139404297, 271.8663330078125], [254.0381317138672, 281.5657653808594, 349.7154846191406, 306.9322204589844], [272.48272705078125, 282.9089660644531, 346.38275146484375, 303.0025329589844], [0.0, 235.69644165039062, 273.8017578125, 306.2362365722656], [0.021677836775779724, 279.2755126953125, 35.31640625, 302.62603759765625], [0.0, 234.9406280517578, 343.7049865722656, 310.1185607910156], [0.03284290432929993, 265.3493347167969, 34.43102264404297, 300.78228759765625], [184.3191680908203, 235.72674560546875, 273.21490478515625, 301.7474060058594], [0.0010295072570443153, 287.2933044433594, 10.317190170288086, 317.6218566894531], [172.2106475830078, 280.0640563964844, 353.0289001464844, 312.2113952636719], [298.3576965332031, 285.57373046875, 351.7513427734375, 306.4068298339844], [198.83993530273438, 237.9737091064453, 251.1360626220703, 274.5214538574219], [0.024644844233989716, 281.28424072265625, 62.861114501953125, 302.7767333984375], [215.72164916992188, 236.06459045410156, 260.393310546875, 268.0793762207031], [178.0567169189453, 235.82861328125, 273.14935302734375, 302.8409729003906], [0.0, 229.1264190673828, 10.976037979125977, 323.6059265136719], [0.0, 109.71794128417969, 8.202657699584961, 336.7530212402344], [208.32725524902344, 237.74607849121094, 235.54571533203125, 260.6318359375], [0.0, 231.32933044433594, 2.1884968280792236, 299.3721923828125], [0.0, 149.7303466796875, 181.50869750976562, 307.1375427246094], [0.4749554991722107, 276.2900085449219, 