{"labels": [15, 61, 61, 15, 15, 39, 15, 15, 15, 39, 15, 61, 39, 39, 15, 61, 39, 61, 15, 61, 61, 39, 15, 61, 39, 39, 61, 39, 39, 61, 61, 61, 61, 61, 15, 39, 61, 39, 61, 61, 39, 15, 61, 15, 39, 39, 39, 61, 58, 61, 71, 39, 15, 61, 71, 39, 71, 39, 61, 61, 61, 61, 39, 71, 61, 39, 61, 71, 15, 61, 61, 15, 15, 39, 39, 60, 15, 15, 58, 41, 61, 0, 61, 71, 71, 61, 60, 61, 61, 41, 61, 71, 61, 61, 71, 71, 61, 60, 61, 61], "scores": [0.9939678907394409, 0.9815484881401062, 0.3255371153354645, 0.07622440159320831, 0.06141303852200508, 0.05990631878376007, 0.05837547406554222, 0.04861469939351082, 0.04541604593396187, 0.04424568638205528, 0.04405444115400314, 0.043618276715278625, 0.042925138026475906, 0.04089704528450966, 0.035951368510723114, 0.0328855961561203, 0.03119288571178913, 0.030818792060017586, 0.02831624448299408, 0.027913108468055725, 0.027616387233138084, 0.026476550847291946, 0.026292284950613976, 0.024841953068971634, 0.024400068446993828, 0.02334638498723507, 0.02213944122195244, 0.02203858457505703, 0.02159181423485279, 0.020489564165472984, 0.019619794562458992, 0.01763860136270523, 0.017466358840465546, 0.017276018857955933, 0.016275441274046898, 0.01585252210497856, 0.015380342490971088, 0.014630740508437157, 0.01456238329410553, 0.014354989863932133, 0.0131736621260643, 0.0131666986271739, 0.011264791712164879, 0.009871309623122215, 0.008687034249305725, 0.008015511557459831, 0.007899759337306023, 0.007738562300801277, 0.007705214899033308, 0.006993541028350592, 0.006954235956072807, 0.006872931495308876, 0.006839005276560783, 0.006384741049259901, 0.006335636135190725, 0.006277106702327728, 0.005894244648516178, 0.005868901032954454, 0.00582398334518075, 0.0058112191036343575, 0.005678073037415743, 0.005140645429491997, 0.004978375043720007, 0.004838768392801285, 0.0043753404170274734, 0.004242886323481798, 0.0040900204330682755, 0.003969267942011356, 0.0039056558161973953, 0.003874577349051833, 0.0036632984410971403, 0.003656649962067604, 0.0035996215883642435, 0.003465627785772085, 0.0033287745900452137, 0.0032607160974293947, 0.003187271300703287, 0.003127471776679158, 0.0030627374071627855, 0.0029561191331595182, 0.00289240968413651, 0.0028468926902860403, 0.0028244832064956427, 0.002683039987459779, 0.0026311215478926897, 0.00250479718670249, 0.0024117326829582453, 0.002099913079291582, 0.002077941782772541, 0.0017428034916520119, 0.0015827023889869452, 0.0015201091300696135, 0.0015140671748667955, 0.0014551535714417696, 0.0010595485800877213, 0.0009506822098046541, 0.0005236614961177111, 0.0004813512787222862, 0.0004251657228451222, 0.00039951433427631855], "bboxes": [[99.18722534179688, 159.94061279296875, 369.7733459472656, 425.0], [166.1997833251953, 6.658610820770264, 425.0, 424.3172607421875], [0.05828887224197388, 0.004205107688903809, 425.0, 424.9934387207031], [388.5976257324219, 174.16329956054688, 425.0, 262.47869873046875], [39.148677825927734, 157.3845977783203, 393.1192932128906, 425.0], [415.529296875, 2.1219866275787354, 425.0, 73.5870590209961], [390.5182189941406, 9.11462116241455, 425.0, 263.10986328125], [390.9803161621094, 151.8691864013672, 425.0, 262.5386047363281], [391.3485107421875, 106.5050277709961, 425.0, 425.0], [417.97296142578125, 0.0, 425.0, 65.82012176513672], [388.9089660644531, 178.91622924804688, 425.0, 413.0879821777344], [162.4146728515625, 0.019860267639160156, 425.0, 425.0], [0.0, 43.3709831237793, 7.836026668548584, 98.95390319824219], [419.9326171875, 3.9054114818573, 425.0, 81.62830352783203], [387.6853332519531, 4.444178104400635, 425.0, 423.938232421875], [148.75698852539062, 0.27115345001220703, 425.0, 425.0], [399.34197998046875, 0.0016647856682538986, 425.0, 15.76220989227295], [167.0515899658203, 11.746525764465332, 425.0, 425.0], [386.5625305175781, 88.5423583984375, 425.0, 266.81878662109375], [2.0662150382995605, 0.030879676342010498, 375.67584228515625, 425.0], [0.13736262917518616, 12.256887435913086, 425.0, 422.28692626953125], [392.91802978515625, 0.023984629660844803, 424.9654541015625, 18.189252853393555], [89.11893463134766, 159.0472412109375, 391.5702819824219, 425.0], [181.36111450195312, 0.6666362285614014, 425.0, 424.521484375], [405.7513732910156, 0.05335863679647446, 425.0, 88.18163299560547], [400.605224609375, 0.0, 425.0, 69.2891616821289], [0.0040024518966674805, 0.3179416060447693, 293.4335021972656, 368.896728515625], [0.0, 0.0, 9.089573860168457, 100.95331573486328], [0.0, 3.6357336044311523, 10.095378875732422, 101.67599487304688], [171.2620086669922, 239.86070251464844, 425.0, 425.0], [124.4905014038086, 6.964430809020996, 425.0, 424.06182861328125], [166.75132751464844, 0.1909904181957245, 425.0, 425.0], [0.0, 0.0, 292.64324951171875, 366.5130920410156], [0.09608417749404907, 9.234619140625, 424.8955078125, 422.4409484863281], [386.7128601074219, 1.8443830013275146, 425.0, 410.99908447265625], [0.0, 39.3707275390625, 8.439311981201172, 169.44769287109375], [174.43894958496094, 4.400062561035156, 425.0, 422.57415771484375], [0.004359870217740536, 0.09728111326694489, 6.828447341918945, 138.45787048339844], [187.64683532714844, 16.220050811767578, 424.9700622558594, 421.9291076660156], [103.34139251708984, 0.006864964962005615, 425.0, 424.91802978515625], [0.0, 38.100181579589844, 6.311388969421387, 182.37747192382812], [0.0, 157.13270568847656, 356.7047119140625, 365.5750427246094], [0.2571575343608856, 0.0, 390.1116638183594, 424.74249267578125], [417.4227600097656, 155.59237670898438, 425.0, 422.8909606933594], [0.0, 0.0, 10.144072532653809, 178.60011291503906], [414.0111389160156, 0.0, 425.0, 167.25376892089844], [417.1604309082031, 1.9127793312072754, 425.0, 213.12094116210938], [0.0, 0.40845274925231934, 372.847900390625, 371.3108825683594], [0.0, 0.19578449428081512, 8.37213134765625, 191.97218322753906], [0.0, 0.0, 314.19757080078125, 424.8025207519531], [0.0, 80.08468627929688, 335.3548889160156, 367.73236083984375], [0.0, 7.511031627655029, 8.505058288574219, 194.3714599609375], [112.03857421875, 158.58184814453125, 365.51019287109375, 296.22808837890625], [313.7001037597656, 247.98553466796875, 425.0, 424.3525695800781], [0.0, 79.35062408447266, 35.280460357666016, 186.4444580078125], [0.0, 0.0, 10.666207313537598, 190.12417602539062], [0.0, 71.33782196044922, 22.1453800201416, 191.3000030517578], [369.40057373046875, 0.0, 425.0, 16.3698787689209], [163.66357421875, 90.31258392333984, 425.0, 425.0], [0.0, 0.14819204807281494, 310.716552734375, 367.99652099609375], [0.0229761004447937, 1.0536201000213623, 425.0, 367.6752624511719], [3.1745269298553467, 141.26095581054688, 408.52679443359375, 417.04254150390625], [0.0, 297.969970703125, 3.648239850997925, 425.0], [0.0, 77.8304443359375, 35.079803466796875, 167.3535919189453], [0.0, 0.0, 331.86529541015625, 372.38720703125], [0.0, 216.17242431640625, 2.8325865268707275, 423.3907470703125], [0.0, 0.0, 316.74310302734375, 368.5123291015625], [0.0, 82.5183334350586, 152.27297973632812, 368.5993347167969], [0.0, 22.873645782470703, 6.845888614654541, 293.0340576171875], [172.483154296875, 4.817381381988525, 425.0, 282.0966796875], [2.3794829845428467, 67.06568908691406, 423.15472412109375, 425.0], [0.06828233599662781, 2.5395431518554688, 424.99359130859375, 331.9055480957031], [415.2381286621094, 2.4682209491729736, 425.0, 425.0], [354.9358825683594, 413.0591735839844, 414.4368896484375, 425.0], [415.1639709472656, 354.4403991699219, 425.0, 425.0], [0.033058226108551025, 341.67462158203125, 425.0, 424.6677551269531], [327.3334045410156, 7.46747350692749, 425.0, 254.068603515625], [326.17816162109375, 0.9812466502189636, 424.8777160644531, 335.1155700683594], [335.4601745605469, 0.19685477018356323, 424.6546630859375, 90.98555755615234], [195.7671356201172, 0.0, 291.5044250488281, 144.61277770996094], [0.0, 0.0, 288.47296142578125, 182.43301391601562], [0.0068900990299880505, 0.02644658088684082, 5.150625228881836, 425.0], [0.1549556851387024, 99.61500549316406, 425.0, 425.0], [0.0, 0.0, 326.7425842285156, 