{"labels": [56, 63, 62, 73, 59, 57, 73, 73, 73, 73, 65, 73, 73, 73, 57, 73, 59, 59, 57, 73, 59, 73, 59, 63, 73, 62, 62, 62, 57, 59, 62, 73, 66, 63, 62, 63, 0, 0, 40, 66, 73, 62, 59, 0, 0, 0, 0, 73, 58, 62, 73, 73, 59, 73, 73, 73, 0, 62, 66, 0, 73, 56, 59, 73, 73, 64, 40, 56, 73, 56, 62, 73, 0, 64, 56, 73, 45, 56, 0, 73, 56, 65, 0, 15, 73, 65, 73, 73, 56, 60, 73, 73, 73, 56, 56, 59, 56, 56, 65, 65], "scores": [0.998141884803772, 0.9976353645324707, 0.9957637786865234, 0.8081393241882324, 0.7622634768486023, 0.38858863711357117, 0.38068532943725586, 0.32013604044914246, 0.2867294251918793, 0.28619539737701416, 0.2857491075992584, 0.26579993963241577, 0.20728902518749237, 0.1999436765909195, 0.15378262102603912, 0.134073868393898, 0.12542733550071716, 0.11766190081834793, 0.11730135232210159, 0.11155364662408829, 0.1093239113688469, 0.10543158650398254, 0.10447978228330612, 0.10247811675071716, 0.10065381228923798, 0.10009847581386566, 0.09426847100257874, 0.08671901375055313, 0.0838695615530014, 0.0834229364991188, 0.07887165248394012, 0.0773250013589859, 0.07392791658639908, 0.07116054743528366, 0.06490848958492279, 0.06433243304491043, 0.06269033253192902, 0.0617225244641304, 0.061403580009937286, 0.06124906241893768, 0.0601816289126873, 0.057155635207891464, 0.049314361065626144, 0.04315480962395668, 0.042697928845882416, 0.0416305810213089, 0.04002371057868004, 0.03996458649635315, 0.03958277031779289, 0.03893059864640236, 0.03887070342898369, 0.03848118335008621, 0.03799288347363472, 0.03535239025950432, 0.034612078219652176, 0.034268271178007126, 0.03420519083738327, 0.033101487904787064, 0.03247866407036781, 0.032429736107587814, 0.031865332275629044, 0.030083613470196724, 0.02980371005833149, 0.029192620888352394, 0.028753632679581642, 0.02735787257552147, 0.02591453120112419, 0.025752974674105644, 0.025584353134036064, 0.025568930432200432, 0.025503292679786682, 0.023344052955508232, 0.020102566108107567, 0.020067987963557243, 0.019615694880485535, 0.01954660192131996, 0.019102362915873528, 0.019041812047362328, 0.018146272748708725, 0.01717899553477764, 0.015755480155348778, 0.015553124248981476, 0.015084877610206604, 0.014978284016251564, 0.014059248380362988, 0.012203969992697239, 0.009318085387349129, 0.009160937741398811, 0.009055876173079014, 0.008822346106171608, 0.007087703328579664, 0.006728259846568108, 0.00655917776748538, 0.006554658059030771, 0.0064431908540427685, 0.006331064272671938, 0.006240074057132006, 0.00495188357308507, 0.0014645123155787587, 0.0006694161565974355], "bboxes": [[68.43724822998047, 119.7949447631836, 222.79319763183594, 293.3161926269531], [0.20152218639850616, 252.74427795410156, 173.7074432373047, 424.6748962402344], [335.7583312988281, 20.22874641418457, 425.0, 161.4539794921875], [0.0, 198.45326232910156, 27.967702865600586, 254.65956115722656], [154.275146484375, 333.8465270996094, 425.0, 424.62890625], [68.23869323730469, 120.30546569824219, 222.51454162597656, 289.9912109375], [22.3726863861084, 192.6981201171875, 42.18883514404297, 231.3249969482422], [77.29369354248047, 146.19873046875, 96.84038543701172, 159.61671447753906], [3.4977834224700928, 195.92486572265625, 29.245296478271484, 227.07667541503906], [84.9923324584961, 142.1608428955078, 101.7476577758789, 154.75015258789062], [0.028696376830339432, 252.56991577148438, 29.79349136352539, 266.0393371582031], [90.34721374511719, 142.60519409179688, 105.91890716552734, 157.42945861816406], [0.36037978529930115, 193.79495239257812, 26.611242294311523, 222.7297821044922], [10.583702087402344, 193.94207763671875, 36.534942626953125, 237.73887634277344], [57.02751159667969, 119.54756164550781, 227.73175048828125, 292.36297607421875], [0.018378347158432007, 195.51663208007812, 31.726383209228516, 263.6217956542969], [0.003090500831604004, 304.39727783203125, 424.9947509765625, 424.1023864746094], [155.93402099609375, 233.5995330810547, 425.0, 425.0], [69.25785064697266, 118.51387786865234, 221.075439453125, 274.7966613769531], [0.05383836105465889, 191.8368682861328, 38.120994567871094, 256.2750244140625], [0.10621696710586548, 271.7547302246094, 425.0, 424.05596923828125], [52.124515533447266, 134.81719970703125, 109.19357299804688, 154.47911071777344], [153.22230529785156, 252.27418518066406, 425.0, 425.0], [0.0, 95.57479095458984, 169.20562744140625, 425.0], [0.0, 127.26498413085938, 28.236873626708984, 190.94113159179688], [0.4274073839187622, 267.5606689453125, 169.8707275390625, 423.81988525390625], [334.9722595214844, 18.90799331665039, 425.0, 190.57913208007812], [0.6493914723396301, 257.35870361328125, 173.31515502929688, 423.91046142578125], [69.58074951171875, 120.47222900390625, 216.29824829101562, 282.7022705078125], [153.4463653564453, 254.13882446289062, 425.0, 424.8045349121094], [332.2044372558594, 15.748774528503418, 425.0, 187.08914184570312], [0.004799221642315388, 176.80853271484375, 1.9427804946899414, 260.4397277832031], [0.0, 252.7494659423828, 44.262638092041016, 269.1976623535156], [0.0, 160.61685180664062, 167.30484008789062, 424.489013671875], [334.53399658203125, 18.761911392211914, 425.0, 215.64247131347656], [0.0, 234.75637817382812, 173.6268310546875, 425.0], [0.0034999684430658817, 96.67093658447266, 4.808380126953125, 421.3307800292969], [411.1425476074219, 42.198062896728516, 425.0, 125.52265930175781], [370.1818542480469, 93.67533874511719, 391.380615234375, 131.5615234375], [0.0, 251.3955535888672, 66.17318725585938, 266.13311767578125], [22.765560150146484, 148.06198120117188, 38.170589447021484, 167.91799926757812], [333.8795166015625, 17.666601181030273, 425.0, 220.93453979492188], [152.5252685546875, 327.40545654296875, 424.7805480957031, 425.0], [386.84564208984375, 46.38846206665039, 424.94403076171875, 129.13943481445312], [380.0352478027344, 40.99803161621094, 424.98651123046875, 128.22906494140625], [407.354736328125, 48.73680114746094, 425.0, 116.4660415649414], [418.3144836425781, 44.93239974975586, 425.0, 120.17018127441406], [211.41885375976562, 121.05123901367188, 234.05357360839844, 156.79360961914062], [0.004974170587956905, 94.8665771484375, 3.99210262298584, 258.9161376953125], [333.9424133300781, 17.751455307006836, 425.0, 242.70309448242188], [0.0, 105.35693359375, 6.1514787673950195, 116.76517486572266], [91.02659606933594, 133.61129760742188, 140.91680908203125, 154.93099975585938], [0.056743621826171875, 226.3984375, 425.0, 424.7273254394531], [0.0, 105.87836456298828, 6.6340413093566895, 187.36984252929688], [313.1023254394531, 238.9855194091797, 344.0494689941406, 254.97702026367188], [62.0319709777832, 141.9319305419922, 107.32626342773438, 244.13099670410156], [0.0, 58.00039291381836, 2.398996353149414, 365.306396484375], [330.7633972167969, 18.586423873901367, 425.0, 163.4710693359375], [16.93924331665039, 250.2410430908203, 112.93665313720703, 264.7712707519531], [418.008544921875, 37.2813606262207, 425.0, 239.4234161376953], [331.2835693359375, 33.663387298583984, 350.6250915527344, 46.929813385009766], [0.0, 113.20906829833984, 29.359182357788086, 254.5788116455078], [0.049245357513427734, 258.7370910644531, 425.0, 424.8325500488281], [315.5548400878906, 126.6070785522461, 328.2185974121094, 147.5691680908203], [315.0374450683594, 112.77503967285156, 329.7515869140625, 144.39927673339844], [36.13554763793945, 248.8738250732422, 110.10707092285156, 261.5227355957031], [367.2461853027344, 94.05252838134766, 387.6523132324219, 130.23329162597656], [0.0, 175.26614379882812, 1.7903538942337036, 377.21624755859375], [334.2691345214844, 18.539106369018555, 391.4945983886719, 51.33857727050781], [0.00034356489777565, 162.8636016845703, 2.0564253330230713, 309.2835998535156], [0.0, 212.31802368164062, 172.0170440673828, 424.8955078125], [324.06646728515625, 230.5741424560547, 373.6275634765625, 243.53466796875], [416.8505859375, 45.449806213378906, 425.0, 89.34168243408203], [44.1120491027832, 250.97532653808594, 108.93267059326172, 262.7050476074219], [0.0, 166.18399047851562, 