{"labels": [0, 2, 2, 2, 2, 37, 2, 2, 2, 7, 7, 0, 2, 7, 2, 2, 7, 2, 2, 2, 2, 2, 7, 2, 2, 2, 2, 2, 2, 2, 2, 7, 2, 2, 2, 7, 2, 7, 2, 2, 2, 2, 2, 2, 2, 2, 2, 2, 2, 2, 2, 10, 2, 10, 2, 2, 31, 2, 2, 2, 10, 0, 2, 2, 2, 0, 10, 2, 2, 10, 0, 0, 10, 10, 0, 31, 31, 0, 31, 0, 37, 31, 0, 37, 2, 37, 31, 0, 2, 37, 0, 37, 37, 0, 0, 0, 0, 0, 14, 0], "scores": [0.9984192848205566, 0.9683776497840881, 0.9577519297599792, 0.9464847445487976, 0.8894253373146057, 0.8852507472038269, 0.8207197785377502, 0.697223961353302, 0.5195820331573486, 0.4928499758243561, 0.4204695224761963, 0.2845020294189453, 0.25403639674186707, 0.24176354706287384, 0.20590737462043762, 0.20427542924880981, 0.1587492972612381, 0.15423080325126648, 0.13185451924800873, 0.129978209733963, 0.122810497879982, 0.11343664675951004, 0.11195377260446548, 0.10894365608692169, 0.09275751560926437, 0.08936803042888641, 0.08770114183425903, 0.08137761056423187, 0.0778110921382904, 0.07714145630598068, 0.07198809087276459, 0.06804909557104111, 0.06670550256967545, 0.06620276719331741, 0.06372471153736115, 0.06121280416846275, 0.05565641075372696, 0.053873926401138306, 0.05381379276514053, 0.05110124126076698, 0.04804488271474838, 0.04739511385560036, 0.04442194849252701, 0.04253765568137169, 0.04195224121212959, 0.040448207408189774, 0.03598644956946373, 0.035913050174713135, 0.03437715023756027, 0.034182026982307434, 0.030828790739178658, 0.030406681820750237, 0.02824724279344082, 0.028188176453113556, 0.02648276649415493, 0.02605322003364563, 0.023803221061825752, 0.022833285853266716, 0.02205643616616726, 0.021765803918242455, 0.018680989742279053, 0.01666584052145481, 0.016002768650650978, 0.015680018812417984, 0.01552228257060051, 0.015198590233922005, 0.01510384026914835, 0.014308272860944271, 0.01324144285172224, 0.011670663952827454, 0.011315939947962761, 0.010368559509515762, 0.00926837045699358, 0.009112226776778698, 0.009046236984431744, 0.009002821519970894, 0.008957003243267536, 0.007815259508788586, 0.0074453894048929214, 0.007105443626642227, 0.006112851668149233, 0.005519604776054621, 0.004255494102835655, 0.004141831770539284, 0.004045225214213133, 0.0039587486535310745, 0.0037613753229379654, 0.0032442209776490927, 0.0032142119016498327, 0.0028863034676760435, 0.0027280787471681833, 0.0020812225993722677, 0.0017078062519431114, 0.0016632890328764915, 0.0008586737676523626, 0.0007528418791480362, 0.0007016808958724141, 0.0006390870548784733, 0.000632684153970331, 0.0003703894035425037], "bboxes": [[140.11514282226562, 172.4306640625, 214.6695098876953, 234.68789672851562], [328.83135986328125, 292.7196350097656, 349.7048034667969, 302.8125], [297.24456787109375, 286.8222961425781, 316.2891540527344, 296.1676025390625], [410.539306640625, 293.8528747558594, 425.0, 300.7348937988281], [353.5133361816406, 290.9107360839844, 366.4678039550781, 300.16351318359375], [129.05740356445312, 158.56619262695312, 195.24794006347656, 212.9904327392578], [351.158935546875, 291.1099548339844, 364.4501953125, 300.3104248046875], [356.0041198730469, 291.11114501953125, 368.16925048828125, 300.2052307128906], [352.3218994140625, 291.4184875488281, 365.4156799316406, 300.4559631347656], [328.7528991699219, 293.1796875, 347.52911376953125, 303.37823486328125], [329.9198913574219, 291.7839660644531, 351.0418395996094, 301.59674072265625], [179.607666015625, 371.9949951171875, 191.67193603515625, 390.5372314453125], [328.2354431152344, 292.67852783203125, 348.64739990234375, 302.2198486328125], [329.4013366699219, 292.3416748046875, 349.9617919921875, 301.5415344238281], [66.87476348876953, 293.2234802246094, 73.3631820678711, 299.1326599121094], [351.07293701171875, 292.5614318847656, 363.7635192871094, 301.0337829589844], [289.56866455078125, 287.1477966308594, 314.39410400390625, 297.4001159667969], [329.6588439941406, 294.4573669433594, 345.9344177246094, 303.30767822265625], [363.7740173339844, 291.0726013183594, 375.9969787597656, 300.6083068847656], [414.7087097167969, 295.2200927734375, 425.0, 301.7537841796875], [363.1458740234375, 291.13525390625, 373.8263854980469, 299.9814758300781], [350.44158935546875, 290.41107177734375, 362.6457824707031, 299.44677734375], [353.3599548339844, 290.0185546875, 364.6041259765625, 298.4383544921875], [327.9016418457031, 290.9772644042969, 344.982177734375, 299.363525390625], [417.32611083984375, 289.5366516113281, 425.0, 299.6165771484375], [340.1360168457031, 289.98077392578125, 352.0987548828125, 297.6434326171875], [328.0391540527344, 293.7197265625, 344.3873596191406, 302.1304016113281], [300.7994079589844, 288.034912109375, 318.0940246582031, 296.63031005859375], [36.0908317565918, 282.8773193359375, 55.1126708984375, 292.0990295410156], [354.4320373535156, 292.4888610839844, 368.1169128417969, 301.3519592285156], [411.2650146484375, 295.9859619140625, 425.0, 302.5118103027344], [301.2842102050781, 287.8107604980469, 318.0053405761719, 296.34088134765625], [423.8540954589844, 284.765380859375, 425.0, 301.97833251953125], [362.7817077636719, 291.2893981933594, 373.633544921875, 300.3424377441406], [338.202880859375, 292.6004638671875, 355.70703125, 301.4237976074219], [294.52154541015625, 287.4582214355469, 316.83465576171875, 297.3713684082031], [33.82681655883789, 280.2455749511719, 51.64731216430664, 289.0662536621094], [347.0755615234375, 291.0089416503906, 358.9847717285156, 299.492431640625], [39.24995040893555, 279.8818054199219, 55.81141662597656, 288.2939147949219], [336.56036376953125, 293.3656311035156, 352.4045715332031, 301.80670166015625], [19.164825439453125, 283.5079040527344, 47.794158935546875, 294.0187072753906], [301.3413391113281, 287.4705810546875, 315.91986083984375, 295.9216003417969], [419.8533630371094, 277.6701354980469, 425.0, 295.8927001953125], [410.99835205078125, 294.631103515625, 425.0, 302.3849792480469], [66.4316177368164, 292.1910400390625, 72.3377685546875, 297.5643005371094], [66.38653564453125, 293.57843017578125, 72.38816833496094, 299.03387451171875], [80.70862579345703, 289.91546630859375, 93.62081146240234, 299.67327880859375], [64.5989990234375, 293.05938720703125, 71.86016845703125, 298.9985046386719], [69.2549819946289, 292.6186828613281, 75.52469635009766, 298.3273010253906], [68.20917510986328, 293.94134521484375, 74.61785888671875, 299.6925964355469], [344.88433837890625, 289.57183837890625, 354.3686218261719, 297.1575622558594], [179.1460723876953, 372.640625, 189.24166870117188, 389.68328857421875], [79.0628662109375, 288.4344787597656, 95.33795928955078, 299.0493469238281], [177.74118041992188, 371.31414794921875, 189.87966918945312, 390.2130126953125], [39.2410888671875, 284.8813781738281, 61.35491943359375, 294.4306335449219], [306.7428283691406, 286.1805725097656, 319.1800537109375, 294.7631530761719], [130.0133514404297, 161.3666229248047, 191.3570556640625, 213.0169219970703], [38.25339889526367, 290.2464599609375, 54.015838623046875, 298.1986083984375], [295.48065185546875, 284.72149658203125, 309.61456298828125, 293.80584716796875], [0.15641385316848755, 280.72406005859375, 40.95945739746094, 296.2342224121094], [181.26243591308594, 372.18408203125, 190.81488037109375, 388.8382568359375], [133.1104736328125, 161.48377990722656, 218.46861267089844, 252.26116943359375], [400.4024353027344, 280.794677734375, 411.9450988769531, 296.8542175292969], [0.0, 277.9646911621094, 2.245797872543335, 305.0922546386719], [276.5199279785156, 283.14202880859375, 294.5698547363281, 295.2147216796875], [126.0088119506836, 158.24351501464844, 318.0314636230469, 240.94601440429688], [177.32958984375, 372.2785339355469, 188.00491333007812, 390.04669189453125], [0.00017890706658363342, 265.0732727050781, 7.481922149658203, 289.7898254394531], [423.1914978027344, 267.2228088378906, 425.0, 297.1080017089844], [183.2838897705078, 372.9781188964844, 192.619384765625, 389.8212585449219], [141.62994384765625, 164.91114807128906, 210.2054443359375, 225.76373291015625], [129.4866943359375, 142.3012237548828, 216.1775665283203, 