{"labels": [7, 2, 2, 2, 2, 2, 2, 2, 2, 2, 2, 2, 2, 2, 2, 2, 2, 9, 2, 2, 9, 2, 2, 9, 7, 0, 9, 0, 7, 2, 7, 9, 7, 2, 2, 0, 10, 10, 2, 10, 0, 10, 0, 2, 0, 2, 10, 10, 0, 2, 2, 10, 0, 7, 0, 2, 0, 14, 0, 4, 2, 2, 14, 2, 0, 2, 14, 2, 2, 2, 14, 7, 2, 0, 2, 14, 2, 2, 0, 36, 0, 7, 2, 7, 2, 0, 7, 14, 0, 14, 14, 2, 14, 2, 7, 0, 14, 4, 7, 9], "scores": [0.9963865280151367, 0.9744541645050049, 0.675605297088623, 0.6247225403785706, 0.4273777902126312, 0.3618677258491516, 0.3225175142288208, 0.2786858081817627, 0.2742031216621399, 0.264589786529541, 0.2499808520078659, 0.2398000955581665, 0.1907505840063095, 0.17150214314460754, 0.16071845591068268, 0.1342345029115677, 0.07750549912452698, 0.04788636788725853, 0.0430992990732193, 0.03906755521893501, 0.03736602142453194, 0.036442991346120834, 0.033289872109889984, 0.029344744980335236, 0.025321422144770622, 0.023750409483909607, 0.022263256832957268, 0.021068193018436432, 0.017810620367527008, 0.015526038594543934, 0.015442807227373123, 0.013585721142590046, 0.010453920811414719, 0.009189652279019356, 0.00864389818161726, 0.00811363011598587, 0.0080637838691473, 0.007695071864873171, 0.007611311972141266, 0.006892968434840441, 0.006746106315404177, 0.006286643445491791, 0.006144857034087181, 0.0061221253126859665, 0.006016931030899286, 0.005934786982834339, 0.005841999780386686, 0.005819650366902351, 0.005641747731715441, 0.005587066989392042, 0.005494530312716961, 0.005206658039242029, 0.004517402034252882, 0.004487429279834032, 0.0043944926001131535, 0.0040741064585745335, 0.003463649656623602, 0.003354688873514533, 0.003323720768094063, 0.0032774482388049364, 0.003078334266319871, 0.0029463886748999357, 0.00291991769336164, 0.0028921219054609537, 0.0028767846524715424, 0.002731272019445896, 0.0027062383014708757, 0.002636861754581332, 0.0024309123400598764, 0.0023605593014508486, 0.0021198021713644266, 0.0019757915288209915, 0.0019159421790391207, 0.0017531830817461014, 0.001698744366876781, 0.0015928258653730154, 0.001587995677255094, 0.00148051418364048, 0.0014431357849389315, 0.0013573340838775039, 0.001335454755462706, 0.0012890280922874808, 0.0011684609344229102, 0.0010110677685588598, 0.0009367963648401201, 0.0008905668510124087, 0.0008670627139508724, 0.0008637197897769511, 0.0008627530187368393, 0.0008389536524191499, 0.0007664610748179257, 0.0007435055449604988, 0.0007071527652442455, 0.000492148450575769, 0.0003906049532815814, 0.0003701968817040324, 0.00022418242588173598, 0.00015644375525880605, 0.00015465167234651744, 8.120978600345552e-05], "bboxes": [[0.06938427686691284, 137.43438720703125, 425.0, 376.2402038574219], [401.12335205078125, 204.8800811767578, 425.0, 220.1494140625], [396.57611083984375, 205.19998168945312, 411.18463134765625, 214.065185546875], [394.9573974609375, 203.51390075683594, 407.3630676269531, 211.23635864257812], [399.9737548828125, 204.262939453125, 420.49755859375, 214.371826171875], [399.87890625, 203.0159912109375, 411.67816162109375, 210.35301208496094], [390.02685546875, 203.95254516601562, 401.41790771484375, 211.38478088378906], [393.2664794921875, 203.80628967285156, 406.01397705078125, 211.808349609375], [394.21661376953125, 202.49411010742188, 404.6945495605469, 209.26632690429688], [415.6602783203125, 205.74241638183594, 425.0, 221.57981872558594], [420.7478942871094, 204.5465545654297, 425.0, 221.73370361328125], [416.2982482910156, 204.31552124023438, 425.0, 216.7972412109375], [388.10443115234375, 203.6445770263672, 404.1044006347656, 213.42218017578125], [410.7701721191406, 208.07101440429688, 425.0, 220.77366638183594], [391.446533203125, 203.21160888671875, 425.0, 216.7588348388672], [396.5163879394531, 202.66452026367188, 423.9630432128906, 214.4385986328125], [399.6536560058594, 201.6361846923828, 425.0, 220.9589080810547], [422.4666442871094, 125.31442260742188, 425.0, 139.62130737304688], [423.75457763671875, 144.31918334960938, 425.0, 200.23934936523438], [421.7281494140625, 127.71598052978516, 425.0, 202.2365264892578], [421.5381164550781, 127.5396728515625, 425.0, 139.2058563232422], [421.27459716796875, 134.2132568359375, 425.0, 197.2696990966797], [422.2087097167969, 126.13941192626953, 425.0, 143.05050659179688], [420.931640625, 125.07041931152344, 425.0, 139.58116149902344], [420.5693054199219, 103.14201354980469, 425.0, 216.87493896484375], [421.64288330078125, 38.803504943847656, 425.0, 392.4878234863281], [421.63970947265625, 76.21903991699219, 425.0, 176.49072265625], [419.79473876953125, 93.40914154052734, 425.0, 406.4971008300781], [421.11859130859375, 86.13543701171875, 425.0, 339.6466979980469], [420.5186767578125, 135.04135131835938, 425.0, 189.62538146972656], [421.0692138671875, 89.7896499633789, 425.0, 198.6097869873047], [421.6896057128906, 103.14081573486328, 425.0, 135.1002655029297], [0.05180388689041138, 48.74653244018555, 425.0, 381.64422607421875], [0.05666762590408325, 117.98262023925781, 425.0, 377.0581970214844], [0.0, 137.91302490234375, 424.9822692871094, 368.8111572265625], [421.72430419921875, 27.548053741455078, 425.0, 393.6632080078125], [270.84393310546875, 421.49652099609375, 326.5663146972656, 425.0], [263.9408874511719, 422.1736145019531, 338.2790222167969, 424.99298095703125], [0.0, 138.42991638183594, 424.9537048339844, 363.0772399902344], [275.57342529296875, 421.2452697753906, 322.99639892578125, 425.0], [290.1977233886719, 157.2412872314453, 319.1152648925781, 200.23464965820312], [238.3040313720703, 422.9905700683594, 345.26678466796875, 424.99407958984375], [291.2732849121094, 156.75698852539062, 317.6833801269531, 192.81350708007812], [0.0, 139.24537658691406, 424.92742919921875, 358.3747253417969], [267.7214050292969, 157.0419921875, 295.9749755859375, 191.5559539794922], [0.0, 138.926025390625, 424.9432678222656, 357.86077880859375], [253.10610961914062, 421.09429931640625, 341.0140686035156, 424.9938049316406], [255.29234313964844, 420.83441162109375, 362.8218688964844, 425.0], [422.9641418457031, 311.91705322265625, 424.99822998046875, 404.0126647949219], [387.3168640136719, 204.7234344482422, 425.0, 368.9547424316406], [0.0, 141.0017547607422, 424.96533203125, 368.889892578125], [263.7628173828125, 421.82122802734375, 325.1500549316406, 424.99285888671875], [420.9352111816406, 371.322021484375, 425.0, 423.30694580078125], [0.012032687664031982, 139.39332580566406, 424.9999694824219, 313.5106506347656], [269.8614196777344, 154.35096740722656, 317.31781005859375, 209.38722229003906], [0.0, 191.7052764892578, 3.144639253616333, 214.69757080078125], [418.35223388671875, 360.34112548828125, 425.0, 422.6212463378906], [77.30703735351562, 150.9356231689453, 131.82711791992188, 191.97828674316406], [418.3830261230469, 318.28533935546875, 425.0, 425.0], [199.16567993164062, 121.03158569335938, 425.0, 215.5889129638672], [0.0, 236.97308349609375, 4.188304901123047, 310.6963195800781], [0.0, 248.16842651367188, 2.6691696643829346, 315.9774169921875], [97.26905059814453, 161.4181365966797, 145.4527130126953, 203.956787109375], [0.0, 249.3987274169922, 6.183239459991455, 317.28668212890625], [258.7872314453125, 156.5465545654297, 299.42401123046875, 202.92747497558594], [323.13714599609375, 172.45391845703125, 424.4043884277344, 207.0580596923828], [30.3093204498291, 156.586181640625, 67.70417785644531, 199.23985290527344], [0.0, 222.21922302246094, 0.8386881947517395, 309.7991943359375], [0.0, 251.90579223632812, 3.4314606189727783, 319.8214111328125], [0.014641880989074707, 139.4645538330078, 425.0, 361.3536071777344], [33.70703887939453, 147.12765502929688, 141.1861572265625, 212.91799926757812], [0.09512156248092651, 97.27639770507812, 425.0, 375.1159362792969], [0.0, 138.91635131835938, 424.8782043457031, 338.33258056640625], [418.5196533203125, 83.03083038330078, 425.0, 277.4674987792969], [0.0, 140.48907470703125, 424.9834899902344, 340.0633544921875], [56.51364517211914, 156.3655242919922, 143.60067749023438, 208.62486267089844], [0.0, 185.9503631591797, 5.138133525848389, 250.63482666015625], 