{"labels": [6, 9, 9, 9, 9, 9, 9, 6, 9, 6, 6, 74, 6, 9, 74, 6, 6, 74, 74, 6, 6, 6, 74, 6, 74, 6, 6, 6, 9, 74, 6, 6, 6, 6, 6, 6, 6, 6, 6, 6, 6, 6, 6, 6, 6, 6, 6, 6, 6, 6, 6, 6, 0, 6, 6, 9, 6, 6, 0, 6, 6, 6, 0, 0, 6, 0, 6, 6, 9, 6, 6, 6, 6, 9, 6, 6, 6, 6, 6, 6, 6, 6, 0, 14, 0, 9, 0, 6, 6, 0, 6, 14, 6, 14, 6, 6, 0, 74, 0, 6], "scores": [0.998594343662262, 0.02531941793859005, 0.022144028916954994, 0.022050147876143456, 0.017732281237840652, 0.017337769269943237, 0.016463417559862137, 0.01140734925866127, 0.010249052196741104, 0.010016880929470062, 0.009955930523574352, 0.008901046589016914, 0.008861926384270191, 0.008823656477034092, 0.008706066757440567, 0.008612760342657566, 0.008021622896194458, 0.00774939451366663, 0.0075349160470068455, 0.006814439781010151, 0.006730302702635527, 0.006667173467576504, 0.006180341821163893, 0.006052698474377394, 0.005663569085299969, 0.005602791905403137, 0.005590370856225491, 0.00521171186119318, 0.005204489454627037, 0.005109637975692749, 0.00486645707860589, 0.004796342924237251, 0.004511681850999594, 0.004465402569621801, 0.004405996762216091, 0.004182920325547457, 0.004040936473757029, 0.003600838128477335, 0.0031797029078006744, 0.0031048115342855453, 0.0028530715499073267, 0.002746150130406022, 0.002726422157138586, 0.002694015158340335, 0.0026730424724519253, 0.0025826406199485064, 0.0024384744465351105, 0.002348468406125903, 0.0022892379201948643, 0.0019588442519307137, 0.0017659069271758199, 0.001691312761977315, 0.0016687755705788732, 0.0016263688448816538, 0.0014414999168366194, 0.001395442639477551, 0.001352948835119605, 0.0013357392745092511, 0.0012817506212741137, 0.0012598356697708368, 0.001252531073987484, 0.001231232425197959, 0.001203465275466442, 0.0011654552072286606, 0.0011274619027972221, 0.0011222092434763908, 0.0011197529966011643, 0.0010679066181182861, 0.0009883260354399681, 0.000985396676696837, 0.0008548091864213347, 0.0008471281034871936, 0.0008265346405096352, 0.0008153864182531834, 0.0008017666987143457, 0.0006549457320943475, 0.0005998792476020753, 0.0005951151833869517, 0.0005869643064215779, 0.0005790779832750559, 0.0005762971704825759, 0.0005752235883846879, 0.000563020003028214, 0.000513277540449053, 0.00044843697105534375, 0.0004446124075911939, 0.0004357132129371166, 0.00042216709698550403, 0.00039001015829853714, 0.00031405765912495553, 0.0002946050954051316, 0.00028365044272504747, 0.00025868279044516385, 0.00022148634889163077, 0.00019683234859257936, 0.00015010067727416754, 0.0001317775167990476, 0.00010887181997532025, 9.359784598927945e-05, 2.7012274586013518e-05], "bboxes": [[0.2200208604335785, 29.989028930664062, 424.7920227050781, 321.7157897949219], [421.5363464355469, 192.01419067382812, 425.0, 202.9441680908203], [422.5973815917969, 192.26235961914062, 425.0, 203.49649047851562], [423.17034912109375, 190.66380310058594, 425.0, 203.2529296875], [420.8284606933594, 192.63641357421875, 425.0, 204.48634338378906], [423.82135009765625, 188.4875946044922, 425.0, 206.573486328125], [422.1343994140625, 193.76329040527344, 425.0, 205.89564514160156], [0.29760003089904785, 0.3912016749382019, 424.8802185058594, 387.0379943847656], [421.984619140625, 130.13853454589844, 425.0, 195.4619903564453], [420.8694152832031, 121.05715942382812, 425.0, 257.8203125], [419.07269287109375, 161.1245574951172, 425.0, 252.60560607910156], [63.357154846191406, 155.04739379882812, 73.18020629882812, 172.11668395996094], [422.5372314453125, 188.03941345214844, 425.0, 233.6466522216797], [422.70196533203125, 174.45730590820312, 425.0, 214.19725036621094], [66.17764282226562, 156.35211181640625, 75.51665496826172, 172.5615234375], [419.7238464355469, 164.64952087402344, 425.0, 257.287109375], [421.88079833984375, 181.23448181152344, 425.0, 218.74623107910156], [65.43209838867188, 155.45306396484375, 75.2828140258789, 172.3540802001953], [66.16729736328125, 154.8455352783203, 76.14491271972656, 171.94761657714844], [418.93902587890625, 164.8136444091797, 425.0, 281.4665222167969], [0.4659309983253479, 0.0, 424.6339111328125, 357.5931701660156], [420.52386474609375, 176.0863037109375, 425.0, 226.02047729492188], [67.74667358398438, 155.9084014892578, 76.88912963867188, 172.1128387451172], [0.2617552876472473, 1.1358730792999268, 424.1735534667969, 415.8880310058594], [65.36357116699219, 153.89352416992188, 75.21214294433594, 171.19644165039062], [420.4228210449219, 199.31271362304688, 425.0, 237.37464904785156], [420.57635498046875, 204.05223083496094, 425.0, 254.44354248046875], [4.769162178039551, 15.59421157836914, 407.06884765625, 312.9706726074219], [422.9459228515625, 211.90301513671875, 425.0, 235.60952758789062], [65.36476135253906, 153.34471130371094, 76.22411346435547, 172.35206604003906], [421.04241943359375, 102.79924774169922, 425.0, 404.90911865234375], [422.64031982421875, 92.5834732055664, 425.0, 307.93780517578125], [0.0, 37.31477355957031, 396.49505615234375, 305.9830627441406], [0.0764898955821991, 0.0, 425.0, 331.9501953125], [422.43017578125, 218.1864776611328, 425.0, 250.01402282714844], [421.5804138183594, 175.3721923828125, 425.0, 306.7667236328125], [416.9763488769531, 220.62315368652344, 425.0, 245.3805389404297], [0.0, 15.460395812988281, 420.2157287597656, 371.74493408203125], [0.0, 12.371793746948242, 424.33660888671875, 380.2210998535156], [423.39434814453125, 74.97724151611328, 425.0, 326.9093322753906], [419.307373046875, 74.1187515258789, 425.0, 257.53802490234375], [0.6322354078292847, 9.39666748046875, 423.8305969238281, 394.1302490234375], [418.064697265625, 221.6456756591797, 425.0, 243.83319091796875], [0.0, 38.455684661865234, 377.51641845703125, 304.5451965332031], [416.7033386230469, 217.980224609375, 425.0, 242.95484924316406], [0.0, 33.97063446044922, 356.7052001953125, 319.8692626953125], [0.17175078392028809, 2.0732574462890625, 424.9565124511719, 388.93817138671875], [0.0, 35.1115837097168, 363.4464416503906, 297.17254638671875], [0.8306354284286499, 33.62547302246094, 400.3035583496094, 280.33050537109375], [412.0004577636719, 206.1027374267578, 425.0, 258.56976318359375], [413.6392822265625, 217.02557373046875, 424.9895324707031, 256.3205261230469], [0.3019951283931732, 31.69783592224121, 351.0447692871094, 322.3800354003906], [420.4574279785156, 222.78590393066406, 425.0, 278.7035217285156], [414.43438720703125, 222.06219482421875, 425.0, 247.88711547851562], [223.1595916748047, 45.91635513305664, 421.96533203125, 283.7347106933594], [0.0, 169.36805725097656, 2.2051427364349365, 205.34310913085938], [78.5379638671875, 2.2722527980804443, 406.8143615722656, 268.5129699707031], [0.7281675934791565, 3.5490856170654297, 424.16876220703125, 321.84710693359375], [183.5814666748047, 170.37442016601562, 201.59738159179688, 208.52670288085938], [1.8451176881790161, 30.333253860473633, 404.8957214355469, 323.3166809082031], [403.9800109863281, 178.33706665039062, 425.0, 247.026611328125], [415.1933288574219, 223.07371520996094, 425.0, 255.46778869628906], [181.7362823486328, 170.78961181640625, 199.80491638183594, 208.529296875], [177.21990966796875, 169.77163696289062, 197.82044982910156, 207.51417541503906], [0.3170676529407501, 18.31907081604004, 424.70648193359375, 327.8821105957031], [181.13587951660156, 169.60426330566406, 199.6297149658203, 205.9072723388672], [0.8341692090034485, 100.6050796508789, 424.2809753417969, 272.73846435546875], [2.067861795425415, 19.426761627197266, 413.74359130859375, 330.5329895019531], [0.09035439789295197, 162.7853546142578, 20.809301376342773, 193.70433044433594], [0.624103844165802, 26.046537399291992, 424.8616943359375, 416.1846618652344], [0.3190942108631134, 7.109228610992432, 425.0, 395.3619079589844], [0.30821412801742554, 97.00971221923828, 424.7780456542969, 273.6751403808594], [409.062744140625, 222.1306915283203, 424.9679870605469, 254.05186462402344], [0.0, 150.80404663085938, 1.9237853288650513, 193.73971557617188], [0.18807724118232727, 80.63841247558594, 425.0, 328.2220764160156], [0.0, 