{"labels": [14, 45, 41, 58, 60, 45, 45, 60, 45, 45, 60, 60, 60, 60, 60, 60, 60, 60, 60, 58, 60, 60, 58, 60, 58, 60, 60, 60, 60, 58, 58, 58, 60, 58, 47, 60, 58, 60, 60, 58, 60, 45, 60, 47, 45, 58, 58, 58, 47, 58, 60, 60, 58, 45, 60, 60, 58, 60, 41, 45, 58, 60, 58, 60, 41, 45, 60, 45, 45, 58, 41, 58, 13, 45, 14, 41, 14, 58, 45, 13, 13, 14, 14, 58, 14, 14, 75, 14, 45, 58, 14, 58, 14, 14, 14, 58, 14, 45, 58, 58], "scores": [0.9974197149276733, 0.8292167782783508, 0.6519261002540588, 0.3753388226032257, 0.34531840682029724, 0.31487345695495605, 0.24959921836853027, 0.23442812263965607, 0.2255123257637024, 0.18769428133964539, 0.14276017248630524, 0.1350799798965454, 0.08444924652576447, 0.06981819868087769, 0.06777381151914597, 0.06467302143573761, 0.0625278502702713, 0.05958842486143112, 0.055144041776657104, 0.04649154096841812, 0.039351657032966614, 0.038515541702508926, 0.03826439753174782, 0.03718217834830284, 0.03660938888788223, 0.0355641208589077, 0.030510831624269485, 0.030233578756451607, 0.029187161475419998, 0.027485918253660202, 0.027239112183451653, 0.026082953438162804, 0.02605133131146431, 0.02523321844637394, 0.02511008083820343, 0.0243539996445179, 0.024330956861376762, 0.02283484861254692, 0.02233249507844448, 0.021926414221525192, 0.021648988127708435, 0.01868446357548237, 0.01835199072957039, 0.015357054769992828, 0.014773596078157425, 0.014750155620276928, 0.014174527488648891, 0.014070372097194195, 0.013078290969133377, 0.012416854500770569, 0.012226813472807407, 0.011565878055989742, 0.011420134454965591, 0.009261815808713436, 0.008248792961239815, 0.007290000561624765, 0.007074727211147547, 0.006711526308208704, 0.006634695455431938, 0.006081650964915752, 0.0056907194666564465, 0.005361219402402639, 0.005074464250355959, 0.004732623230665922, 0.004406758584082127, 0.003775715595111251, 0.0031955393496900797, 0.002898157574236393, 0.0026776937302201986, 0.002606256864964962, 0.0019145336700603366, 0.0017672776011750102, 0.0012603583745658398, 0.0012559228343889117, 0.0011806476395577192, 0.0010681158164516091, 0.0010329034412279725, 0.000998293748125434, 0.0009751410689204931, 0.0009527412476018071, 0.0008258232846856117, 0.0007348606013692915, 0.0006980552570894361, 0.0006457853596657515, 0.000606041809078306, 0.000595971243456006, 0.0005602285964414477, 0.0005583852180279791, 0.0004845930088777095, 0.0004257360124029219, 0.00041800292092375457, 0.0003711030294653028, 0.0003696925996337086, 0.00035810607369057834, 0.0003339253307785839, 0.0002857058425433934, 0.00025674086646176875, 0.0002395001210970804, 0.00019188318401575089, 0.00012952170800417662], "bboxes": [[44.15859603881836, 221.91336059570312, 164.9917755126953, 309.4158630371094], [262.5432434082031, 325.5265197753906, 425.0, 424.42266845703125], [0.0, 321.9508972167969, 82.68829345703125, 424.18096923828125], [155.39263916015625, 0.9031481742858887, 425.0, 300.73272705078125], [0.13509541749954224, 301.11517333984375, 425.0, 423.19244384765625], [0.0, 321.8984069824219, 84.14633178710938, 424.5676574707031], [0.0327257439494133, 320.444091796875, 83.54586029052734, 424.2563781738281], [0.11743903160095215, 296.8987731933594, 425.0, 423.20684814453125], [261.8478088378906, 326.1490173339844, 425.0, 424.8047180175781], [0.0, 320.1671447753906, 83.71580505371094, 424.249755859375], [0.11743903160095215, 287.11346435546875, 425.0, 423.5120544433594], [0.0764012336730957, 295.55657958984375, 425.0, 423.0410461425781], [0.13380348682403564, 340.64141845703125, 425.0, 424.2808837890625], [0.08058100938796997, 299.2347717285156, 425.0, 423.6337890625], [0.04058182239532471, 323.9768371582031, 425.0, 422.9957275390625], [0.07842779159545898, 304.67254638671875, 425.0, 424.1009216308594], [0.3641851246356964, 297.00433349609375, 299.6319580078125, 422.8835144042969], [128.88119506835938, 350.08978271484375, 423.5444641113281, 424.78607177734375], [0.10424107313156128, 290.92266845703125, 425.0, 421.9601745605469], [0.10454505681991577, 1.111769676208496, 425.0, 335.7048645019531], [0.0, 301.5540466308594, 301.7083740234375, 422.90423583984375], [0.14768540859222412, 296.28924560546875, 425.0, 424.16876220703125], [156.1561279296875, 0.3893144428730011, 425.0, 313.4273376464844], [0.08785128593444824, 288.5608825683594, 425.0, 393.14154052734375], [153.98068237304688, 0.0, 425.0, 354.8802185058594], [0.1346394419670105, 286.491943359375, 425.0, 423.0616760253906], [0.09990930557250977, 266.9601135253906, 425.0, 424.6768798828125], [64.84852600097656, 344.46484375, 295.0966491699219, 423.8342590332031], [0.3014504909515381, 301.7738342285156, 299.6535339355469, 422.61260986328125], [150.2714080810547, 0.0, 425.0, 356.4443359375], [0.05613565444946289, 2.6790969371795654, 425.0, 303.3330383300781], [18.168901443481445, 0.0, 425.0, 353.4792785644531], [262.3553771972656, 371.4623718261719, 424.7572326660156, 424.7682189941406], [43.01335144042969, 0.0, 423.821533203125, 355.9238586425781], [0.0, 396.2203063964844, 26.373571395874023, 424.84271240234375], [5.990657329559326, 334.853515625, 303.2413330078125, 424.3499450683594], [157.33016967773438, 0.5352139472961426, 425.0, 300.26043701171875], [2.068089723587036, 297.3172607421875, 309.72686767578125, 422.9480285644531], [0.09605884552001953, 287.9276123046875, 425.0, 374.07464599609375], [128.37091064453125, 1.2578591108322144, 425.0, 304.57159423828125], [0.11044740676879883, 292.4794921875, 425.0, 351.86480712890625], [261.3700866699219, 323.6521301269531, 425.0, 425.0], [259.7808532714844, 393.6430969238281, 424.7007141113281, 424.8648376464844], [0.006829341873526573, 389.3239440917969, 24.199296951293945, 424.9013977050781], [260.8562316894531, 322.25543212890625, 425.0, 425.0], [153.3572998046875, 0.3065548837184906, 425.0, 301.35870361328125], [0.16130134463310242, 1.520995020866394, 425.0, 306.1355285644531], [157.1706085205078, 0.3816768527030945, 425.0, 296.06500244140625], [0.012697651982307434, 390.78851318359375, 25.48848533630371, 424.84405517578125], [187.88565063476562, 1.0669066905975342, 424.2508544921875, 301.831787109375], [0.0, 299.3076171875, 304.6565246582031, 418.3424377441406], [0.6307787895202637, 295.5730895996094, 254.2920379638672, 422.86236572265625], [0.0814676284790039, 0.983931839466095, 425.0, 421.9774475097656], [269.06427001953125, 311.2052001953125, 424.98895263671875, 424.12139892578125], [272.8456115722656, 325.97845458984375, 425.0, 424.4839172363281], [294.3847351074219, 398.5599670410156, 424.3109130859375, 424.87359619140625], [225.39430236816406, 1.2815319299697876, 425.0, 302.8683776855469], [0.11548846960067749, 285.62335205078125, 425.0, 368.78240966796875], [278.6351623535156, 291.1383972167969, 424.7864685058594, 359.2096862792969], [266.47381591796875, 297.9909973144531, 425.0, 424.8815002441406], [156.87095642089844, 2.1774351596832275, 424.7944030761719, 421.9897766113281], [1.3016961812973022, 299.0235595703125, 226.7914276123047, 423.485595703125], [170.7411651611328, 0.0, 424.6297912597656, 293.0567932128906], [308.99029541015625, 408.08233642578125, 424.75213623046875, 424.9958190917969], [278.546630859375, 292.6935119628906, 424.75323486328125, 358.8496398925781], [0.0, 250.07327270507812, 83.89196014404297, 425.0], [339.37762451171875, 319.8487243652344, 425.0, 423.01617431640625], [403.522705078125, 370.1636657714844, 425.0, 423.3569641113281], [0.0, 253.09291076660156, 81.54476928710938, 425.0], [255.69796752929688, 1.5383347272872925, 425.0, 422.13427734375], [0.0336281955242157, 233.48614501953125, 83.12147521972656, 425.0], [231.5076904296875, 126.58729553222656, 425.0, 297.6297607421875], [0.08962452411651611, 244.57321166992188, 425.0, 315.53778076171875], [0.1519855111837387, 241.24839782714844, 82.78340148925781, 425.0], [43.487613677978516, 220.4026336669922, 174.78335571289062, 307.8296203613281], [0.24198368191719055, 183.39834594726562, 83.92625427246094, 423.744873046875], [38.46391296386719, 225.68167114257812, 92.0370864868164, 302.6300048828125], 