{"labels": [15, 2, 2, 7, 15, 2, 3, 3, 2, 2, 15, 2, 2, 2, 15, 2, 2, 2, 2, 2, 2, 15, 2, 2, 15, 2, 15, 2, 1, 2, 15, 2, 3, 2, 2, 16, 2, 15, 15, 16, 3, 3, 16, 3, 15, 2, 2, 2, 3, 2, 15, 1, 16, 16, 2, 1, 2, 3, 2, 1, 1, 2, 3, 15, 2, 2, 2, 3, 2, 56, 3, 2, 2, 2, 3, 3, 2, 2, 16, 2, 1, 2, 2, 2, 2, 2, 2, 3, 1, 0, 3, 2, 2, 2, 16, 2, 2, 0, 2, 0], "scores": [0.9769420027732849, 0.9054317474365234, 0.49659019708633423, 0.3998788893222809, 0.29057154059410095, 0.193568155169487, 0.17281968891620636, 0.16437162458896637, 0.10226292908191681, 0.08583130687475204, 0.07788559049367905, 0.07392358779907227, 0.07104352861642838, 0.06905926018953323, 0.06257900595664978, 0.05499347299337387, 0.047235455363988876, 0.04444663226604462, 0.04435111582279205, 0.039390623569488525, 0.030595112591981888, 0.02992318756878376, 0.029902692884206772, 0.029008449986577034, 0.02558737061917782, 0.025262683629989624, 0.023928843438625336, 0.02362707443535328, 0.023433543741703033, 0.022857971489429474, 0.022184789180755615, 0.022154686972498894, 0.021982209756970406, 0.021673526614904404, 0.021497180685400963, 0.02023373916745186, 0.020212693139910698, 0.020110031589865685, 0.01856723427772522, 0.018422704190015793, 0.01830868422985077, 0.017590226605534554, 0.01720449887216091, 0.016897769644856453, 0.016242342069745064, 0.015382346697151661, 0.015078265219926834, 0.014940572902560234, 0.013659550808370113, 0.012901396490633488, 0.012589453719556332, 0.012543080374598503, 0.012353864498436451, 0.011877193115651608, 0.01184868160635233, 0.011819516308605671, 0.010967294685542583, 0.00983245950192213, 0.009759471751749516, 0.009633881039917469, 0.009373458102345467, 0.008867253549396992, 0.008797820657491684, 0.007967425510287285, 0.007966158911585808, 0.007710747420787811, 0.006864554714411497, 0.006278386805206537, 0.006156140938401222, 0.005652784835547209, 0.005270546302199364, 0.005114383529871702, 0.00500719016417861, 0.004719117656350136, 0.004623397719115019, 0.004151809029281139, 0.004089208785444498, 0.003998425789177418, 0.0038885013200342655, 0.003769887378439307, 0.0036405541468411684, 0.0035565639846026897, 0.0035538519732654095, 0.0035248748026788235, 0.00307663856074214, 0.00289938785135746, 0.002395706018432975, 0.002246650867164135, 0.0022184415720403194, 0.001672934042289853, 0.0015516816638410091, 0.0015448170015588403, 0.0014740724582225084, 0.001337613444775343, 0.0011797555489465594, 0.0010372591204941273, 0.0010023234644904733, 0.0009804432047531009, 0.0008345397072844207, 0.0007770531228743494], "bboxes": [[165.5145263671875, 102.53951263427734, 307.9848937988281, 142.55860900878906], [0.05740225315093994, 0.05193054676055908, 425.0, 424.99945068359375], [0.4197634756565094, 263.20989990234375, 98.28031921386719, 424.6580810546875], [0.017757713794708252, 0.0, 425.0, 424.9559020996094], [116.78958892822266, 103.36934661865234, 306.43548583984375, 157.07894897460938], [0.5876574516296387, 280.691162109375, 110.80484008789062, 424.117919921875], [0.12146681547164917, 54.37016677856445, 425.0, 424.6986083984375], [0.1103714108467102, 49.96120071411133, 425.0, 424.2850341796875], [0.0, 0.0, 349.3621826171875, 146.12229919433594], [0.0, 0.5066014528274536, 349.92376708984375, 342.0993957519531], [162.9368896484375, 106.24748229980469, 218.7212677001953, 140.23622131347656], [0.45938900113105774, 188.11962890625, 99.20028686523438, 423.5380859375], [0.45332834124565125, 251.56727600097656, 109.4655532836914, 424.59503173828125], [0.048957206308841705, 296.0783386230469, 95.10465240478516, 424.7818908691406], [206.68093872070312, 105.65687561035156, 307.2549743652344, 140.29031372070312], [1.456563115119934, 279.8052062988281, 284.22357177734375, 425.0], [0.4326004385948181, 275.69952392578125, 111.53962707519531, 424.2845153808594], [0.0, 0.0, 352.1581726074219, 424.87994384765625], [0.0, 0.0, 350.4017028808594, 229.1293182373047], [0.0, 0.0, 350.4088134765625, 347.102294921875], [0.21908040344715118, 172.13380432128906, 99.63268280029297, 423.61956787109375], [203.19459533691406, 107.25971984863281, 303.9215393066406, 140.6378631591797], [0.0, 0.0, 350.4817199707031, 224.6547393798828], [0.0, 0.0, 348.15130615234375, 341.3476867675781], [114.72215270996094, 104.92913055419922, 304.17315673828125, 157.5983123779297], [0.1990143209695816, 49.422298431396484, 105.97113037109375, 425.0], [114.56098937988281, 105.8019027709961, 301.7843322753906, 154.5421905517578], [0.0, 128.12428283691406, 93.62959289550781, 424.3834533691406], [337.6790466308594, 274.3946228027344, 425.0, 424.0128173828125], [0.05631297826766968, 150.04885864257812, 425.0, 424.1269836425781], [160.1525421142578, 109.97395324707031, 218.04647827148438, 144.5993194580078], [1.7821803092956543, 289.9678955078125, 339.68310546875, 424.8204650878906], [0.18314066529273987, 0.0, 101.84888458251953, 424.9268798828125], [0.0, 0.0, 346.8814697265625, 157.20652770996094], [0.0, 0.0, 322.19342041015625, 105.91226196289062], [164.45225524902344, 103.01972961425781, 306.44757080078125, 145.24217224121094], [0.08341819047927856, 177.8255615234375, 425.0, 424.2481689453125], [115.14990234375, 103.9466323852539, 305.6083068847656, 152.27169799804688], [163.16122436523438, 104.45069122314453, 297.1373596191406, 144.3336944580078], [161.86883544921875, 102.54872131347656, 303.25360107421875, 144.44161987304688], [0.13220757246017456, 52.27195739746094, 425.0, 422.6398620605469], [0.10750889778137207, 43.96604919433594, 425.0, 424.4668273925781], [173.90399169921875, 103.10980987548828, 304.06805419921875, 142.0557098388672], [0.06431788206100464, 0.3987126052379608, 425.0, 424.1345520019531], [166.3531036376953, 104.572509765625, 236.8710174560547, 141.48516845703125], [8.050399780273438, 0.0, 310.2602844238281, 64.93932342529297], [0.10324046015739441, 50.83056640625, 425.0, 423.8057861328125], [0.0, 0.6892133355140686, 364.7083740234375, 166.55633544921875], [0.0294610857963562, 185.7054901123047, 425.0, 424.6952819824219], [0.0, 1.1172794103622437, 352.73394775390625, 197.88641357421875], [205.96189880371094, 104.70549011230469, 300.2090148925781, 135.43304443359375], [343.5020446777344, 271.5119934082031, 424.75921630859375, 347.67169189453125], [163.60430908203125, 103.81658172607422, 308.7897033691406, 150.50204467773438], [164.54127502441406, 101.59512329101562, 333.482666015625, 147.68490600585938], [377.9710388183594, 48.0345573425293, 424.94146728515625, 155.05929565429688], [0.0, 0.5947060585021973, 105.99633026123047, 119.24518585205078], [0.0, 1.2460037469863892, 424.94781494140625, 193.51405334472656], [2.9477171897888184, 14.180395126342773, 291.4964904785156, 422.5506591796875], [0.01319795846939087, 2.3191168308258057, 425.0, 278.3255920410156], [341.613037109375, 140.0670166015625, 424.9744873046875, 423.5266418457031], [346.6562194824219, 181.7246551513672, 425.0, 424.3407287597656], [0.07075220346450806, 81.85792541503906, 425.0, 423.7065124511719], [0.03219693899154663, 261.2261962890625, 425.0, 424.204833984375], [115.16107940673828, 131.90504455566406, 208.17193603515625, 153.70941162109375], [11.128652572631836, 0.0, 339.68963623046875, 142.25784301757812], [368.9474182128906, 0.3460980951786041, 424.9866943359375, 179.24278259277344], [0.009224796667695045, 0.7439873814582825, 13.057289123535156, 203.8065185546875], [317.07904052734375, 0.14907866716384888, 424.5509033203125, 425.0], [398.18072509765625, 4.213948726654053, 425.0, 280.17376708984375], [307.18511962890625, 273.79833984375, 424.9709777832031, 424.16497802734375], [312.41949462890625, 57.658992767333984, 425.0, 425.0], [0.0, 43.90176010131836, 13.794821739196777, 181.62583923339844], [420.8079833984375, 77.0610122680664, 425.0, 185.1131591796875], [0.7857915163040161, 0.0, 117.644775390625, 34.154380798339844], [315.8469543457031, 62.00543975830078, 424.9682312011719, 424.3191833496094], [65.40374755859375, 252.31158447265625, 351.7414855957031, 423.54925537109375], [0.0, 49.0373420715332, 15.086572647094727, 193.02362060546875], 