{"labels": [0, 37, 37, 37, 37, 37, 37, 37, 37, 37, 14, 37, 37, 37, 37, 37, 37, 37, 37, 37, 37, 37, 37, 37, 37, 37, 37, 37, 37, 37, 14, 14, 37, 37, 37, 37, 14, 14, 14, 37, 37, 14, 37, 37, 37, 14, 37, 37, 37, 37, 37, 37, 37, 37, 37, 37, 37, 14, 37, 0, 37, 14, 37, 37, 37, 0, 37, 37, 37, 37, 14, 14, 37, 0, 0, 37, 37, 0, 0, 37, 0, 37, 0, 37, 0, 37, 37, 0, 37, 14, 37, 37, 37, 37, 37, 0, 37, 37, 37, 37], "scores": [0.9990293979644775, 0.9865802526473999, 0.585493266582489, 0.1959782987833023, 0.16894282400608063, 0.15181733667850494, 0.12664291262626648, 0.09265541285276413, 0.08734078705310822, 0.08437246084213257, 0.06184612587094307, 0.06148645654320717, 0.050719961524009705, 0.04650690406560898, 0.04269065707921982, 0.03939831629395485, 0.0388973169028759, 0.03554532676935196, 0.03419205918908119, 0.033390261232852936, 0.02675098553299904, 0.026685528457164764, 0.022288547828793526, 0.022009875625371933, 0.021441491320729256, 0.020818259567022324, 0.02005527913570404, 0.01454449724406004, 0.013346648775041103, 0.012741302140057087, 0.011707342229783535, 0.011173341423273087, 0.010647672228515148, 0.010592619888484478, 0.010292204096913338, 0.009667173027992249, 0.009658785536885262, 0.009224941954016685, 0.00794467143714428, 0.007674983236938715, 0.007661500014364719, 0.0075060282833874226, 0.0074099893681705, 0.007293615024536848, 0.006983569823205471, 0.0067271082662045956, 0.006492020096629858, 0.0064919753931462765, 0.006357855629175901, 0.005942946765571833, 0.005930157378315926, 0.005306181497871876, 0.005102286580950022, 0.005096209701150656, 0.0045831408351659775, 0.004022697452455759, 0.003996601328253746, 0.0038264163304120302, 0.003436345374211669, 0.003369975835084915, 0.0031596345361322165, 0.0030267334077507257, 0.002957385266199708, 0.0027581211179494858, 0.002747060265392065, 0.0027216162998229265, 0.002647658344358206, 0.0024823297280818224, 0.002378295874223113, 0.0023003178648650646, 0.002162604359909892, 0.002138542477041483, 0.0019835345447063446, 0.001963338814675808, 0.0019502794602885842, 0.0017889970913529396, 0.001786273904144764, 0.0017393435118719935, 0.0016230172477662563, 0.001592153450474143, 0.001529855071566999, 0.001325985649600625, 0.0012960507301613688, 0.0012851813808083534, 0.0011178592685610056, 0.0011154554085806012, 0.001078723929822445, 0.0010669194161891937, 0.001055220258422196, 0.001045804237946868, 0.0009285561973229051, 0.0009096626308746636, 0.0008234682027250528, 0.0008091997588053346, 0.0007864371873438358, 0.0007649664767086506, 0.0005212926771491766, 0.00046580407069996, 0.00046434305841103196, 0.00022684015857521445], "bboxes": [[262.103759765625, 204.031494140625, 395.08746337890625, 298.8709716796875], [366.87896728515625, 283.1822814941406, 425.0, 309.6524658203125], [289.76287841796875, 282.915771484375, 424.9167175292969, 311.46240234375], [290.7680969238281, 279.0955810546875, 424.841064453125, 312.40283203125], [295.6173095703125, 274.482666015625, 424.9542541503906, 311.88482666015625], [285.5603942871094, 283.9781494140625, 424.869384765625, 311.4725036621094], [265.8385925292969, 283.0220947265625, 424.57891845703125, 314.3097839355469], [291.72088623046875, 286.01995849609375, 424.82904052734375, 312.5813293457031], [284.6564025878906, 273.9395751953125, 424.650146484375, 313.05267333984375], [287.70599365234375, 282.087158203125, 424.7931213378906, 310.8180236816406], [261.4937744140625, 183.31736755371094, 271.645263671875, 204.59439086914062], [307.5230712890625, 286.0933532714844, 425.0, 311.89605712890625], [287.248779296875, 289.35687255859375, 368.85675048828125, 306.8636779785156], [368.0270690917969, 254.50946044921875, 425.0, 307.7728271484375], [289.4261474609375, 291.7998046875, 376.8497009277344, 309.76507568359375], [367.1473388671875, 247.80416870117188, 424.77166748046875, 308.1435546875], [308.7275390625, 267.96044921875, 424.8036804199219, 308.95428466796875], [275.80609130859375, 290.513671875, 370.1241149902344, 309.15167236328125], [374.21490478515625, 251.59747314453125, 424.86407470703125, 308.7108459472656], [367.8728942871094, 282.7436828613281, 424.9722900390625, 310.0341491699219], [365.2405700683594, 265.5054016113281, 424.7875061035156, 307.572265625], [49.46695327758789, 421.5821533203125, 90.13556671142578, 425.0], [34.99626159667969, 421.7071533203125, 98.95891571044922, 425.0], [54.554073333740234, 421.014892578125, 91.4820327758789, 425.0], [6.296578884124756, 420.76922607421875, 90.44845581054688, 425.0], [1.4409966468811035, 422.077392578125, 90.40953063964844, 425.0], [351.7535400390625, 279.02044677734375, 424.7523498535156, 307.3240051269531], [43.124778747558594, 420.094482421875, 93.49834442138672, 424.9916076660156], [0.47557613253593445, 421.33001708984375, 109.82340240478516, 424.9985656738281], [29.894426345825195, 421.2967834472656, 109.68731689453125, 425.0], [239.4783172607422, 189.7619171142578, 272.3033142089844, 205.08328247070312], [248.0000762939453, 182.0270233154297, 273.05816650390625, 206.505615234375], [416.1495361328125, 283.31072998046875, 425.0, 314.0866394042969], [1.581538438796997, 421.5107421875, 83.94153594970703, 425.0], [0.0, 420.9187316894531, 104.07331085205078, 424.99114990234375], [279.21051025390625, 224.6669158935547, 424.5867004394531, 310.41986083984375], [262.8560485839844, 182.8275146484375, 270.8677978515625, 200.37802124023438], [262.2059631347656, 183.0819854736328, 271.05126953125, 200.72235107421875], [261.34027099609375, 182.7923583984375, 271.3258361816406, 202.43307495117188], [398.2565612792969, 213.41708374023438, 425.0, 308.2448425292969], [13.668246269226074, 274.2070617675781, 421.2137145996094, 319.47039794921875], [262.8277893066406, 183.83975219726562, 272.2696228027344, 203.27545166015625], [238.8558349609375, 211.67095947265625, 425.0, 303.8362121582031], [1.3138492107391357, 421.6398010253906, 134.09901428222656, 424.982421875], [409.83514404296875, 275.5589904785156, 425.0, 299.2262878417969], [261.58245849609375, 183.2796173095703, 273.4240417480469, 204.8885040283203], [0.0, 420.13385009765625, 111.31501770019531, 424.9603576660156], [420.3544921875, 266.7731018066406, 425.0, 301.50152587890625], [0.37941595911979675, 421.1950988769531, 169.5206756591797, 424.991943359375], [0.0, 417.9641418457031, 108.97903442382812, 424.95660400390625], [51.58883285522461, 422.5664367675781, 180.47352600097656, 424.9997863769531], [423.22308349609375, 276.58099365234375, 424.9974060058594, 314.4247741699219], [0.0, 420.56597900390625, 42.702144622802734, 424.9801025390625], [408.9080505371094, 256.5648193359375, 425.0, 291.5043029785156], [234.36814880371094, 195.40090942382812, 267.3611145019531, 206.61778259277344], [240.06100463867188, 195.235595703125, 267.78826904296875, 205.5630645751953], [244.0864715576172, 193.38392639160156, 271.3227844238281, 205.0317840576172], [259.3808288574219, 185.6785888671875, 272.4482727050781, 203.46942138671875], [0.0, 414.04852294921875, 127.01969146728516, 424.8582763671875], [7.788505554199219, 198.31826782226562, 416.29705810546875, 318.0055847167969], [388.7559814453125, 249.8898468017578, 414.208984375, 276.9232177734375], [263.1291809082031, 185.21778869628906, 273.6685485839844, 205.24171447753906], [241.40223693847656, 197.1812744140625, 405.7132263183594, 251.04049682617188], [240.41456604003906, 194.30242919921875, 267.6105651855469, 205.30929565429688], [237.54933166503906, 188.6746063232422, 274.1278991699219, 205.0064697265625], [224.842041015625, 195.6293487548828, 416.8787841796875, 311.69769287109375], [421.192138671875, 259.9340515136719, 425.0, 291.5449523925781], [0.0, 407.41448974609375, 68.00182342529297, 424.7928161621094], [233.891845703125, 184.7417449951172, 273.8452453613281, 206.5553436279297], [423.7151184082031, 233.86936950683594, 425.0, 296.95904541015625], [239.01467895507812, 183.7289581298828, 275.23199462890625, 205.8319549560547], [258.8861999511719, 183.3214874267578, 273.0789489746094, 205.30892944335938], [422.2929382324219, 