{"labels": [11, 2, 2, 2, 2, 2, 2, 2, 2, 2, 2, 2, 2, 2, 2, 2, 2, 2, 2, 2, 2, 2, 2, 2, 2, 2, 2, 2, 2, 2, 2, 2, 2, 2, 2, 2, 2, 2, 2, 2, 2, 2, 2, 2, 2, 2, 2, 2, 2, 2, 2, 2, 2, 2, 2, 2, 2, 2, 2, 2, 2, 2, 2, 2, 11, 2, 11, 2, 2, 2, 11, 2, 2, 1, 2, 2, 11, 11, 11, 2, 11, 11, 11, 2, 11, 11, 2, 11, 11, 11, 0, 11, 11, 11, 11, 2, 11, 11, 11, 16], "scores": [0.998029887676239, 0.8199255466461182, 0.16615991294384003, 0.16392768919467926, 0.1307533234357834, 0.13070718944072723, 0.12315353006124496, 0.11555672436952591, 0.11169499903917313, 0.0996309369802475, 0.09652075916528702, 0.09072387218475342, 0.08139346539974213, 0.08096085488796234, 0.07428673654794693, 0.06799698621034622, 0.06665485352277756, 0.06489434093236923, 0.0474860742688179, 0.04715225100517273, 0.03828626498579979, 0.03203652426600456, 0.030604567378759384, 0.02702440693974495, 0.026536736637353897, 0.02559804730117321, 0.02532471902668476, 0.024882657453417778, 0.024839501827955246, 0.020074620842933655, 0.0191800519824028, 0.0190960094332695, 0.018547894433140755, 0.0179863553494215, 0.017330467700958252, 0.017325323075056076, 0.01675991900265217, 0.016474241390824318, 0.01601593941450119, 0.015540913678705692, 0.01533643901348114, 0.014604674652218819, 0.014510013163089752, 0.014218726195394993, 0.014191051945090294, 0.013529934920370579, 0.011143234558403492, 0.010740131139755249, 0.010704124346375465, 0.009650866501033306, 0.008810373954474926, 0.008696199394762516, 0.00822831504046917, 0.00792613998055458, 0.007387538440525532, 0.0070003024302423, 0.006241197232156992, 0.005972560960799456, 0.005090593360364437, 0.0050444528460502625, 0.005043393466621637, 0.004962814971804619, 0.004661134909838438, 0.004552717320621014, 0.0044480268843472, 0.00409146910533309, 0.004042510408908129, 0.0036368288565427065, 0.003539708210155368, 0.0029919722583144903, 0.002949655521661043, 0.0028883633203804493, 0.002357965102419257, 0.0021576103754341602, 0.0017801803769543767, 0.0017649156507104635, 0.0017303823260590434, 0.0015562273329123855, 0.0015543492045253515, 0.0015270186122506857, 0.001482925727032125, 0.0013748480705544353, 0.0012863982701674104, 0.0012458167038857937, 0.0011929285246878862, 0.0011261154431849718, 0.000952979433350265, 0.0007945300894789398, 0.0007617021910846233, 0.0006798383546993136, 0.0006697542266920209, 0.0006555162253789604, 0.0006156144081614912, 0.00045745313400402665, 0.00040988263208419085, 0.00038913454045541584, 0.0003402004367671907, 0.00025949659175239503, 0.00018277463095728308, 0.00018005777383223176], "bboxes": [[5.653855800628662, 0.7946640253067017, 304.8398132324219, 265.302001953125], [352.50244140625, 290.7420654296875, 374.6037292480469, 301.8717346191406], [342.2632141113281, 290.35577392578125, 361.2996826171875, 301.1217956542969], [355.5307312011719, 290.697998046875, 373.5986633300781, 300.4364318847656], [336.2536315917969, 288.52435302734375, 358.2656555175781, 301.7294616699219], [358.65130615234375, 288.945068359375, 377.9814147949219, 300.63128662109375], [331.32135009765625, 289.6604919433594, 348.8467102050781, 301.9858703613281], [328.2179870605469, 288.45123291015625, 345.39349365234375, 301.7393493652344], [334.96905517578125, 286.4349060058594, 352.94891357421875, 298.7987976074219], [358.0625, 291.4039611816406, 375.41644287109375, 300.7959289550781], [336.0342712402344, 289.5639953613281, 359.2882995605469, 302.18072509765625], [366.6749267578125, 289.6274108886719, 383.3059387207031, 300.6386413574219], [365.6700134277344, 288.42449951171875, 381.88104248046875, 299.3121643066406], [324.69561767578125, 287.4405517578125, 339.7723083496094, 300.84197998046875], [419.4028015136719, 277.0859069824219, 425.0, 310.1326904296875], [347.92510986328125, 293.0654296875, 365.0376281738281, 302.3996887207031], [362.73443603515625, 290.9552001953125, 379.1844482421875, 301.0671081542969], [417.9206237792969, 266.2840270996094, 424.99786376953125, 308.9390869140625], [421.94854736328125, 253.3990478515625, 425.0, 311.0681457519531], [418.0260314941406, 276.7791442871094, 425.0, 314.468505859375], [337.6368103027344, 267.2373046875, 361.7478332519531, 289.71875], [326.0048828125, 257.1507568359375, 346.0840148925781, 273.4425964355469], [325.1526794433594, 253.96275329589844, 344.1343688964844, 268.411376953125], [347.7220458984375, 289.1688232421875, 384.4933776855469, 302.1484375], [335.1813659667969, 248.76133728027344, 354.6561279296875, 263.51751708984375], [387.7392883300781, 234.81622314453125, 418.63067626953125, 266.81689453125], [343.36669921875, 252.08262634277344, 362.5224609375, 266.8740234375], [404.771728515625, 232.9098663330078, 425.0, 288.6997375488281], [63.242759704589844, 257.4960021972656, 96.95320892333984, 283.7101745605469], [299.27020263671875, 279.93951416015625, 329.4736633300781, 302.6983947753906], [65.99651336669922, 253.5225372314453, 111.41117095947266, 278.4104919433594], [351.1161804199219, 264.7611389160156, 416.254638671875, 297.6874084472656], [68.50248718261719, 259.4320983886719, 93.40057373046875, 281.3704833984375], [384.3904113769531, 227.5604248046875, 425.0, 270.1205139160156], [376.1831359863281, 233.92547607421875, 424.870361328125, 296.19970703125], [418.8283386230469, 218.27870178222656, 425.0, 267.4394836425781], [301.6925964355469, 253.53594970703125, 328.658447265625, 272.7164611816406], [350.0827331542969, 243.77230834960938, 370.67742919921875, 260.80426025390625], [420.2547607421875, 210.15118408203125, 425.0, 318.0762023925781], [72.87223052978516, 260.24371337890625, 99.38276672363281, 281.2847900390625], [64.06375122070312, 259.5131530761719, 84.95137786865234, 280.75140380859375], [34.92576217651367, 256.4486999511719, 98.18323516845703, 284.59808349609375], [66.8003921508789, 261.960205078125, 90.97399139404297, 284.1029968261719], [72.2119140625, 256.442626953125, 113.47181701660156, 279.1424255371094], [38.85730743408203, 256.9912414550781, 82.02896881103516, 282.12738037109375], [63.842037200927734, 262.1822814941406, 85.26678466796875, 284.1446838378906], [63.28741455078125, 251.2921142578125, 109.5042724609375, 277.49468994140625], [89.74382781982422, 258.3387756347656, 108.4103775024414, 274.3929443359375], [287.7107849121094, 268.67938232421875, 320.6000061035156, 305.9889221191406], [366.4741516113281, 240.6017303466797, 394.1568298339844, 272.430908203125], [417.2003173828125, 216.12010192871094, 425.0, 375.3476257324219], [91.243896484375, 279.56268310546875, 371.69464111328125, 307.0063171386719], [25.969697952270508, 257.5050354003906, 47.08234786987305, 274.84954833984375], [95.4542465209961, 261.44207763671875, 112.28880310058594, 276.4757995605469], [330.1957092285156, 212.78379821777344, 355.36065673828125, 237.71673583984375], [0.0, 230.9371795654297, 8.196054458618164, 254.77259826660156], [259.5695495605469, 214.1055908203125, 301.0684509277344, 240.50225830078125], [0.0, 239.19032287597656, 6.170283794403076, 292.1324768066406], [0.02605670504271984, 230.8163604736328, 12.286544799804688, 254.74453735351562], [0.0, 228.30335998535156, 4.401790618896484, 253.7732391357422], [379.3763732910156, 240.18850708007812, 401.7398986816406, 278.02398681640625], [420.52215576171875, 276.05853271484375, 425.0, 394.74267578125], [116.65408325195312, 261.86639404296875, 137.15579223632812, 278.16534423828125], [117.08949279785156, 262.9639587402344, 134.6416015625, 277.3296203613281], [0.27213189005851746, 0.0, 46.58956527709961, 44.62035369873047], [117.20868682861328, 261.6641540527344, 134.93682861328125, 275.50628662109375], [0.3389006555080414, 0.0, 81.2555160522461, 38.84889221191406], [121.91525268554688, 262.46624755859375, 139.94862365722656, 276.5419616699219], [235.6571044921875, 272.68914794921875, 279.80682373046875, 301.7959899902344], [220.7564239501953, 310.2696533203125, 251.30860900878906, 333.91534423828125], [0.0, 0.6118494868278503, 77.14720916748047, 124.14828491210938], [254.7626495361328, 302.07061767578125, 299.2345886230469, 332.0885009765625], 