{"labels": [0, 79, 57, 57, 57, 57, 57, 57, 57, 57, 57, 57, 57, 0, 57, 0, 57, 57, 57, 57, 57, 57, 79, 57, 79, 79, 79, 79, 79, 57, 59, 57, 57, 79, 57, 57, 79, 57, 57, 79, 57, 57, 57, 79, 57, 57, 57, 57, 79, 79, 57, 79, 57, 57, 57, 57, 57, 79, 79, 79, 0, 79, 0, 57, 0, 57, 79, 79, 57, 57, 79, 57, 57, 57, 57, 79, 0, 79, 79, 0, 57, 0, 79, 57, 79, 79, 79, 57, 0, 0, 0, 57, 0, 79, 0, 56, 0, 0, 0, 0], "scores": [0.9986817240715027, 0.9973127245903015, 0.5552487969398499, 0.0464818999171257, 0.03762029483914375, 0.03715815022587776, 0.037131719291210175, 0.03220488503575325, 0.03092602640390396, 0.02338269352912903, 0.023135503754019737, 0.020966313779354095, 0.010464564897119999, 0.008920210413634777, 0.008389553055167198, 0.007328340783715248, 0.007303999271243811, 0.006329017225652933, 0.004095753189176321, 0.004040525760501623, 0.0034274677745997906, 0.0031733971554785967, 0.002842180198058486, 0.00268792943097651, 0.0026410790160298347, 0.0023486046120524406, 0.002085440792143345, 0.002005148446187377, 0.0019423853373154998, 0.0019174542976543307, 0.0018356915097683668, 0.0017927360022440553, 0.001673865015618503, 0.001627293648198247, 0.0016139009967446327, 0.0015121034812182188, 0.001429423107765615, 0.0014235895359888673, 0.0014161384897306561, 0.0013817651197314262, 0.0013674184447154403, 0.0013546001864597201, 0.0012760426616296172, 0.0012742119142785668, 0.0012678431812673807, 0.0012466424377635121, 0.0011971762869507074, 0.0011293076677247882, 0.0011167313205078244, 0.0009676172630861402, 0.000944230705499649, 0.0009408819605596364, 0.0009384492877870798, 0.0008331343997269869, 0.0008237173897214234, 0.0008140209247358143, 0.0007991178426891565, 0.0007456444436684251, 0.0007294618408195674, 0.000695010123308748, 0.0006792280473746359, 0.0006540741887874901, 0.0005887584993615746, 0.0005820008809678257, 0.0005712693091481924, 0.0005173362442292273, 0.0005070480401627719, 0.0005042453994974494, 0.000494235020596534, 0.0004934064345434308, 0.0004724825266748667, 0.0004521008813753724, 0.00042067671893164515, 0.00041803947533480823, 0.00039468833710998297, 0.00035527252475731075, 0.00033856494701467454, 0.0003038655559066683, 0.0002965921303257346, 0.00029325007926672697, 0.00027126289205625653, 0.00027035485254600644, 0.00024352935724891722, 0.00022843058104626834, 0.00022724353766534477, 0.00022681064729113132, 0.00022115505998954177, 0.00018599312170408666, 0.00018093925609719008, 0.00016258869436569512, 0.0001562721299706027, 0.0001416696177329868, 0.00011338442709529772, 0.00010569662845227867, 9.985708311432973e-05, 9.69930479186587e-05, 7.964170072227716e-05, 5.874600537936203e-05, 4.271426587365568e-05, 4.166515282122418e-05], "bboxes": [[0.17826110124588013, 0.026801228523254395, 425.0, 424.74676513671875], [137.1232452392578, 179.19186401367188, 187.11581420898438, 423.7792663574219], [0.08088499307632446, 0.12847110629081726, 425.0, 424.7640075683594], [0.08934587240219116, 1.4584757089614868, 425.0, 409.0241394042969], [0.12774914503097534, 0.4233226180076599, 425.0, 339.22650146484375], [0.1435309648513794, 2.1900758743286133, 425.0, 420.9813537597656], [0.09762942790985107, 0.8305974006652832, 425.0, 350.18939208984375], [0.12800246477127075, 0.01818835735321045, 425.0, 424.9970397949219], [0.1657724380493164, 0.5015730857849121, 425.0, 342.5516662597656], [0.10340511798858643, 0.2152964472770691, 425.0, 424.50604248046875], [0.21686702966690063, 0.0, 424.927001953125, 424.7967834472656], [0.17731115221977234, 3.5777106285095215, 425.0, 419.89385986328125], [0.06644576787948608, 2.4688668251037598, 425.0, 348.71600341796875], [108.05219268798828, 0.34908726811408997, 424.7421875, 423.8682861328125], [0.011196732521057129, 3.0939712524414062, 424.9929504394531, 357.837890625], [0.0, 1.7954163551330566, 333.7844543457031, 421.2791748046875], [0.0, 1.6704410314559937, 424.83831787109375, 353.36669921875], [0.9801890850067139, 0.29017776250839233, 189.05142211914062, 424.3327941894531], [1.5356242656707764, 1.1929713487625122, 194.1701202392578, 423.0155029296875], [0.05246251821517944, 212.13917541503906, 425.0, 423.7855224609375], [0.18740594387054443, 366.65557861328125, 425.0, 424.79241943359375], [1.109844446182251, 1.1713250875473022, 178.78228759765625, 422.17144775390625], [136.41273498535156, 188.41015625, 188.5730438232422, 422.9555358886719], [0.5279690027236938, 1.3963490724563599, 187.09518432617188, 413.1493225097656], [140.66714477539062, 182.921630859375, 188.36448669433594, 422.42437744140625], [132.99264526367188, 182.5576934814453, 186.83114624023438, 424.1785888671875], [140.72755432128906, 239.34307861328125, 184.10450744628906, 423.20025634765625], [137.1146240234375, 186.74844360351562, 217.21400451660156, 423.87469482421875], [141.27706909179688, 188.71755981445312, 182.0215301513672, 298.3016052246094], [5.9036545753479, 0.7974758744239807, 343.7469787597656, 422.8384094238281], [0.27084946632385254, 397.9617614746094, 425.0, 424.8199462890625], [273.73846435546875, 0.7884196639060974, 425.0, 423.9176330566406], [270.7712097167969, 0.0, 425.0, 424.8222351074219], [68.53279876708984, 184.54183959960938, 220.66293334960938, 424.4139709472656], [0.11151768267154694, 379.8675537109375, 107.94344329833984, 424.6139831542969], [272.5301818847656, 2.224299192428589, 425.0, 418.8472900390625], [88.05027770996094, 181.03948974609375, 272.6752624511719, 424.87725830078125], [0.46152323484420776, 389.1910400390625, 425.0, 424.98199462890625], [0.05236119031906128, 186.79104614257812, 424.9956359863281, 423.99560546875], [127.01542663574219, 181.67689514160156, 228.71092224121094, 423.75738525390625], [271.9756164550781, 2.348590612411499, 425.0, 422.020751953125], [272.0704650878906, 1.861735463142395, 425.0, 422.59442138671875], [0.516924262046814, 388.8610534667969, 109.53929138183594, 424.5791015625], [138.63494873046875, 184.47616577148438, 215.1192169189453, 424.1833801269531], [0.03972053527832031, 197.642333984375, 425.0, 423.38287353515625], [1.6648236513137817, 401.7892761230469, 185.13536071777344, 424.71588134765625], [272.9239807128906, 0.2172723412513733, 425.0, 424.2534484863281], [0.883078932762146, 332.79620361328125, 107.158203125, 423.4669494628906], [144.0376739501953, 195.1572265625, 180.65585327148438, 286.7142639160156], [112.92069244384766, 178.0443115234375, 248.0699462890625, 422.76947021484375], [273.8526306152344, 1.5186898708343506, 425.0, 422.7505798339844], [67.51412200927734, 224.01597595214844, 179.67088317871094, 334.3457336425781], [273.94549560546875, 2.8835513591766357, 425.0, 414.8282470703125], [274.7345275878906, 5.106001377105713, 425.0, 421.79949951171875], [0.0, 9.926384925842285, 12.279598236083984, 380.12811279296875], [269.2311096191406, 1.6674392223358154, 424.8956298828125, 398.7562255859375], [269.51800537109375, 1.3114869594573975, 424.98291015625, 422.604736328125], [134.9656524658203, 337.50897216796875, 186.67791748046875, 425.0], [57.9286003112793, 265.17523193359375, 178.4565887451172, 423.2472839355469], [118.00200653076172, 180.79782104492188, 315.3834228515625, 425.0], [105.831298828125, 0.6598598957061768, 423.8238830566406, 424.27978515625], [136.6897430419922, 397.1886291503906, 186.17799377441406, 424.9963073730469], [413.7626037597656, 331.6327819824219, 425.0, 425.0], [0.521369993686676, 216.64955139160156, 105.2385025024414, 421.932373046875], [405.6535949707031, 390.2647705078125, 424.9997253417969, 424.6741943359375], [0.05730528011918068, 216.66087341308594, 11.384634017944336, 378.02752685546875], [146.6590118408203, 195.68243408203125, 179.07090759277344, 267.8628845214844], [137.5950927734375, 378.2926940917969, 190.0116424560547, 425.0], [0.07463076710700989, 305.7635498046875, 12.595409393310547, 423.3882141113281], [0.05167722702026367, 206.77792358398438, 9.833501815795898, 423.13690185546875], [135.67672729492188, 392.4115295410156, 191.2202911376953, 425.0], [0.12962371110916138, 2.700705051422119, 425.0, 307.6340026855469], [0.0, 176.32476806640625, 