{"labels": [23, 23, 23, 23, 23, 23, 23, 23, 23, 23, 23, 23, 23, 23, 23, 23, 23, 23, 23, 23, 23, 23, 23, 23, 23, 23, 23, 23, 23, 23, 23, 23, 23, 23, 23, 23, 23, 23, 23, 23, 23, 23, 23, 23, 23, 23, 23, 23, 23, 23, 23, 23, 23, 23, 23, 23, 23, 23, 23, 23, 23, 23, 23, 23, 14, 23, 23, 23, 14, 14, 23, 23, 23, 23, 14, 23, 23, 23, 23, 23, 23, 23, 23, 23, 23, 23, 23, 23, 23, 23, 23, 23, 23, 23, 23, 23, 23, 23, 23, 23], "scores": [0.9973424077033997, 0.9651390910148621, 0.865615963935852, 0.34472233057022095, 0.26934343576431274, 0.1324169784784317, 0.06829668581485748, 0.06673292070627213, 0.018929114565253258, 0.017969775944948196, 0.01770121045410633, 0.01632796972990036, 0.013879946433007717, 0.01343606412410736, 0.012269122526049614, 0.011813492514193058, 0.011757943779230118, 0.00815061666071415, 0.006244057323783636, 0.006178844720125198, 0.00582541897892952, 0.005682825110852718, 0.005294917616993189, 0.005081441719084978, 0.004780764225870371, 0.004741697572171688, 0.0046054907143116, 0.004578580614179373, 0.004377960227429867, 0.004071387927979231, 0.003990509547293186, 0.003961188718676567, 0.003870692104101181, 0.0035567001905292273, 0.0034965407103300095, 0.0034904940985143185, 0.0034137284383177757, 0.003341185860335827, 0.0033070433419197798, 0.0032336898148059845, 0.0032111727632582188, 0.0031939134933054447, 0.0031671749893575907, 0.0031612643506377935, 0.0031530132982879877, 0.0030958116985857487, 0.0029589259065687656, 0.0029171647038310766, 0.0028882145415991545, 0.0028496666345745325, 0.002844932023435831, 0.002788008190691471, 0.0024989768862724304, 0.0024938040878623724, 0.0024463210720568895, 0.0024176412262022495, 0.0023427314590662718, 0.002267864067107439, 0.0022176026832312346, 0.002146582817658782, 0.002138637937605381, 0.0021318322978913784, 0.0021005100570619106, 0.0020205562468618155, 0.0019497087923809886, 0.001851667184382677, 0.0018349474994465709, 0.0017309264512732625, 0.0017052240436896682, 0.001544944941997528, 0.0013923648511990905, 0.0012626764364540577, 0.0012379055842757225, 0.0011975036468356848, 0.0011452182661741972, 0.0011200023582205176, 0.000970945693552494, 0.0009639469208195806, 0.0008023657719604671, 0.0007671566563658416, 0.0006333717028610408, 0.0006252817111089826, 0.0005763319786638021, 0.000573496799916029, 0.0005635254201479256, 0.0005507913301698864, 0.0005496763624250889, 0.0005289769032970071, 0.0005223727785050869, 0.00048275047447532415, 0.0004403670900501311, 0.0004358529986348003, 0.0003751517797354609, 0.0003230340371374041, 0.0003152762074023485, 0.0002867189177777618, 0.000278095540124923, 0.00022906337107997388, 0.0002055943914456293, 0.00014081764675211161], "bboxes": [[93.42919921875, 88.46520233154297, 269.92095947265625, 424.6378173828125], [226.2689666748047, 85.90623474121094, 388.374755859375, 303.7340087890625], [223.21861267089844, 86.05587005615234, 389.1484069824219, 422.84576416015625], [93.18312072753906, 85.20660400390625, 391.0765075683594, 425.0], [96.36676788330078, 86.25538635253906, 387.482666015625, 424.5612487792969], [122.56775665283203, 86.199462890625, 389.7465515136719, 424.5304260253906], [196.8293914794922, 86.93472290039062, 394.687744140625, 424.28936767578125], [97.5281982421875, 86.16241455078125, 386.5440979003906, 423.8407287597656], [222.31178283691406, 85.95552825927734, 390.8502197265625, 425.0], [220.64869689941406, 86.83153533935547, 392.75396728515625, 425.0], [220.12254333496094, 84.50865936279297, 392.37762451171875, 422.1608581542969], [90.71487426757812, 89.86016845703125, 320.5375061035156, 424.1164855957031], [49.908077239990234, 76.65225219726562, 391.1724853515625, 424.538330078125], [106.2456283569336, 103.25550842285156, 265.91180419921875, 424.18218994140625], [82.49507141113281, 92.36441040039062, 311.0088195800781, 425.0], [148.9053497314453, 90.42733001708984, 268.5030212402344, 422.9652404785156], [113.16255187988281, 90.67833709716797, 391.842529296875, 424.6104431152344], [221.1542510986328, 86.39691162109375, 391.4297180175781, 424.83087158203125], [108.38733673095703, 89.8658676147461, 267.28204345703125, 424.4618225097656], [104.09733581542969, 88.50796508789062, 266.18084716796875, 410.2033996582031], [274.3515625, 208.79629516601562, 318.9784851074219, 265.541015625], [98.02088928222656, 120.19672393798828, 242.97532653808594, 423.4798889160156], [95.97187042236328, 94.9842529296875, 268.0050354003906, 425.0], [224.82028198242188, 82.06352996826172, 388.45428466796875, 376.43170166015625], [90.48721313476562, 107.4472885131836, 271.0006103515625, 424.3307189941406], [97.76397705078125, 91.54153442382812, 266.654052734375, 425.0], [95.00741577148438, 90.90098571777344, 266.9997863769531, 424.7155456542969], [97.77570343017578, 89.6370849609375, 266.7628173828125, 425.0], [224.72776794433594, 83.94964599609375, 388.20648193359375, 303.0437316894531], [226.608642578125, 87.51453399658203, 389.96728515625, 296.44671630859375], [94.53358459472656, 94.80586242675781, 267.3677978515625, 424.49749755859375], [135.55201721191406, 91.95250701904297, 320.597900390625, 313.4283142089844], [143.04843139648438, 92.58343505859375, 259.7035827636719, 421.9153137207031], [93.92684173583984, 105.84000396728516, 265.437255859375, 424.9659118652344], [109.35580444335938, 130.2592010498047, 251.97177124023438, 422.55389404296875], [113.91515350341797, 90.9384536743164, 264.3726806640625, 420.9193115234375], [102.08535766601562, 91.15618133544922, 262.8818054199219, 424.4775085449219], [275.28546142578125, 90.01609802246094, 388.1644592285156, 263.62603759765625], [98.59626007080078, 93.62931060791016, 234.34371948242188, 423.8640441894531], [77.45242309570312, 83.63935852050781, 333.96026611328125, 425.0], [109.1924057006836, 91.10004425048828, 244.91444396972656, 412.1940612792969], [96.53256225585938, 95.70186614990234, 250.7978973388672, 424.2349548339844], [225.13336181640625, 181.2826690673828, 318.53302001953125, 301.80126953125], [113.86377716064453, 89.78581237792969, 265.1455078125, 375.4307861328125], [228.34002685546875, 81.99459838867188, 390.331787109375, 325.544921875], [224.97113037109375, 83.95813751220703, 387.5548095703125, 306.3537902832031], [262.2085876464844, 229.65899658203125, 316.0727233886719, 289.052490234375], [262.7171325683594, 89.43378448486328, 389.2149658203125, 280.9669494628906], [0.0, 16.54318618774414, 265.75201416015625, 425.0], [196.71633911132812, 90.27027893066406, 269.6139831542969, 299.34039306640625], [285.2546081542969, 89.9980239868164, 389.1954345703125, 274.03948974609375], [420.430419921875, 162.61495971679688, 425.0, 252.56167602539062], [224.69601440429688, 82.71251678466797, 389.30810546875, 306.19488525390625], [83.91861724853516, 87.0797119140625, 298.0827331542969, 425.0], [417.9638671875, 166.14773559570312, 425.0, 420.7454528808594], [105.2823257446289, 91.69168853759766, 251.87925720214844, 359.4317626953125], [236.91278076171875, 222.2382354736328, 317.6484375, 296.67437744140625], [289.9120788574219, 89.97430419921875, 384.5914001464844, 246.246337890625], [231.55422973632812, 219.7308349609375, 310.45770263671875, 296.36480712890625], [113.00960540771484, 93.93868255615234, 258.4275817871094, 299.3165283203125], [222.91371154785156, 201.52066040039062, 318.61639404296875, 422.95721435546875], [84.48860168457031, 77.84253692626953, 348.3034362792969, 425.0], [277.6504211425781, 92.49760437011719, 379.9292907714844, 254.8511962890625], [71.41264343261719, 81.9690933227539, 349.5099182128906, 425.0], [0.6451056599617004, 0.0, 20.465862274169922, 7.113633155822754], [113.17857360839844, 92.90406036376953, 263.2109375, 294.8999328613281], [85.66193389892578, 86.55982971191406, 300.9611511230469, 425.0], [419.4573974609375, 132.84840393066406, 425.0, 231.6925048828125], [0.7870311737060547, 0.0, 20.661325454711914, 7.227644443511963], [0.0076692551374435425, 0.0, 13.549318313598633, 7.472395896911621], [94.88467407226562, 96.59757232666016, 265.39105224609375, 424.9991149902344], 