{"labels": [0, 0, 0, 35, 0, 0, 0, 0, 34, 0, 35, 35, 32, 35, 35, 35, 35, 0, 0, 35, 35, 32, 34, 35, 0, 35, 35, 0, 0, 32, 35, 35, 0, 35, 32, 35, 35, 35, 0, 32, 0, 35, 35, 0, 35, 35, 0, 34, 35, 35, 35, 34, 0, 34, 0, 0, 35, 34, 35, 35, 0, 0, 35, 0, 0, 32, 35, 32, 0, 0, 0, 0, 34, 0, 34, 0, 32, 0, 0, 0, 0, 32, 0, 0, 0, 32, 35, 34, 0, 0, 32, 0, 0, 0, 32, 35, 0, 0, 0, 0], "scores": [0.9984785914421082, 0.9982179999351501, 0.9968217611312866, 0.995602011680603, 0.9947728514671326, 0.9670827388763428, 0.8809784650802612, 0.8630813956260681, 0.8280298113822937, 0.7498771548271179, 0.7410165071487427, 0.7242408394813538, 0.6270163655281067, 0.4316537380218506, 0.4209466874599457, 0.3715764880180359, 0.29505541920661926, 0.2921457886695862, 0.27355486154556274, 0.27017083764076233, 0.2440999150276184, 0.2358999103307724, 0.22642967104911804, 0.2168801873922348, 0.20879234373569489, 0.20375879108905792, 0.19925929605960846, 0.15336714684963226, 0.142249196767807, 0.13638930022716522, 0.13579188287258148, 0.1337471306324005, 0.1304895132780075, 0.12999969720840454, 0.1298569291830063, 0.12219373881816864, 0.12205757200717926, 0.12151480466127396, 0.12017294019460678, 0.11906703561544418, 0.11231635510921478, 0.111406609416008, 0.11136376857757568, 0.10826630145311356, 0.10461927950382233, 0.10058782249689102, 0.08845879137516022, 0.08657515794038773, 0.08633836358785629, 0.08135021477937698, 0.07197718322277069, 0.07177505642175674, 0.07128800451755524, 0.06571422517299652, 0.06198897585272789, 0.05730561167001724, 0.0564647875726223, 0.05573267117142677, 0.05314009636640549, 0.05095979943871498, 0.04945886880159378, 0.049361005425453186, 0.049270760267972946, 0.042871057987213135, 0.04230460524559021, 0.034514833241701126, 0.034414272755384445, 0.03269393742084503, 0.03247787058353424, 0.03169156238436699, 0.03146502375602722, 0.030248813331127167, 0.030024247244000435, 0.029710974544286728, 0.029388101771473885, 0.028862204402685165, 0.025244735181331635, 0.024377163499593735, 0.023215286433696747, 0.02264382131397724, 0.02244521677494049, 0.02218613587319851, 0.021743707358837128, 0.02072693035006523, 0.020490551367402077, 0.01876542530953884, 0.017308637499809265, 0.017018970102071762, 0.014957484789192677, 0.01491664256900549, 0.014599279500544071, 0.014551756903529167, 0.013826735317707062, 0.006746693514287472, 0.006273848004639149, 0.004826299846172333, 0.00466024549677968, 0.004385391715914011, 0.003615102730691433, 0.0031545667443424463], "bboxes": [[0.08175894618034363, 73.75558471679688, 152.5979461669922, 348.3497619628906], [363.0852355957031, 67.78471374511719, 424.9516296386719, 355.2547607421875], [121.5652847290039, 106.66231536865234, 150.75799560546875, 182.59913635253906], [363.0055236816406, 213.93080139160156, 389.1888427734375, 253.99554443359375], [0.1377948522567749, 117.96094512939453, 20.501291275024414, 173.8360137939453], [234.21002197265625, 125.37618255615234, 242.02560424804688, 144.08526611328125], [85.1006851196289, 86.38140869140625, 117.01383209228516, 193.7200927734375], [88.77633666992188, 88.55638885498047, 117.64505767822266, 191.88082885742188], [19.14397430419922, 167.77334594726562, 48.296939849853516, 173.67523193359375], [52.74150466918945, 122.47689056396484, 62.835601806640625, 138.56817626953125], [138.8431854248047, 146.3219757080078, 147.43154907226562, 156.03807067871094], [0.0, 238.02880859375, 22.649864196777344, 275.0613098144531], [16.865449905395508, 105.11605072021484, 24.456335067749023, 111.8228988647461], [0.0, 130.81527709960938, 10.70016098022461, 147.19358825683594], [85.73988342285156, 141.62342834472656, 103.83985137939453, 163.67787170410156], [7.198571681976318, 135.40005493164062, 18.883697509765625, 152.96221923828125], [0.3446153700351715, 121.67388153076172, 13.81570053100586, 141.2974395751953], [0.0, 117.46405029296875, 2.303790807723999, 172.2064971923828], [88.44194793701172, 88.18352508544922, 114.84785461425781, 162.7377166748047], [7.169589996337891, 119.55323028564453, 17.65242576599121, 136.14447021484375], [87.65070343017578, 141.19129943847656, 110.99276733398438, 184.39312744140625], [95.70587921142578, 190.48458862304688, 104.75821685791016, 198.98582458496094], [0.0, 151.2642822265625, 46.24862289428711, 169.8474578857422], [412.5121765136719, 125.5645523071289, 425.0, 153.37149047851562], [94.92305755615234, 93.94329833984375, 114.27622985839844, 141.13949584960938], [142.8335723876953, 146.90660095214844, 149.7617645263672, 155.12965393066406], [0.0, 247.8677978515625, 16.829212188720703, 274.2699279785156], [415.4252014160156, 88.53804016113281, 425.0, 352.5212097167969], [52.140682220458984, 122.11822509765625, 60.59996032714844, 135.6704864501953], [93.63993835449219, 192.53529357910156, 101.58561706542969, 200.1710968017578], [409.9081115722656, 125.36660766601562, 424.302001953125, 157.3408203125], [83.73208618164062, 156.36465454101562, 102.06449127197266, 182.32688903808594], [142.68484497070312, 120.75572204589844, 152.11654663085938, 151.9439697265625], [133.3128204345703, 155.04945373535156, 142.60679626464844, 164.910400390625], [16.20184898376465, 109.42048645019531, 23.991817474365234, 118.25658416748047], [407.83349609375, 127.04435729980469, 419.1763000488281, 153.00967407226562], [409.4319152832031, 126.05703735351562, 420.2244873046875, 149.5369110107422], [411.46478271484375, 127.57174682617188, 424.869873046875, 155.88796997070312], [84.30379486083984, 93.69381713867188, 116.28148651123047, 196.10626220703125], [98.64237213134766, 191.86325073242188, 106.14679718017578, 199.2227020263672], [1.3798524141311646, 121.4426498413086, 22.08894157409668, 165.73580932617188], [130.15762329101562, 145.13133239746094, 138.37759399414062, 156.37942504882812], [415.9764404296875, 122.8307113647461, 425.0, 157.81410217285156], [139.03933715820312, 118.81790161132812, 149.44467163085938, 151.7820281982422], [0.0, 246.129638671875, 22.99741554260254, 273.99658203125], [414.5058288574219, 124.41053009033203, 424.99517822265625, 162.95327758789062], [0.013951584696769714, 173.66387939453125, 21.142316818237305, 315.6304016113281], [0.0, 113.17677307128906, 5.054712295532227, 134.08799743652344], [141.76846313476562, 140.08038330078125, 149.54127502441406, 153.3891143798828], [419.7067565917969, 122.34001159667969, 425.0, 156.45643615722656], [0.0, 220.22373962402344, 18.216472625732422, 261.7593078613281], [0.003823544830083847, 200.07403564453125, 36.37460708618164, 209.1137237548828], [403.110107421875, 117.4449462890625, 424.9410095214844, 356.33795166015625], [0.7091290354728699, 167.53314208984375, 35.36739730834961, 177.7757568359375], [50.38444519042969, 123.55335998535156, 58.435245513916016, 137.2141571044922], [404.4367980957031, 118.87610626220703, 424.944091796875, 353.79278564453125], [134.11895751953125, 140.25059509277344, 143.20619201660156, 153.9192352294922], [25.831396102905273, 165.690185546875, 43.23341751098633, 170.32028198242188], [409.0595703125, 126.48745727539062, 425.0, 171.58294677734375], [0.0, 220.77366638183594, 15.331231117248535, 280.58477783203125], [86.03659057617188, 127.58686828613281, 110.79386138916016, 184.81036376953125], [402.17108154296875, 60.087646484375, 424.96685791015625, 356.62957763671875], [135.43495178222656, 129.8455352783203, 146.6398162841797, 153.51942443847656], [376.3671569824219, 59.774173736572266, 424.8543701171875, 356.2539978027344], [415.7551574707031, 75.79689025878906, 424.9751892089844, 348.29718017578125], [191.6773223876953, 4.87003231048584, 215.6444854736328, 32.80020523071289], [129.55108642578125, 134.17724609375, 144.3668975830078, 164.3328399658203], [190.87100219726562, 5.163288116455078, 213.46157836914062, 32.35486602783203], [235.4047088623047, 129.12474060058594, 241.82241821289062, 141.74560546875], [0.0, 77.47583770751953, 122.14224243164062, 287.3422546386719], [233.9485321044922, 127.22881317138672, 239.8306121826172, 142.13865661621094], [364.16650390625, 66.91273498535156, 