{"labels": [56, 46, 77, 77, 75, 46, 46, 56, 77, 77, 74, 77, 75, 75, 74, 45, 75, 56, 75, 75, 45, 75, 75, 74, 75, 77, 45, 56, 74, 45, 74, 46, 77, 77, 77, 75, 77, 77, 56, 46, 46, 77, 45, 56, 74, 46, 56, 77, 77, 46, 75, 60, 74, 77, 56, 56, 56, 56, 45, 56, 75, 46, 46, 77, 46, 74, 46, 46, 74, 46, 46, 56, 46, 46, 46, 56, 46, 46, 75, 77, 77, 56, 75, 77, 58, 75, 60, 56, 58, 77, 46, 46, 75, 58, 56, 46, 46, 14, 14, 14], "scores": [0.9874250292778015, 0.9782534837722778, 0.8104000091552734, 0.5993070602416992, 0.41729936003685, 0.2486794888973236, 0.1759757548570633, 0.06994467973709106, 0.055153291672468185, 0.04122300073504448, 0.03991830721497536, 0.038789499551057816, 0.038206618279218674, 0.035998936742544174, 0.035883914679288864, 0.03491530194878578, 0.03401755914092064, 0.032632648944854736, 0.029578329995274544, 0.028775963932275772, 0.028218289837241173, 0.02475597895681858, 0.023792268708348274, 0.021900074556469917, 0.021858276799321175, 0.021181568503379822, 0.02013571560382843, 0.019079459831118584, 0.018965452909469604, 0.016962582245469093, 0.016848023980855942, 0.016580477356910706, 0.016384147107601166, 0.015852758660912514, 0.01568327657878399, 0.015398615971207619, 0.013720743358135223, 0.012554572895169258, 0.011256863363087177, 0.0109758535400033, 0.010752786882221699, 0.009280635043978691, 0.00882869865745306, 0.008691146038472652, 0.008316092193126678, 0.00829567201435566, 0.007854409515857697, 0.007788242306560278, 0.007719192188233137, 0.007518574129790068, 0.007244225591421127, 0.007104211486876011, 0.007097901310771704, 0.006958333309739828, 0.005724707152694464, 0.005681965500116348, 0.005435447674244642, 0.004850928671658039, 0.00452324328944087, 0.004154694266617298, 0.004039427265524864, 0.003912916406989098, 0.0038891255389899015, 0.0034476735163480043, 0.003390929661691189, 0.0033390503376722336, 0.0033355471678078175, 0.0030525443144142628, 0.003049492137506604, 0.0028513658326119184, 0.002780073555186391, 0.0027637765742838383, 0.0023655162658542395, 0.002203657990321517, 0.002022427273914218, 0.001910859253257513, 0.0017786894459277391, 0.0015544566558673978, 0.0010801265016198158, 0.0010680592386052012, 0.0008381770458072424, 0.00077131885336712, 0.0006896340055391192, 0.0006185162346810102, 0.0005595185211859643, 0.0005277332966215909, 0.0005170581280253828, 0.0003477399586699903, 0.0002892232150770724, 0.00022197398357093334, 0.00016014448192436248, 0.0001558160874992609, 0.00011680948227876797, 0.00010780560114653781, 0.00010396961442893371, 9.759290696820244e-05, 4.608423478202894e-05, 4.181216354481876e-05, 2.079147452604957e-05, 1.6899277397897094e-05], "bboxes": [[181.17222595214844, 306.78167724609375, 298.356201171875, 408.487060546875], [131.1539764404297, 109.64568328857422, 353.1242980957031, 328.1517639160156], [78.2091064453125, 15.677952766418457, 189.7614288330078, 158.61964416503906], [77.99610137939453, 16.49350929260254, 188.09423828125, 160.37144470214844], [109.27102661132812, 135.8993377685547, 162.0397186279297, 363.59417724609375], [130.9420166015625, 200.00608825683594, 350.3439636230469, 329.0428771972656], [130.296142578125, 184.09751892089844, 351.1026306152344, 329.0344543457031], [139.0646209716797, 238.7890625, 299.6105651855469, 409.0315856933594], [80.42935180664062, 14.391465187072754, 185.20347595214844, 117.73722839355469], [76.23280334472656, 13.06416130065918, 188.89695739746094, 121.35395812988281], [280.1618957519531, 386.3232116699219, 367.8104248046875, 414.48974609375], [77.60073852539062, 11.171185493469238, 189.0559539794922, 222.9072265625], [106.29143524169922, 121.15480041503906, 164.0404510498047, 367.1259460449219], [107.6138916015625, 139.63812255859375, 154.0933074951172, 365.2449645996094], [297.3714599609375, 385.7181701660156, 366.36749267578125, 411.2693176269531], [183.09352111816406, 234.0650634765625, 288.6591491699219, 266.0061340332031], [112.51981353759766, 142.59315490722656, 160.33978271484375, 364.39068603515625], [179.40049743652344, 239.03042602539062, 295.9753723144531, 407.3357849121094], [109.06275177001953, 138.134521484375, 158.3734893798828, 365.2036437988281], [109.78923034667969, 144.12791442871094, 154.0274658203125, 363.4078369140625], [185.8370361328125, 236.51109313964844, 288.95660400390625, 267.04620361328125], [112.77193450927734, 252.29632568359375, 159.30149841308594, 365.1595458984375], [112.25336456298828, 245.24391174316406, 154.98614501953125, 363.30914306640625], [303.6610412597656, 386.00506591796875, 373.5652770996094, 414.5389709472656], [112.23611450195312, 249.6945037841797, 159.3052520751953, 365.2679138183594], [78.29410552978516, 11.873751640319824, 188.7746124267578, 115.05378723144531], [186.01536560058594, 235.09837341308594, 288.32818603515625, 265.1693115234375], [178.08004760742188, 239.5314483642578, 300.6921691894531, 406.4367370605469], [282.5655517578125, 384.9864196777344, 359.3585510253906, 412.0503845214844], [183.6642303466797, 235.94943237304688, 289.3362121582031, 266.3426208496094], [303.3267517089844, 383.48394775390625, 367.6697998046875, 407.8385925292969], [137.08555603027344, 135.05419921875, 351.6114807128906, 330.0877685546875], [78.95571899414062, 13.594498634338379, 185.30238342285156, 84.95549774169922], [77.70880889892578, 15.821477890014648, 184.48434448242188, 150.08905029296875], [76.04564666748047, 14.680509567260742, 183.43284606933594, 115.29903411865234], [79.76850891113281, 15.734373092651367, 186.46580505371094, 367.2229309082031], [75.9059829711914, 12.173995018005371, 187.7471160888672, 154.0653839111328], [77.31133270263672, 16.517276763916016, 179.35101318359375, 162.35829162597656], [117.75834655761719, 243.3301544189453, 298.04248046875, 408.1632995605469], [88.71680450439453, 9.416705131530762, 355.0333557128906, 329.9442138671875], [137.11245727539062, 242.58399963378906, 294.25836181640625, 326.7246398925781], [83.01387023925781, 19.99958038330078, 173.11219787597656, 151.24935913085938], [185.01983642578125, 235.5406494140625, 292.03753662109375, 265.2542419433594], [273.09173583984375, 362.6846008300781, 379.68536376953125, 422.7208251953125], [283.96820068359375, 371.09197998046875, 378.55419921875, 417.73016357421875], [85.72537994384766, 24.842802047729492, 352.9624328613281, 332.7535705566406], [182.85958862304688, 304.1116943359375, 297.0970458984375, 408.55401611328125], [77.86499786376953, 18.215158462524414, 185.41526794433594, 366.63519287109375], [83.95755767822266, 11.494180679321289, 180.4606475830078, 91.17546844482422], [133.8820343017578, 236.3836669921875, 336.9762268066406, 327.1219787597656], [78.45198059082031, 13.940021514892578, 189.58306884765625, 367.7619934082031], [116.80394744873047, 269.01708984375, 385.86968994140625, 422.6500244140625], [268.8157958984375, 380.7451477050781, 365.51934814453125, 420.31610107421875], [88.76978302001953, 19.473352432250977, 176.45416259765625, 154.54457092285156], [183.39703369140625, 314.99078369140625, 290.75482177734375, 392.06756591796875], [179.24322509765625, 304.1363525390625, 384.70318603515625, 420.43218994140625], [181.8121795654297, 311.27020263671875, 294.7313232421875, 404.89959716796875], [180.94195556640625, 301.6936340332031, 298.7807312011719, 409.4454650878906], [182.12258911132812, 239.97264099121094, 294.7353820800781, 324.58099365234375], [182.94175720214844, 315.08673095703125, 294.98883056640625, 405.55926513671875], [77.81993865966797, 17.915964126586914, 180.4723358154297, 366.86669921875], [129.29525756835938, 105.49537658691406, 353.3656311035156, 352.0210266113281], [131.46011352539062, 109.2704086303711, 353.69244384765625, 330.6561279296875], [71.97087097167969, 6.115203380584717, 186.67909240722656, 56.247867584228516], [129.50491333007812, 110.6258316040039, 353.50274658203125, 405.9141540527344], [304.6808166503906, 370.732177734375, 372.512451171875, 414.6399841308594], [132.98793029785156, 108.94872283935547, 351.393310546875, 328.8005676269531], [178.61795043945312, 111.54888916015625, 