{"labels": [41, 60, 0, 48, 56, 48, 0, 45, 45, 56, 56, 48, 51, 56, 60, 56, 0, 56, 56, 48, 56, 56, 48, 56, 56, 56, 56, 56, 56, 56, 56, 56, 60, 56, 56, 56, 56, 56, 0, 56, 56, 56, 56, 56, 48, 56, 56, 56, 0, 56, 48, 56, 51, 48, 60, 50, 0, 50, 56, 56, 0, 0, 0, 0, 56, 44, 50, 0, 45, 50, 50, 48, 60, 56, 45, 50, 0, 45, 50, 48, 45, 48, 45, 60, 60, 60, 60, 48, 56, 60, 60, 48, 42, 48, 60, 60, 42, 48, 42, 60], "scores": [0.9897921085357666, 0.9805503487586975, 0.9669897556304932, 0.961903989315033, 0.9315714240074158, 0.8553661108016968, 0.7660279273986816, 0.7459331750869751, 0.6909213066101074, 0.6162582039833069, 0.5354138016700745, 0.5087151527404785, 0.4846957325935364, 0.47162336111068726, 0.4459621012210846, 0.4138071835041046, 0.40265774726867676, 0.396951287984848, 0.3947025537490845, 0.3818073570728302, 0.36078107357025146, 0.3485563397407532, 0.3411553204059601, 0.33044788241386414, 0.3243636190891266, 0.3221851587295532, 0.2799018621444702, 0.2759922742843628, 0.2659851014614105, 0.24603866040706635, 0.24509313702583313, 0.22259804606437683, 0.21748706698417664, 0.20675547420978546, 0.19337566196918488, 0.1886378526687622, 0.1828698068857193, 0.1819746494293213, 0.17949429154396057, 0.16655205190181732, 0.16278789937496185, 0.15444685518741608, 0.14938373863697052, 0.14030689001083374, 0.13090667128562927, 0.1148100346326828, 0.1140548512339592, 0.1119406670331955, 0.11177285015583038, 0.1072019711136818, 0.09659582376480103, 0.09581180661916733, 0.0938413143157959, 0.08462212234735489, 0.08277358114719391, 0.08276992291212082, 0.08167683333158493, 0.0769784227013588, 0.07380551099777222, 0.06860508024692535, 0.06623796373605728, 0.06606393307447433, 0.06601453572511673, 0.06549443304538727, 0.061730869114398956, 0.06157628446817398, 0.060277268290519714, 0.0599551647901535, 0.05951656028628349, 0.059223685413599014, 0.057210519909858704, 0.05690348893404007, 0.049132753163576126, 0.04882236197590828, 0.043492257595062256, 0.04170132800936699, 0.03432973101735115, 0.032365377992391586, 0.030019525438547134, 0.02308487705886364, 0.02224571630358696, 0.02163214236497879, 0.019046923145651817, 0.018082384020090103, 0.01781003177165985, 0.017482632771134377, 0.016891196370124817, 0.014141300693154335, 0.013327836990356445, 0.01265479065477848, 0.012174546718597412, 0.011818592436611652, 0.009681027382612228, 0.009670272469520569, 0.008877469226717949, 0.007790043018758297, 0.006595541723072529, 0.006097265053540468, 0.005205586552619934, 0.004572462756186724], "bboxes": [[248.2608642578125, 55.765716552734375, 425.0, 407.1458740234375], [0.1588568091392517, 50.70578384399414, 425.0, 424.6017761230469], [32.688194274902344, 0.0, 142.6443634033203, 56.663536071777344], [0.0, 96.18293762207031, 173.67552185058594, 265.28021240234375], [336.5074768066406, 0.0, 425.0, 68.09387969970703], [0.0, 145.00009155273438, 172.62933349609375, 265.17578125], [0.0, 0.0, 147.0591583251953, 60.2279052734375], [0.4111315906047821, 327.0150451660156, 152.99903869628906, 424.60888671875], [0.36365315318107605, 87.4947738647461, 258.4866638183594, 288.4577331542969], [0.0, 37.87156677246094, 169.64788818359375, 74.72166442871094], [133.39617919921875, 39.93396759033203, 168.44154357910156, 57.17642593383789], [0.0, 95.42185974121094, 112.90287780761719, 166.79592895507812], [235.03175354003906, 199.96566772460938, 251.67794799804688, 216.12928771972656], [259.57928466796875, 0.0, 311.6592102050781, 15.456467628479004], [0.06039142608642578, 1.531355857849121, 425.0, 425.0], [256.10491943359375, 0.0, 323.26971435546875, 19.567684173583984], [0.0, 0.0, 40.06306838989258, 63.892608642578125], [244.25462341308594, 0.0, 279.456787109375, 16.169410705566406], [303.8180847167969, 0.0, 357.9772644042969, 49.418941497802734], [0.3008805215358734, 95.44534301757812, 98.57605743408203, 176.10548400878906], [292.4075012207031, 0.0, 354.59417724609375, 52.444557189941406], [196.74539184570312, 0.0, 231.2356719970703, 4.900127410888672], [0.0, 147.7916259765625, 148.91273498535156, 254.76597595214844], [262.0894470214844, 0.0, 425.0, 64.98770904541016], [417.7762451171875, 0.0, 425.0, 82.67886352539062], [253.93748474121094, 0.0, 295.12835693359375, 17.28268814086914], [390.5633850097656, 0.0, 425.0, 89.57784271240234], [268.4120178222656, 0.0, 319.19818115234375, 11.176658630371094], [270.3695373535156, 0.0, 326.6844177246094, 18.058185577392578], [290.94415283203125, 0.0, 425.0, 62.3857307434082], [264.39501953125, 0.0, 357.8312072753906, 27.309736251831055], [160.41055297851562, 0.0, 272.6993713378906, 11.969827651977539], [0.07113218307495117, 243.95816040039062, 425.0, 424.6262512207031], [205.91444396972656, 0.0, 321.34002685546875, 13.375324249267578], [203.1625213623047, 0.0, 265.14404296875, 3.910245895385742], [163.76126098632812, 0.0, 253.06637573242188, 4.164770603179932], [255.95669555664062, 0.0, 407.4359436035156, 51.42384338378906], [416.5112609863281, 0.0, 425.0, 71.61727142333984], [0.0, 0.0, 40.01091384887695, 114.21101379394531], [396.72509765625, 0.0, 425.0, 72.7685546875], [405.1221923828125, 0.6198227405548096, 425.0, 130.8583984375], [342.9235534667969, 0.0, 425.0, 136.04559326171875], [14.581762313842773, 34.89653396606445, 168.4613494873047, 60.20468521118164], [315.7957458496094, 0.0, 425.0, 81.2649917602539], [0.054020434617996216, 95.5541000366211, 96.94976043701172, 160.46023559570312], [0.6573900580406189, 43.905818939208984, 168.920166015625, 82.95291137695312], [0.0, 0.0, 36.97267532348633, 98.62968444824219], [340.2579040527344, 0.0, 425.0, 150.25094604492188], [126.46910095214844, 0.0, 266.93670654296875, 5.966089725494385], [383.3840637207031, 0.0, 425.0, 74.91149139404297], [0.0, 83.9857177734375, 170.2230987548828, 167.7097625732422], [129.98216247558594, 0.0, 212.01617431640625, 3.738140344619751], [232.9207763671875, 201.58456420898438, 250.07130432128906, 218.51036071777344], [109.14260864257812, 97.31318664550781, 253.60812377929688, 245.7429962158203], [0.0721961259841919, 153.0936279296875, 425.0, 424.3152160644531], [180.13172912597656, 117.88279724121094, 253.5005645751953, 240.43421936035156], [0.0, 0.0, 141.47373962402344, 64.11125946044922], [217.35342407226562, 133.95339965820312, 254.76768493652344, 199.51303100585938], [366.2745056152344, 0.0, 425.0, 66.81597137451172], [314.5904541015625, 0.0, 423.86175537109375, 30.86966323852539], [0.0, 0.0, 168.61984252929688, 59.70090103149414], [44.366004943847656, 0.0, 255.42868041992188, 5.600686550140381], [0.0, 0.0, 41.12429428100586, 60.883018493652344], [2.4519829750061035, 0.0, 271.79681396484375, 55.260433197021484], [416.75042724609375, 3.4313361644744873, 425.0, 200.42526245117188], [350.75213623046875, 96.00535583496094, 425.0, 144.88027954101562], [135.06883239746094, 108.93108367919922, 220.33493041992188, 183.08023071289062], [0.0, 0.0, 10.89754581451416, 67.45980834960938], [0.0, 322.2030944824219, 154.85342407226562, 424.890380859375], [176.70114135742188, 99.94049072265625, 251.76785278320312, 233.78273010253906], [178.05377197265625, 149.04681396484375, 240.66294860839844, 239.1433868408203], [0.0, 94.85657501220703, 234.06179809570312, 256.2133483886719], [0.08460879325866699, 242.55538940429688, 425.0, 425.0], [0.0, 0.9394235610961914, 14.035658836364746, 129.17337036132812], [0.9070176482200623, 228.5386199951172, 156.85414123535156, 425.0], [130.3185577392578, 108.69939422607422, 229.00180053710938, 243.76527404785156], [9.257304191589355, 0.0, 144.03887939453125, 58.48112869262695], [0.15418939292430878, 324.82427978515625, 154.82261657714844, 424.599853515625], [183.64833068847656, 117.51007080078125, 223.7377166748047, 178.26919555664062], [0.0, 96.03190612792969, 146.16708374023438, 260.3311767578125], [0.04319101572036743, 55.179840087890625, 425.0, 332.5564270019531], [0.0, 169.2423858642578, 76.62163543701172, 263.2663269042969], [57.876243591308594, 196.14239501953125, 172.82705688476562, 267.0171203613281], [329.077392578125, 276.6894836425781, 425.0, 