{"labels": [64, 0, 63, 60, 0, 66, 60, 67, 66, 66, 66, 63, 66, 60, 67, 64, 67, 44, 62, 67, 63, 44, 60, 67, 64, 44, 63, 0, 67, 67, 66, 0, 66, 66, 66, 66, 66, 60, 66, 63, 60, 66, 64, 63, 63, 67, 64, 64, 63, 62, 64, 67, 65, 62, 64, 67, 63, 62, 63, 62, 62, 64, 67, 64, 64, 66, 67, 73, 66, 62, 64, 62, 73, 66, 60, 62, 62, 63, 63, 66, 63, 62, 62, 63, 66, 62, 64, 64, 62, 62, 66, 62, 66, 66, 66, 66, 73, 73, 66, 56], "scores": [0.9948810338973999, 0.9843975901603699, 0.645437479019165, 0.5834013223648071, 0.3998681902885437, 0.3879433870315552, 0.1713612973690033, 0.15807931125164032, 0.1289360225200653, 0.1173115000128746, 0.09713519364595413, 0.09550395607948303, 0.0871649906039238, 0.08632796257734299, 0.08024265617132187, 0.07922088354825974, 0.07474161684513092, 0.07385656237602234, 0.06927258521318436, 0.0633883848786354, 0.061620667576789856, 0.06146303936839104, 0.05747715383768082, 0.05556003004312515, 0.04731300473213196, 0.044980164617300034, 0.04368475824594498, 0.04309488832950592, 0.04241656884551048, 0.03879891708493233, 0.035603441298007965, 0.03554871678352356, 0.034359388053417206, 0.03435308486223221, 0.03413863107562065, 0.032218847423791885, 0.032149188220500946, 0.03106371872127056, 0.029632655903697014, 0.02912066876888275, 0.028584584593772888, 0.023968331515789032, 0.023882215842604637, 0.022346926853060722, 0.0215214304625988, 0.020289944484829903, 0.01901189237833023, 0.018074508756399155, 0.017680319026112556, 0.016870930790901184, 0.015408649109303951, 0.015394942834973335, 0.015342514961957932, 0.0142402658239007, 0.013996277935802937, 0.013769903220236301, 0.013557180762290955, 0.013522314839065075, 0.013487656600773335, 0.013440649956464767, 0.013362535275518894, 0.013091656379401684, 0.012628372758626938, 0.0123775415122509, 0.012199624441564083, 0.01148669607937336, 0.011313009075820446, 0.01080691535025835, 0.01026406791061163, 0.009612794034183025, 0.009419148787856102, 0.009066864848136902, 0.008741014637053013, 0.008620061911642551, 0.007647112477570772, 0.007520136423408985, 0.0074902973137795925, 0.007399857509881258, 0.006711384281516075, 0.006557506043463945, 0.00551336957141757, 0.005433307960629463, 0.005167135503143072, 0.005044210702180862, 0.004650313872843981, 0.00418689614161849, 0.004181716125458479, 0.004079117905348539, 0.0029309014789760113, 0.0025859486777335405, 0.002149315318092704, 0.002101745456457138, 0.002000711392611265, 0.0016447814414277673, 0.0015017768600955606, 0.0013197247171774507, 0.0012591835111379623, 0.0011444734409451485, 0.0006765157449990511, 0.0005121442372910678], "bboxes": [[257.8994140625, 316.060791015625, 425.0, 390.9039611816406], [33.11579132080078, 0.0, 425.0, 391.9734191894531], [0.0, 74.0506591796875, 290.3454284667969, 222.5331268310547], [0.10084658861160278, 211.7221221923828, 425.0, 423.5032043457031], [33.507362365722656, 1.0434240102767944, 425.0, 257.1976623535156], [0.0, 75.9388198852539, 250.22731018066406, 221.31451416015625], [0.03992319107055664, 0.0, 425.0, 424.6924743652344], [385.53533935546875, 107.18536376953125, 425.0, 177.88702392578125], [2.66752028465271, 82.71898651123047, 208.18214416503906, 199.32920837402344], [0.0, 78.60421752929688, 262.8699951171875, 205.76907348632812], [0.0, 166.75973510742188, 237.6434783935547, 219.27261352539062], [0.0, 5.761871337890625, 293.5731506347656, 228.12855529785156], [38.97272491455078, 89.3158950805664, 229.7616729736328, 196.6716766357422], [0.045749545097351074, 218.30517578125, 425.0, 423.6567077636719], [386.92401123046875, 108.02017211914062, 425.0, 178.9573211669922], [258.0312805175781, 294.6887512207031, 425.0, 395.9046325683594], [391.667724609375, 111.68799591064453, 425.0, 177.9185333251953], [107.83567810058594, 72.56544494628906, 151.96499633789062, 103.46473693847656], [0.893750011920929, 0.0, 410.26385498046875, 40.740272521972656], [384.0324401855469, 107.60716247558594, 425.0, 181.58522033691406], [0.0684976577758789, 70.67430114746094, 425.0, 228.86404418945312], [106.61473083496094, 73.77224731445312, 153.75909423828125, 110.48483276367188], [0.14337897300720215, 167.8573760986328, 425.0, 425.0], [389.4536437988281, 107.57978057861328, 425.0, 169.1015167236328], [402.70306396484375, 293.8724060058594, 425.0, 327.9949951171875], [90.92742919921875, 71.9433364868164, 153.26217651367188, 118.58003234863281], [0.0, 66.48020935058594, 334.2379150390625, 234.25474548339844], [75.17707824707031, 0.43108686804771423, 425.0, 359.66046142578125], [386.12255859375, 108.51339721679688, 425.0, 165.14508056640625], [396.0088195800781, 109.976318359375, 425.0, 188.53372192382812], [0.0, 111.77461242675781, 323.9422302246094, 217.27413940429688], [253.20053100585938, 0.35743415355682373, 425.0, 397.3533020019531], [0.0, 64.83734893798828, 290.40582275390625, 218.615966796875], [0.0, 77.15387725830078, 246.08993530273438, 208.11355590820312], [0.0, 75.29179382324219, 313.50439453125, 225.79421997070312], [0.0, 78.0185317993164, 219.97427368164062, 219.0336151123047], [0.0, 76.96133422851562, 289.7080383300781, 197.11129760742188], [0.1270398497581482, 96.90657806396484, 425.0, 422.4869079589844], [0.0, 76.63581085205078, 288.3929138183594, 199.89222717285156], [0.0, 68.1150894165039, 318.6332702636719, 234.78506469726562], [0.10203719139099121, 344.0939636230469, 425.0, 424.5151672363281], [0.0, 72.33457946777344, 232.7648468017578, 225.33824157714844], [396.728759765625, 299.35931396484375, 425.0, 328.4512023925781], [0.0, 20.3028564453125, 265.42132568359375, 260.437255859375], [0.09357631206512451, 74.85489654541016, 425.0, 377.965087890625], [384.7190246582031, 103.06889343261719, 425.0, 214.39932250976562], [415.0640869140625, 150.07888793945312, 425.0, 179.9415740966797], [398.9435729980469, 302.06463623046875, 425.0, 405.8329772949219], [0.30576959252357483, 75.48146057128906, 424.35906982421875, 227.12620544433594], [0.0, 0.0, 212.0693359375, 42.67363357543945], [257.168212890625, 326.1928405761719, 401.596923828125, 391.2159118652344], [398.7159423828125, 105.45496368408203, 425.0, 137.0968475341797], [396.5807189941406, 106.83922576904297, 425.0, 308.3648681640625], [209.7340545654297, 0.0, 410.8291931152344, 29.81937026977539], [257.60693359375, 306.3205871582031, 425.0, 403.80908203125], [381.0679931640625, 105.75357055664062, 425.0, 252.9938201904297], [1.3357423543930054, 1.0452479124069214, 419.95989990234375, 210.19676208496094], [233.4979248046875, 0.0, 409.2416687011719, 30.589946746826172], [0.008004903793334961, 90.39305877685547, 424.9514465332031, 254.34451293945312], [0.6623804569244385, 0.33036693930625916, 408.5693054199219, 115.67594909667969], [208.49017333984375, 0.0, 409.43389892578125, 28.657222747802734], [258.7447509765625, 204.86813354492188, 425.0, 391.17730712890625], [261.3882141113281, 293.4576416015625, 425.0, 373.76678466796875], [258.8124694824219, 276.88262939453125, 425.0, 398.6913146972656], [260.4219665527344, 260.35882568359375, 425.0, 398.88739013671875], [0.27324333786964417, 191.31268310546875, 330.8236999511719, 245.58982849121094], [259.1767578125, 225.47665405273438, 336.34210205078125, 254.65447998046875], [288.7208251953125, 113.7024917602539, 425.0, 179.68202209472656], [0.02103503793478012, 79.84514617919922, 87.96090698242188, 197.1526641845703], [0.0, 0.0, 206.0601806640625, 40.80295181274414], [311.10113525390625, 0.0, 410.3902587890625, 26.067462921142578], [0.0, 0.0, 314.26617431640625, 45.34397888183594], [281.8805847167969, 113.53223419189453, 425.0, 249.57354736328125], [0.033818185329437256, 132.58840942382812, 425.0, 256.9648132324219], [0.011057406663894653, 289.1786804199219, 424.77825927734375, 420.8120422363281], [309.33416748046875, 0.0, 424.88134765625, 32.096858978271484], [3.4259722232818604, 0.11135302484035492, 421.4195556640625, 115.17103576660156], [399.0247802734375, 199.74041748046875, 425.0, 326.7940368652344], [1.13142728805542, 0.0, 425.0, 262.10430908203125], [0.0, 72.60588073730469, 44.40391159057617, 205.5079345703125], 