{"labels": [7, 7, 7, 7, 7, 7, 7, 7, 7, 7, 7, 7, 7, 7, 7, 7, 7, 2, 7, 7, 7, 2, 7, 7, 7, 2, 7, 7, 7, 2, 2, 7, 7, 7, 7, 7, 7, 7, 7, 2, 7, 2, 7, 0, 7, 7, 7, 0, 0, 0, 0, 7, 7, 7, 0, 7, 7, 7, 0, 7, 0, 7, 7, 7, 7, 7, 2, 7, 7, 2, 0, 7, 0, 0, 7, 7, 7, 2, 7, 2, 0, 0, 5, 7, 7, 7, 7, 5, 0, 0, 7, 7, 7, 7, 7, 58, 7, 58, 0, 7], "scores": [0.9826451539993286, 0.9699620604515076, 0.9622920751571655, 0.89275062084198, 0.7120723128318787, 0.6251418590545654, 0.5638316869735718, 0.27321210503578186, 0.22875499725341797, 0.17627064883708954, 0.16359540820121765, 0.1451534926891327, 0.13438428938388824, 0.13088388741016388, 0.12875615060329437, 0.0987306609749794, 0.0954277515411377, 0.09327322244644165, 0.09101871401071548, 0.08833014965057373, 0.0871347188949585, 0.08615615963935852, 0.08412329852581024, 0.08237840235233307, 0.08210712671279907, 0.08146755397319794, 0.07824038714170456, 0.07512541115283966, 0.07448503375053406, 0.07136623561382294, 0.06709728389978409, 0.06526271998882294, 0.06484057754278183, 0.061277635395526886, 0.060445912182331085, 0.06009254977107048, 0.059493642300367355, 0.059446804225444794, 0.058288779109716415, 0.05779031664133072, 0.052323248237371445, 0.05172881856560707, 0.0497441366314888, 0.04887285456061363, 0.04836336523294449, 0.045948851853609085, 0.044333286583423615, 0.04326024278998375, 0.043040089309215546, 0.042920853942632675, 0.04214831069111824, 0.040189146995544434, 0.03905095160007477, 0.0376284159719944, 0.03621336817741394, 0.035975098609924316, 0.03475508093833923, 0.03392494097352028, 0.031955569982528687, 0.0318254753947258, 0.030666060745716095, 0.030398717150092125, 0.030184688046574593, 0.02849402092397213, 0.027644969522953033, 0.026620153337717056, 0.026429880410432816, 0.0261650662869215, 0.02546108141541481, 0.025191474705934525, 0.024806857109069824, 0.021197164431214333, 0.019616777077317238, 0.018610874190926552, 0.018540071323513985, 0.018111372366547585, 0.016482945531606674, 0.016243940219283104, 0.01605845056474209, 0.015038656070828438, 0.014613260515034199, 0.01387695875018835, 0.013615280389785767, 0.011163321323692799, 0.010473914444446564, 0.009633873589336872, 0.007914154790341854, 0.007535678334534168, 0.006988810375332832, 0.0065205334685742855, 0.006464042700827122, 0.006433727685362101, 0.006285038311034441, 0.005287928972393274, 0.0050774794071912766, 0.004180198535323143, 0.004132195375859737, 0.0038411682471632957, 0.002808965276926756, 0.0019006634829565883], "bboxes": [[0.0, 219.28726196289062, 31.602581024169922, 282.9966735839844], [47.778656005859375, 223.6367950439453, 85.70962524414062, 285.97064208984375], [65.89239501953125, 26.434219360351562, 416.45538330078125, 356.86627197265625], [66.18165588378906, 120.78121185302734, 413.0579833984375, 354.8400573730469], [49.687171936035156, 249.63125610351562, 73.40650177001953, 288.2700500488281], [48.72093200683594, 251.14149475097656, 71.85832214355469, 288.3261413574219], [0.0, 253.26998901367188, 10.870585441589355, 285.4199523925781], [0.008465826511383057, 218.83721923828125, 4.637673377990723, 284.8731689453125], [399.5147399902344, 234.1836395263672, 425.0, 307.2875671386719], [0.00014407560229301453, 255.03912353515625, 5.091397762298584, 286.85015869140625], [71.21440887451172, 215.02285766601562, 97.51054382324219, 273.01898193359375], [0.0, 254.1778106689453, 6.922300815582275, 285.8608093261719], [63.45237731933594, 121.03191375732422, 416.2021179199219, 356.0653381347656], [399.24957275390625, 215.42098999023438, 425.0, 306.5261535644531], [0.0, 221.11940002441406, 4.626950263977051, 271.9551086425781], [400.21142578125, 238.53250122070312, 425.0, 305.644287109375], [70.78583526611328, 213.50228881835938, 101.09124755859375, 283.7148132324219], [49.908931732177734, 254.1636505126953, 69.1328125, 287.1866760253906], [405.5914001464844, 239.66246032714844, 425.0, 308.14593505859375], [400.199951171875, 205.05996704101562, 425.0, 310.3350830078125], [73.09507751464844, 220.80191040039062, 95.22517395019531, 268.5462951660156], [49.41685104370117, 252.27789306640625, 70.4780044555664, 287.8872985839844], [0.12852652370929718, 228.05667114257812, 29.102785110473633, 282.79156494140625], [401.1084289550781, 248.25482177734375, 425.0, 306.5503234863281], [81.40258026123047, 215.7866668701172, 103.50878143310547, 276.0675048828125], [406.78143310546875, 259.81640625, 425.0, 306.1657409667969], [0.0, 254.78099060058594, 17.783035278320312, 284.5342102050781], [406.22015380859375, 214.26966857910156, 425.0, 307.0907287597656], [406.1511535644531, 217.5736083984375, 425.0, 308.71014404296875], [30.038419723510742, 265.8233642578125, 38.22513961791992, 277.2093200683594], [0.0, 259.9203186035156, 10.302913665771484, 284.510498046875], [419.4311828613281, 246.8331756591797, 425.0, 301.215576171875], [0.0018725870177149773, 218.85670471191406, 9.274131774902344, 282.8828125], [0.0, 217.71131896972656, 8.113688468933105, 238.1189727783203], [403.0362548828125, 207.5191192626953, 425.0, 316.7186279296875], [404.4654541015625, 243.74884033203125, 425.0, 302.166748046875], [0.0, 219.1945343017578, 30.07608413696289, 269.76708984375], [61.677242279052734, 222.1193084716797, 83.76423645019531, 254.9344024658203], [405.1866760253906, 259.1670837402344, 425.0, 306.8687744140625], [18.72014045715332, 261.6189270019531, 29.970359802246094, 279.2742919921875], [56.812129974365234, 223.59300231933594, 82.4757308959961, 261.0262451171875], [413.29095458984375, 263.9284973144531, 425.0, 306.9716796875], [400.6170349121094, 237.0050048828125, 425.0, 285.44091796875], [226.5965576171875, 164.47193908691406, 244.15850830078125, 182.1220245361328], [203.5065155029297, 25.58986473083496, 425.0, 314.16412353515625], [76.85768127441406, 246.857421875, 99.65828704833984, 280.68487548828125], [53.30126190185547, 219.32374572753906, 82.19345092773438, 267.44268798828125], [219.5171661376953, 166.30462646484375, 236.55433654785156, 181.9893341064453], [203.93838500976562, 153.69554138183594, 215.62734985351562, 178.66883850097656], [204.2366943359375, 151.03379821777344, 212.99288940429688, 165.3629150390625], [217.13734436035156, 168.94764709472656, 231.87037658691406, 182.47604370117188], [83.61491394042969, 250.8203125, 102.59368896484375, 277.7861022949219], [406.55841064453125, 217.25474548339844, 425.0, 287.80047607421875], [24.388107299804688, 261.3218994140625, 33.03274917602539, 279.93560791015625], [228.7760009765625, 163.0371551513672, 246.61441040039062, 181.79974365234375], [85.84764099121094, 248.39768981933594, 101.6943588256836, 273.04248046875], [72.51803588867188, 57.597564697265625, 407.9357604980469, 307.0373840332031], [62.08085250854492, 222.21810913085938, 90.17660522460938, 274.8711242675781], [260.9595031738281, 159.28135681152344, 289.9484558105469, 182.42269897460938], [402.39422607421875, 166.20909118652344, 425.0, 310.99951171875], [204.703857421875, 151.05311584472656, 213.8426513671875, 165.5311279296875], [0.0, 222.53695678710938, 11.440871238708496, 254.43524169921875], [185.53604125976562, 120.97705841064453, 422.28912353515625, 347.6766662597656], [64.28650665283203, 106.82817840576172, 415.7084655761719, 355.6507263183594], [410.6763916015625, 142.73902893066406, 424.9920654296875, 309.9142150878906], [45.47660827636719, 212.00291442871094, 65.79613494873047, 272.4269104003906], [30.958829879760742, 263.2680358886719, 38.69900131225586, 277.789794921875], [73.7607650756836, 22.38521957397461, 424.3736572265625, 316.7799377441406], [423.0977783203125, 224.7403564453125, 425.0, 304.6368408203125], [36.12517547607422, 266.3111572265625, 43.914649963378906, 278.309814453125], [206.56166076660156, 151.6444854736328, 227.072265625, 181.71592712402344], [63.324337005615234, 122.41463470458984, 417.8170471191406, 357.2229919433594], [214.8354949951172, 161.7644500732422, 239.31130981445312, 181.8414306640625], [204.5609893798828, 151.2418670654297, 223.92930603027344, 182.7215118408203], [35.003562927246094, 221.7251434326172, 