{"labels": [0, 38, 29, 29, 32, 32, 32, 29, 29, 32, 32, 32, 29, 38, 29, 32, 29, 38, 38, 38, 29, 38, 29, 0, 32, 0, 32, 38, 29, 0, 0, 0, 38, 32, 0, 38, 38, 0, 38, 0, 0, 0, 38, 38, 0, 0, 0, 0, 38, 32, 32, 0, 32, 0, 0, 0, 38, 0, 32, 0, 38, 0, 0, 38, 0, 74, 0, 32, 0, 38, 38, 38, 38, 0, 0, 38, 38, 38, 0, 74, 0, 38, 0, 0, 38, 0, 0, 74, 74, 74, 32, 74, 0, 38, 74, 38, 74, 0, 32, 32], "scores": [0.9996302127838135, 0.9979169964790344, 0.029703959822654724, 0.026168812066316605, 0.024321073666214943, 0.02136516571044922, 0.01968897506594658, 0.017818883061408997, 0.013557414524257183, 0.01320005115121603, 0.011634784750640392, 0.010526026599109173, 0.009542764164507389, 0.007674576248973608, 0.007469092030078173, 0.007044606376439333, 0.006674141623079777, 0.005788744427263737, 0.005386714357882738, 0.0041419933550059795, 0.00368307251483202, 0.0029077385552227497, 0.0025423276238143444, 0.0024603477213531733, 0.0022384875919669867, 0.002147655701264739, 0.002035751473158598, 0.002018074505031109, 0.0017832876183092594, 0.0016840157331898808, 0.0015495637198910117, 0.001402424299158156, 0.0013851592084392905, 0.0013359831646084785, 0.001197364181280136, 0.0011431146413087845, 0.001122062443755567, 0.0009699689690023661, 0.000961718091275543, 0.0008644695044495165, 0.0007756616687402129, 0.0007492427830584347, 0.000736613234039396, 0.000692336936481297, 0.0006543725030496716, 0.0006276419153437018, 0.0006211846484802663, 0.0005877827643416822, 0.0005816018674522638, 0.0005665316130034626, 0.0005653155967593193, 0.0005637722206301987, 0.0005314134177751839, 0.0005273050046525896, 0.0005059146787971258, 0.0004888372495770454, 0.00047258331323973835, 0.0004545894335024059, 0.00044640974374487996, 0.0004447838291525841, 0.0004368146474007517, 0.00043097499292343855, 0.0004308824136387557, 0.00043034693226218224, 0.00040872234967537224, 0.00039966509211808443, 0.0003901894378941506, 0.00036628945963457227, 0.0003521801845636219, 0.00034988863626495004, 0.00033012774656526744, 0.0003151268174406141, 0.0003121062181890011, 0.0002890383475460112, 0.00027705938555300236, 0.00027282049995847046, 0.00023661661543883383, 0.00021566888608504087, 0.00021240078785922378, 0.00021041397121734917, 0.00019871130643878132, 0.00016244959260802716, 0.00013414448767434806, 0.00013296367251314223, 0.00012370871263556182, 0.00012131839321227744, 0.00012120918108848855, 0.00012117400183342397, 0.00012116409925511107, 0.00010684576409403235, 0.00010282550647389144, 0.00010179043601965532, 8.673906995682046e-05, 7.47995509300381e-05, 6.939452578080818e-05, 5.209572191233747e-05, 4.209489998174831e-05, 4.1723531467141584e-05, 3.7606750993290916e-05, 2.36280175158754e-05], "bboxes": [[43.37046813964844, 94.5707015991211, 385.70361328125, 374.56805419921875], [305.844970703125, 223.55923461914062, 383.52557373046875, 292.23297119140625], [406.4690246582031, 74.97344207763672, 425.0, 84.16028594970703], [409.25543212890625, 76.79605865478516, 425.0, 83.6213150024414], [407.9082946777344, 77.12125396728516, 425.0, 83.58526611328125], [409.0539245605469, 77.88455200195312, 425.0, 84.36878967285156], [411.5888366699219, 76.06932067871094, 425.0, 82.97323608398438], [406.6678466796875, 75.83566284179688, 425.0, 84.5231704711914], [407.49127197265625, 76.96588897705078, 425.0, 84.19302368164062], [406.6348571777344, 76.7974624633789, 425.0, 83.99896240234375], [406.6805114746094, 76.94938659667969, 425.0, 84.0876693725586], [407.4656982421875, 77.230712890625, 425.0, 83.69509887695312], [414.34246826171875, 75.74461364746094, 425.0, 86.19197845458984], [305.1622619628906, 244.45004272460938, 348.439453125, 291.9516906738281], [409.36138916015625, 76.11624145507812, 425.0, 83.34524536132812], [411.12841796875, 77.03626251220703, 425.0, 86.77696228027344], [406.920166015625, 56.43437576293945, 425.0, 77.78873443603516], [304.34326171875, 245.37449645996094, 341.3136901855469, 291.7226257324219], [305.6068420410156, 238.3751678466797, 351.575927734375, 291.92327880859375], [306.0278015136719, 225.54330444335938, 380.9968566894531, 292.3586730957031], [408.2425231933594, 80.74824523925781, 425.0, 103.37377166748047], [308.34130859375, 244.90011596679688, 352.49212646484375, 288.8851623535156], [405.260009765625, 74.01512145996094, 425.0, 86.93388366699219], [413.03973388671875, 69.73274230957031, 425.0, 174.11492919921875], [407.10357666015625, 32.48150634765625, 425.0, 69.54230499267578], [415.70941162109375, 45.66712188720703, 425.0, 140.90931701660156], [406.9123229980469, 80.04794311523438, 425.0, 101.81061553955078], [304.6258239746094, 238.23216247558594, 343.52374267578125, 287.6842041015625], [402.10906982421875, 61.04865264892578, 425.0, 83.37759399414062], [409.5973205566406, 84.50505065917969, 425.0, 292.92059326171875], [407.9645690917969, 61.83256149291992, 425.0, 103.98173522949219], [406.6723327636719, 48.84225845336914, 425.0, 83.8477783203125], [308.4771423339844, 237.44036865234375, 362.29058837890625, 288.6560974121094], [407.8845520019531, 68.81571197509766, 425.0, 89.76451873779297], [406.383056640625, 41.92544937133789, 425.0, 96.4399185180664], [295.6302795410156, 200.04139709472656, 385.5491638183594, 294.782470703125], [314.10577392578125, 238.79432678222656, 370.68841552734375, 287.6907043457031], [41.368263244628906, 100.70387268066406, 387.2529602050781, 320.46551513671875], [297.7855224609375, 224.25233459472656, 385.49688720703125, 293.76708984375], [39.7089958190918, 94.05400848388672, 396.3696594238281, 368.7142028808594], [52.30720520019531, 112.44609832763672, 386.1700134277344, 332.2283935546875], [41.52231216430664, 99.03633117675781, 382.2818298339844, 252.4311065673828], [60.04248809814453, 218.31019592285156, 385.7692565917969, 296.12677001953125], [56.1966667175293, 211.08937072753906, 386.00811767578125, 293.946044921875], [42.78707504272461, 117.69960021972656, 381.1847229003906, 278.95904541015625], [36.4102783203125, 87.65475463867188, 407.1817626953125, 356.15533447265625], [45.79266357421875, 98.65740203857422, 374.7835388183594, 248.037353515625], [41.99720764160156, 107.49797821044922, 384.9686279296875, 280.46649169921875], [302.6497802734375, 210.56912231445312, 385.9734191894531, 297.2425231933594], [342.9730529785156, 240.02896118164062, 368.9400939941406, 270.4312744140625], [311.0652160644531, 237.936279296875, 348.6388854980469, 276.1719665527344], [409.3284912109375, 81.54595184326172, 425.0, 156.43450927734375], [319.6380920410156, 245.5904541015625, 361.6470642089844, 285.2601623535156], [45.62521743774414, 126.21343994140625, 384.4790344238281, 302.66473388671875], [29.632797241210938, 87.75869750976562, 417.5127868652344, 387.4486389160156], [30.710115432739258, 89.75965118408203, 399.8702392578125, 318.80853271484375], [306.17626953125, 225.39833068847656, 381.52587890625, 291.72662353515625], [37.904144287109375, 87.88796997070312, 404.9327392578125, 376.1169128417969], [102.3810806274414, 42.46794891357422, 416.1956481933594, 71.3193359375], [42.298519134521484, 125.25110626220703, 389.7979431152344, 334.8423156738281], [310.94036865234375, 225.42385864257812, 381.41387939453125, 289.9112548828125], [45.09019088745117, 126.66502380371094, 375.0019836425781, 320.49456787109375], [134.2232666015625, 82.1706314086914, 410.2191162109375, 150.360107421875], [58.36894607543945, 208.9519500732422, 381.19317626953125, 295.1230163574219], [415.0954284667969, 78.81056213378906, 425.0, 161.93052673339844], [364.30303955078125, 245.0755615234375, 382.2088317871094, 270.3766174316406], [44.258541107177734, 98.25173950195312, 386.3959655761719, 256.532958984375], [335.047119140625, 227.72418212890625, 362.0618896484375, 253.1692352294922], [32.476680755615234, 96.45479583740234, 412.8807067871094, 368.95306396484375], [305.2861022949219, 217.3848114013672, 382.94927978515625, 293.4787292480469], [305.1207275390625, 201.444580078125, 388.7999267578125, 312.33831787109375], [305.50140380859375, 221.4376678466797, 384.4369201660156, 296.61279296875], 