{"labels": [63, 41, 73, 73, 73, 66, 73, 73, 73, 73, 73, 73, 73, 73, 73, 73, 73, 73, 73, 73, 73, 73, 73, 73, 73, 73, 73, 73, 73, 65, 73, 73, 73, 73, 73, 73, 73, 73, 73, 73, 73, 73, 73, 73, 73, 73, 65, 73, 73, 73, 73, 73, 60, 73, 73, 73, 73, 73, 73, 73, 60, 60, 73, 73, 73, 73, 60, 73, 73, 73, 73, 73, 73, 64, 65, 60, 64, 64, 56, 65, 65, 41, 65, 60, 45, 60, 73, 43, 45, 67, 73, 66, 41, 64, 56, 73, 0, 73, 66, 66], "scores": [0.9963468909263611, 0.9788731336593628, 0.9174396991729736, 0.862919807434082, 0.8457565307617188, 0.8384990692138672, 0.809209406375885, 0.8038724660873413, 0.798298180103302, 0.7642196416854858, 0.7559361457824707, 0.7497057914733887, 0.7449199557304382, 0.7347896695137024, 0.7226095795631409, 0.7191715240478516, 0.7079934477806091, 0.703822910785675, 0.7004687786102295, 0.6952200531959534, 0.6885623931884766, 0.6772393584251404, 0.6684575080871582, 0.6566838622093201, 0.6364386677742004, 0.6246881484985352, 0.5868590474128723, 0.5842400193214417, 0.5798380970954895, 0.5664220452308655, 0.5597096681594849, 0.5562880039215088, 0.5486963987350464, 0.5468007326126099, 0.5444513559341431, 0.5416350364685059, 0.5402409434318542, 0.5381805896759033, 0.5299434661865234, 0.5253990292549133, 0.5222989320755005, 0.5017834305763245, 0.49489590525627136, 0.46474704146385193, 0.45739758014678955, 0.4414316713809967, 0.4240097105503082, 0.4144173860549927, 0.3680546283721924, 0.36628323793411255, 0.35924220085144043, 0.349883496761322, 0.34803953766822815, 0.34383317828178406, 0.33313217759132385, 0.3173268139362335, 0.3087316155433655, 0.30651193857192993, 0.3021913468837738, 0.29027777910232544, 0.2733832597732544, 0.2662712335586548, 0.25213032960891724, 0.24955947697162628, 0.24200579524040222, 0.23231160640716553, 0.20651665329933167, 0.19379368424415588, 0.1935979425907135, 0.17495256662368774, 0.15676841139793396, 0.15406644344329834, 0.1517840176820755, 0.12598790228366852, 0.12360510975122452, 0.11961280554533005, 0.11198339611291885, 0.0993448942899704, 0.09709485620260239, 0.09625591337680817, 0.09448420256376266, 0.08917056769132614, 0.058709386736154556, 0.05159382149577141, 0.038357459008693695, 0.035261303186416626, 0.03292866423726082, 0.03191068023443222, 0.029647979885339737, 0.02798854373395443, 0.026266619563102722, 0.025638751685619354, 0.024847285822033882, 0.023125432431697845, 0.022113719955086708, 0.015254389494657516, 0.014893247745931149, 0.013919182121753693, 0.01316976547241211, 0.004250597674399614], "bboxes": [[25.32809829711914, 33.270328521728516, 424.99267578125, 395.69842529296875], [368.6034240722656, 135.64663696289062, 425.0, 197.03164672851562], [293.4994812011719, 0.8676897883415222, 345.4084167480469, 100.21406555175781], [343.9576416015625, 0.09861104190349579, 404.9661865234375, 103.77398681640625], [220.59559631347656, 0.0, 276.22607421875, 51.30891036987305], [58.11758041381836, 200.23033142089844, 364.6073303222656, 281.34033203125], [315.34442138671875, 0.8825279474258423, 362.1543884277344, 102.31275177001953], [220.8488006591797, 0.0, 266.8555603027344, 50.83737564086914], [265.63446044921875, 0.0, 311.5395812988281, 63.73076248168945], [386.9218444824219, 38.034217834472656, 425.0, 88.04621887207031], [263.4500427246094, 0.0, 312.3818054199219, 59.901859283447266], [326.3951110839844, 0.44190993905067444, 370.8759765625, 102.44671630859375], [145.90977478027344, 0.0, 172.71014404296875, 41.63666534423828], [270.80987548828125, 0.0, 322.69085693359375, 81.04058074951172], [330.4169921875, 0.23315231502056122, 385.93060302734375, 102.91503143310547], [174.60614013671875, 0.0, 207.79331970214844, 43.58417510986328], [197.7490692138672, 0.0, 238.8854522705078, 46.74369430541992], [148.6488037109375, 0.0, 181.00425720214844, 41.72259521484375], [253.68801879882812, 0.0, 300.8157043457031, 55.18385696411133], [181.32711791992188, 0.0, 212.8024139404297, 43.59086608886719], [383.7300720214844, 22.513019561767578, 425.0, 92.4704360961914], [242.46810913085938, 0.0, 284.843017578125, 52.71002197265625], [137.7761993408203, 0.0, 161.14981079101562, 40.29307556152344], [206.0122833251953, 0.0, 241.83277893066406, 46.84591293334961], [102.2874755859375, 0.0, 135.68234252929688, 39.79067611694336], [237.13502502441406, 0.0, 299.2305908203125, 55.25922393798828], [164.29946899414062, 0.0, 191.41917419433594, 42.32781982421875], [385.56951904296875, 22.926837921142578, 425.0, 87.19023895263672], [192.8084259033203, 0.0, 231.4839324951172, 45.166568756103516], [337.3562927246094, 175.566650390625, 386.2561950683594, 197.94424438476562], [160.44088745117188, 0.0, 215.13316345214844, 44.78984069824219], [284.86602783203125, 0.6569435596466064, 326.455322265625, 95.01538848876953], [375.0777282714844, 0.0, 425.0, 34.255516052246094], [179.90968322753906, 0.0, 246.78494262695312, 47.20454025268555], [391.4014587402344, 64.73828125, 425.0, 94.08712768554688], [317.6543273925781, 4.478271961212158, 356.2812805175781, 102.10868072509766], [406.5430603027344, 0.0, 425.0, 32.58347702026367], [147.48507690429688, 0.0, 172.44578552246094, 41.010215759277344], [390.0826721191406, 61.34736251831055, 425.0, 92.74562072753906], [295.5567321777344, 0.845992922782898, 337.47589111328125, 98.41393280029297], [296.3161926269531, 0.2283867448568344, 343.0020751953125, 87.09391021728516], [189.82542419433594, 0.0, 243.98533630371094, 47.645973205566406], [204.9558563232422, 0.03252467140555382, 286.5931701660156, 51.196800231933594], [76.01490783691406, 0.0, 127.61412811279297, 36.59849548339844], [230.2160186767578, 0.0, 291.717529296875, 56.01669692993164], [240.5110321044922, 0.0, 280.2733154296875, 51.018428802490234], [6.062710762023926, 206.39865112304688, 68.06019592285156, 235.14657592773438], [125.30448913574219, 0.0, 149.70677185058594, 40.18305206298828], [318.39910888671875, 0.27252137660980225, 394.1953125, 103.21492767333984], [8.732213020324707, 0.0, 66.49214935302734, 92.5503921508789], [407.8057861328125, 60.41033935546875, 425.0, 92.90828704833984], [8.26258373260498, 0.0, 70.04522705078125, 55.719627380371094], [0.041291117668151855, 0.0, 425.0, 424.6835021972656], [243.2169952392578, 0.0, 336.96002197265625, 76.81181335449219], [0.036601535975933075, 74.19586944580078, 69.69953918457031, 164.9964141845703], [129.64755249023438, 0.0, 153.42440795898438, 38.696205139160156], [114.46258544921875, 0.0, 168.91029357910156, 40.67660903930664], [356.42327880859375, 0.0, 396.80865478515625, 35.8663444519043], [115.2770767211914, 0.001863483339548111, 137.95504760742188, 40.55862808227539], [60.104705810546875, 0.0, 89.85624694824219, 48.25100326538086], [0.12207478284835815, 100.17678833007812, 425.0, 425.0], [0.11594444513320923, 158.29881286621094, 425.0, 424.88958740234375], [156.42356872558594, 0.0, 187.20729064941406, 43.461177825927734], [56.000823974609375, 0.0, 89.46305847167969, 45.94393539428711], [138.6197052001953, 0.0, 374.00323486328125, 55.41649627685547], [239.89361572265625, 0.0, 344.3921203613281, 84.94496154785156], [0.09978264570236206, 179.82943725585938, 425.0, 425.0], [387.06658935546875, 25.753345489501953, 425.0, 191.0229949951172], [0.0, 0.5947631001472473, 15.960630416870117, 127.09880065917969], [0.0, 0.46364477276802063, 53.44405746459961, 127.37013244628906], [278.63861083984375, 0.0, 319.638671875, 53.38450241088867], [0.1028573140501976, 67.95539855957031, 73.3343505859375, 170.26889038085938], [348.5700988769531, 11.282459259033203, 424.98583984375, 110.07032775878906], [0.0, 166.61146545410156, 2.5429461002349854, 222.9689178466797], [334.3831481933594, 175.47052001953125, 384.4060363769531, 195.75706481933594], [0.09884536266326904, 157.24034118652344, 425.0, 424.4269714355469], [0.0, 165.54005432128906, 2.675208330154419, 216.25587463378906], [0.0, 153.23228454589844, 4.218914985656738, 236.90188598632812], [278.27294921875, 351.5950927734375, 425.0, 425.0], [4.378777503967285, 205.96697998046875, 67.23583221435547, 234.50942993164062], [330.7391662597656, 176.26400756835938, 