{"labels": [0, 0, 24, 24, 9, 24, 24, 24, 26, 24, 24, 24, 9, 26, 24, 9, 13, 13, 24, 24, 24, 24, 24, 67, 67, 67, 13, 13, 24, 24, 24, 24, 24, 13, 24, 24, 9, 0, 24, 0, 13, 67, 24, 24, 26, 24, 24, 24, 0, 0, 24, 24, 0, 24, 26, 24, 0, 26, 24, 0, 0, 24, 24, 0, 0, 0, 24, 26, 24, 0, 0, 24, 0, 26, 13, 0, 0, 0, 24, 0, 26, 13, 67, 0, 24, 30, 13, 9, 0, 24, 0, 26, 24, 9, 9, 9, 30, 9, 13, 0], "scores": [0.9994809031486511, 0.9957977533340454, 0.952276885509491, 0.7291623950004578, 0.6394414305686951, 0.40013623237609863, 0.26700690388679504, 0.2582915723323822, 0.22719815373420715, 0.20871078968048096, 0.19294431805610657, 0.19186481833457947, 0.19055362045764923, 0.17725767195224762, 0.17487461864948273, 0.1667756289243698, 0.16585351526737213, 0.15998798608779907, 0.15858769416809082, 0.1426692008972168, 0.13139832019805908, 0.12629364430904388, 0.12155573815107346, 0.11871449649333954, 0.1110960841178894, 0.10760074853897095, 0.10576599091291428, 0.09773926436901093, 0.09357822686433792, 0.08917330950498581, 0.08858683705329895, 0.08829528093338013, 0.08669459819793701, 0.08585343509912491, 0.08473651111125946, 0.08467904478311539, 0.08354814350605011, 0.08034420013427734, 0.07830619066953659, 0.0762358158826828, 0.07496792078018188, 0.07479704916477203, 0.0700032189488411, 0.06663244217634201, 0.06459151208400726, 0.059319064021110535, 0.058801375329494476, 0.052175577729940414, 0.05089137703180313, 0.049342092126607895, 0.047663815319538116, 0.04438287392258644, 0.0431685596704483, 0.039897628128528595, 0.039334818720817566, 0.03882218897342682, 0.03819799795746803, 0.03724176809191704, 0.036005787551403046, 0.0344076044857502, 0.033690329641103745, 0.0323474258184433, 0.031769804656505585, 0.028910920023918152, 0.02861371636390686, 0.02786204405128956, 0.02714947983622551, 0.026853244751691818, 0.026193009689450264, 0.024876656010746956, 0.02056398242712021, 0.01885318011045456, 0.017444588243961334, 0.017345935106277466, 0.01648552343249321, 0.016375260427594185, 0.012734969146549702, 0.012266788631677628, 0.01114326249808073, 0.010952661745250225, 0.0108597157523036, 0.01064548920840025, 0.010115971788764, 0.009866341017186642, 0.009488296695053577, 0.00917490292340517, 0.008417448960244656, 0.007553087547421455, 0.007163376547396183, 0.00587453180924058, 0.005743822548538446, 0.005384135525673628, 0.00490347808226943, 0.004262341186404228, 0.0038644536398351192, 0.0036292497534304857, 0.003418422071263194, 0.003095122752711177, 0.0019471102859824896, 0.0012378996470943093], "bboxes": [[259.6477355957031, 105.03140258789062, 374.70697021484375, 414.6377258300781], [15.325973510742188, 43.25907516479492, 71.44926452636719, 168.36648559570312], [286.7815856933594, 147.87448120117188, 356.8027038574219, 229.90011596679688], [286.6212463378906, 145.86402893066406, 381.411376953125, 234.20407104492188], [61.52560043334961, 125.11495971679688, 75.29939270019531, 155.04258728027344], [356.37152099609375, 151.92340087890625, 386.2001037597656, 243.3651123046875], [361.5799560546875, 157.95718383789062, 382.5005798339844, 219.99066162109375], [359.39898681640625, 154.0926513671875, 382.5954284667969, 217.97215270996094], [29.498023986816406, 85.42236328125, 47.52063751220703, 121.66612243652344], [352.0827941894531, 150.48757934570312, 382.6781921386719, 227.53565979003906], [289.2159118652344, 150.1139678955078, 345.6290283203125, 196.06350708007812], [298.2185363769531, 146.81329345703125, 350.60040283203125, 192.19081115722656], [63.06211471557617, 126.8179931640625, 74.86199951171875, 154.34280395507812], [34.724647521972656, 70.72977447509766, 59.40004348754883, 120.24160766601562], [296.4085388183594, 145.5905303955078, 356.6438903808594, 199.08016967773438], [61.39525604248047, 126.66287231445312, 73.38821411132812, 154.42276000976562], [0.0, 205.59063720703125, 38.72843551635742, 294.99542236328125], [0.0, 193.0108184814453, 38.96856689453125, 232.3177947998047], [355.6148681640625, 151.75967407226562, 378.0430603027344, 200.76028442382812], [301.99273681640625, 145.99530029296875, 357.59869384765625, 201.34640502929688], [47.025882720947266, 69.73338317871094, 62.512054443359375, 97.64166259765625], [346.4419860839844, 148.40318298339844, 374.57708740234375, 209.2942657470703], [290.74505615234375, 147.82852172851562, 385.7866516113281, 252.42832946777344], [14.593908309936523, 78.73831176757812, 25.352964401245117, 89.52934265136719], [36.67298889160156, 52.181419372558594, 51.79143142700195, 69.06063842773438], [41.046051025390625, 51.16927719116211, 56.99329376220703, 68.33348083496094], [0.0, 217.83596801757812, 35.50442886352539, 298.8516845703125], [0.0, 172.22250366210938, 40.49535369873047, 304.55767822265625], [362.9583435058594, 160.4162139892578, 385.7425842285156, 243.73411560058594], [365.1005554199219, 159.5550994873047, 386.7727355957031, 242.42446899414062], [278.00982666015625, 156.8553924560547, 303.9732971191406, 220.71156311035156], [357.730712890625, 153.75318908691406, 385.9153747558594, 251.66859436035156], [45.00956726074219, 73.54924011230469, 61.04346466064453, 109.77664184570312], [0.01101149246096611, 184.37095642089844, 41.05922317504883, 306.25640869140625], [48.8956184387207, 72.34954071044922, 63.02277755737305, 102.82363891601562], [360.95965576171875, 155.68862915039062, 386.21533203125, 243.92532348632812], [64.16593933105469, 128.0706024169922, 75.7234878540039, 154.66665649414062], [313.27410888671875, 140.34756469726562, 386.48321533203125, 243.08038330078125], [293.1725769042969, 152.75283813476562, 344.15753173828125, 201.71255493164062], [355.77508544921875, 124.75559997558594, 387.87664794921875, 392.4526062011719], [0.006440654397010803, 185.9945526123047, 39.336456298828125, 238.15406799316406], [13.324544906616211, 81.15646362304688, 25.61994743347168, 95.54084014892578], [49.80941390991211, 72.90178680419922, 64.434814453125, 101.11404418945312], [302.42645263671875, 178.5445098876953, 347.6520080566406, 235.44244384765625], [14.95016860961914, 83.7854232788086, 35.86027908325195, 165.23973083496094], [315.6839599609375, 148.1343536376953, 380.91876220703125, 230.26808166503906], [304.0138244628906, 144.359130859375, 368.0358581542969, 192.8059844970703], [280.2972717285156, 157.36122131347656, 303.4814758300781, 204.1052703857422], [317.6241760253906, 108.86412811279297, 385.8395690917969, 239.9410858154297], [282.8264465332031, 144.1321563720703, 371.8293151855469, 374.34515380859375], [279.16790771484375, 156.20062255859375, 304.28900146484375, 203.9605255126953], [284.58740234375, 158.08468627929688, 333.77166748046875, 248.89157104492188], [284.9625244140625, 138.1811065673828, 388.1606750488281, 385.36175537109375], [280.7403869628906, 147.94664001464844, 356.69097900390625, 231.91690063476562], [16.83900260925293, 77.75858306884766, 33.02878189086914, 107.04019165039062], [38.321990966796875, 56.42837142944336, 64.05323791503906, 94.48419952392578], [418.0801086425781, 95.81922149658203, 425.0, 255.68597412109375], [28.685461044311523, 97.31729125976562, 47.02451705932617, 154.37887573242188], [364.6961975097656, 215.10629272460938, 383.0895690917969, 246.7643280029297], [418.10760498046875, 127.95249938964844, 425.0, 172.58493041992188], [419.5924072265625, 83.91436004638672, 425.0, 393.2959899902344], [276.4613342285156, 127.99970245361328, 368.87493896484375, 218.5010986328125], [38.240474700927734, 141.58311462402344, 379.2721862792969, 237.5946502685547], [420.83349609375, 116.82583618164062, 425.0, 222.00775146484375], [37.29547882080078, 67.0219497680664, 64.39810943603516, 157.32061767578125], [10.961066246032715, 43.60264587402344, 73.04283905029297, 227.02407836914062], [279.1059265136719, 155.0485382080078, 352.82073974609375, 310.7025146484375], [23.86189079284668, 76.54325103759766, 46.313934326171875, 162.2109832763672], [44.88321304321289, 70.52387237548828, 66.40677642822266, 152.75799560546875], [280.85711669921875, 128.78598022460938, 386.413818359375, 255.15553283691406], 