{"labels": [14, 14, 14, 14, 14, 14, 14, 14, 14, 14, 14, 14, 14, 14, 14, 14, 14, 14, 14, 14, 14, 14, 14, 14, 14, 14, 14, 14, 14, 14, 14, 14, 14, 14, 14, 14, 14, 14, 14, 14, 14, 14, 14, 14, 14, 14, 14, 14, 14, 14, 14, 14, 14, 14, 14, 14, 14, 14, 14, 14, 14, 14, 14, 14, 14, 14, 14, 14, 14, 14, 14, 14, 14, 14, 14, 14, 14, 14, 14, 14, 14, 14, 14, 14, 14, 14, 14, 14, 14, 39, 14, 14, 14, 14, 39, 14, 14, 14, 14, 60], "scores": [0.996493399143219, 0.026185128837823868, 0.014867127873003483, 0.013286234810948372, 0.009944438934326172, 0.00950392335653305, 0.009476982988417149, 0.008787460625171661, 0.007132641039788723, 0.005086859222501516, 0.004780594725161791, 0.00370939658023417, 0.0036652605049312115, 0.0035234643146395683, 0.002974501810967922, 0.002932981587946415, 0.0029203882440924644, 0.002906066831201315, 0.002795747248455882, 0.0026259839069098234, 0.0026008670683950186, 0.0024619216565042734, 0.0024036294780671597, 0.0023893131874501705, 0.0023775026202201843, 0.0021765443962067366, 0.0021513449028134346, 0.0021461660508066416, 0.002059333026409149, 0.0020001325756311417, 0.0019538002088665962, 0.0018005473539233208, 0.0017879357328638434, 0.001711751101538539, 0.0016534985043108463, 0.001536023337393999, 0.0015148048987612128, 0.0014650920638814569, 0.001383199356496334, 0.0013271881034597754, 0.0012856844114139676, 0.0012092872057110071, 0.0011986393947154284, 0.0011848816648125648, 0.0011375902686268091, 0.0011273182462900877, 0.0011139893904328346, 0.0010854039574041963, 0.0010370376985520124, 0.0010012205457314849, 0.0009735135245136917, 0.0009694751352071762, 0.0009258311474695802, 0.0009005810134112835, 0.0008893064805306494, 0.0008306701201945543, 0.0008248892263509333, 0.0008234126144088805, 0.0008078368264250457, 0.0007758616702631116, 0.0007218854734674096, 0.0007191202021203935, 0.0007107710698619485, 0.0007030001725070179, 0.0006526324432343245, 0.000594426819588989, 0.0005907201557420194, 0.0005905891885049641, 0.0005674166604876518, 0.0005533473449759185, 0.0005390862934291363, 0.0005374950706027448, 0.0004897341714240611, 0.00047856790479272604, 0.00047610903857275844, 0.00047580632963217795, 0.00047096677008084953, 0.0004690044734161347, 0.0004587522125802934, 0.00043762309360317886, 0.00042374394251964986, 0.0004145430866628885, 0.0004054936580359936, 0.0003981571935582906, 0.0003907997743226588, 0.0003606655518524349, 0.00035521481186151505, 0.0003435560502111912, 0.00033064611488953233, 0.00028401133022271097, 0.0002328109258087352, 0.0002282600908074528, 0.00021759768424089998, 0.00021011935314163566, 0.00020212687377352268, 0.00020186754409223795, 0.0001901288633234799, 0.00018278241623193026, 0.00015645167150069028, 0.00010978872887790203], "bboxes": [[49.440956115722656, 180.0704803466797, 258.22998046875, 414.9056396484375], [245.23324584960938, 349.1590576171875, 347.758544921875, 419.9456481933594], [247.8837890625, 350.411376953125, 339.99603271484375, 419.07061767578125], [48.933876037597656, 179.27072143554688, 211.30645751953125, 413.6376953125], [242.11607360839844, 351.8208312988281, 351.50115966796875, 423.28704833984375], [243.2932891845703, 343.27435302734375, 362.2582702636719, 422.5570068359375], [258.287109375, 349.9642028808594, 343.1309814453125, 416.7974853515625], [257.53509521484375, 352.7459411621094, 347.5157165527344, 421.2253112792969], [241.7750244140625, 345.1802673339844, 352.4412536621094, 421.8663024902344], [238.69918823242188, 339.5678405761719, 387.1285705566406, 424.2180480957031], [417.0882568359375, 326.843994140625, 424.9949645996094, 412.580078125], [416.5779724121094, 321.3798522949219, 424.9868469238281, 420.1453857421875], [421.2558898925781, 235.76954650878906, 425.0, 411.24853515625], [207.732666015625, 350.9390869140625, 344.7703552246094, 423.2745666503906], [103.30485534667969, 181.76092529296875, 222.94715881347656, 394.97314453125], [147.84982299804688, 343.94342041015625, 352.4161376953125, 423.57061767578125], [48.200008392333984, 180.32696533203125, 214.51332092285156, 415.687744140625], [142.14398193359375, 346.0507507324219, 349.02154541015625, 423.4925537109375], [242.5047149658203, 346.93170166015625, 425.0, 423.9893798828125], [415.2175598144531, 303.59173583984375, 425.0, 424.969482421875], [189.7455596923828, 346.97698974609375, 346.72991943359375, 422.4061584472656], [109.3297119140625, 184.23887634277344, 262.8297424316406, 382.0979919433594], [418.0489807128906, 240.25106811523438, 425.0, 420.3623352050781], [62.957794189453125, 179.7451171875, 259.94232177734375, 408.36138916015625], [412.8993225097656, 334.61187744140625, 424.98333740234375, 424.4503173828125], [50.09919357299805, 176.14688110351562, 422.49627685546875, 422.779052734375], [50.893733978271484, 183.71444702148438, 367.7611083984375, 423.6581115722656], [56.42934799194336, 181.6936798095703, 252.7631072998047, 395.0964660644531], [294.50408935546875, 0.0, 336.385009765625, 2.1610143184661865], [49.57439041137695, 7.382155418395996, 250.63499450683594, 415.439453125], [52.197418212890625, 184.20616149902344, 275.3016052246094, 421.84307861328125], [94.81322479248047, 190.36398315429688, 209.6786651611328, 412.4327392578125], [100.4239501953125, 178.61688232421875, 262.49859619140625, 400.6476135253906], [412.5889587402344, 272.7081298828125, 425.0, 424.8780212402344], [329.36358642578125, 258.42919921875, 425.0, 417.6741943359375], [55.122642517089844, 82.36552429199219, 262.8275451660156, 423.28143310546875], [48.173484802246094, 181.74435424804688, 164.21450805664062, 409.8680419921875], [182.31015014648438, 0.0, 329.71051025390625, 2.4657764434814453], [106.36376190185547, 186.72610473632812, 219.8513641357422, 410.744873046875], [231.63377380371094, 337.1011962890625, 369.4328918457031, 420.7862243652344], [58.9106559753418, 181.6956024169922, 256.9736633300781, 403.6766662597656], [1.4529153108596802, 168.66001892089844, 424.5501403808594, 416.5800476074219], [418.7032775878906, 93.81017303466797, 425.0, 416.843505859375], [352.6915283203125, 277.7941589355469, 422.1121520996094, 304.51239013671875], [55.50015640258789, 179.19186401367188, 259.3668518066406, 409.7783508300781], [43.23782730102539, 179.81198120117188, 368.577880859375, 423.1565856933594], [51.659000396728516, 180.8649444580078, 263.77935791015625, 417.846435546875], [306.57855224609375, 273.3548889160156, 421.6586608886719, 304.3757019042969], [420.3921203613281, 99.83153533935547, 425.0, 156.12721252441406], [134.65621948242188, 0.0, 171.1871337890625, 3.557770013809204], [104.41581726074219, 183.42672729492188, 259.90960693359375, 382.689697265625], [32.01641082763672, 87.35208129882812, 283.2510986328125, 425.0], [216.89376831054688, 136.2058563232422, 364.8659973144531, 272.25994873046875], [398.3950500488281, 293.1795349121094, 425.0, 394.723876953125], [140.8546142578125, 342.70074462890625, 417.912841796875, 424.8717346191406], [103.24358367919922, 350.4195861816406, 347.80450439453125, 424.4482421875], [52.65831756591797, 0.0, 170.84536743164062, 3.8743045330047607], [261.5977783203125, 0.0, 346.7624816894531, 2.5542383193969727], [2.467334270477295, 221.0069580078125, 81.00999450683594, 253.69265747070312], [143.77035522460938, 370.9569396972656, 332.4520263671875, 424.3009033203125], [49.039154052734375, 172.6802215576172, 291.1544494628906, 422.1797790527344], [45.650875091552734, 172.9814453125, 297.4225769042969, 423.11273193359375], [418.5477294921875, 30.792558670043945, 425.0, 421.0389709472656], [58.46592712402344, 344.5925598144531, 358.1282043457031, 423.93963623046875], [251.2453155517578, 294.015869140625, 424.6191711425781, 421.8853454589844], [218.63304138183594, 272.5992431640625, 423.41064453125, 315.5652160644531], [53.20759582519531, 178.31350708007812, 269.06884765625, 420.9090881347656], [121.95195007324219, 0.0, 179.159423828125, 3.3638858795166016], [419.17694091796875, 28.3759765625, 425.0, 421.9035949707031], [260.9441833496094, 317.5256652832031, 424.33074951171875, 416.6323547363281], 