{"labels": [47, 0, 0, 60, 60, 0, 13, 0, 60, 60, 60, 60, 60, 60, 0, 13, 60, 13, 0, 0, 60, 25, 13, 60, 60, 13, 26, 13, 60, 60, 47, 0, 47, 13, 47, 60, 2, 47, 0, 26, 13, 0, 2, 0, 0, 26, 0, 60, 0, 2, 0, 60, 47, 0, 26, 0, 0, 47, 60, 0, 0, 0, 0, 0, 0, 0, 56, 0, 47, 60, 56, 26, 0, 47, 47, 59, 56, 47, 56, 56, 0, 47, 56, 0, 47, 47, 13, 0, 0, 56, 47, 0, 0, 47, 47, 0, 59, 56, 47, 0], "scores": [0.9960442781448364, 0.9957740902900696, 0.5095351338386536, 0.4289051592350006, 0.1516154259443283, 0.017416540533304214, 0.015666674822568893, 0.009660852141678333, 0.009220486506819725, 0.009121761657297611, 0.00726781040430069, 0.006958067417144775, 0.006873385515064001, 0.006802697665989399, 0.006433614995330572, 0.006407886277884245, 0.006152125541120768, 0.004650705493986607, 0.004598983563482761, 0.004297968000173569, 0.0037152834702283144, 0.0033702002838253975, 0.003324578981846571, 0.0029829859267920256, 0.0028832033276557922, 0.002693634945899248, 0.0025212266482412815, 0.002506558783352375, 0.002351547824218869, 0.002300774911418557, 0.002260125009343028, 0.0022308470215648413, 0.0022259769029915333, 0.002173944376409054, 0.0021044088061898947, 0.002076931530609727, 0.0020291185937821865, 0.00201901001855731, 0.0019255357328802347, 0.0018586700316518545, 0.0018112242687493563, 0.00177380524110049, 0.0016746490728110075, 0.0016436848090961576, 0.0016041378257796168, 0.0015887399204075336, 0.0015745708951726556, 0.001552799018099904, 0.0015310473972931504, 0.001494423020631075, 0.0014347275719046593, 0.0014014762127771974, 0.0013709365157410502, 0.0012891795486211777, 0.0012888488126918674, 0.0012851532083004713, 0.00126667192671448, 0.001260329270735383, 0.0011738152243196964, 0.001098118838854134, 0.0010716337710618973, 0.001070873811841011, 0.001025757985189557, 0.001013973611406982, 0.0009752773330546916, 0.0009629428968764842, 0.0009313856135122478, 0.0009255271288566291, 0.0008901675464585423, 0.0008787576225586236, 0.0008659909944981337, 0.0008549965568818152, 0.0008426801068708301, 0.0008099161786958575, 0.0007537199417129159, 0.0007082850788719952, 0.0006939095910638571, 0.0006802577991038561, 0.0006575704319402575, 0.0006027610506862402, 0.0005788414855487645, 0.0005588958156295121, 0.0005562947480939329, 0.0005130955250933766, 0.0005049730534665287, 0.0004787849320564419, 0.00042269693221896887, 0.0003978456952609122, 0.0003367915633134544, 0.0003252091119065881, 0.0003205261309631169, 0.00031086389208212495, 0.0003069801605306566, 0.0003021592565346509, 0.00027779649826698005, 0.00023452345340047032, 0.00022890335822012275, 0.000218462897464633, 0.00012199661432532594, 0.00011231937241973355], "bboxes": [[178.045654296875, 286.7939147949219, 249.49252319335938, 337.29010009765625], [62.46318817138672, 110.54801177978516, 307.0028991699219, 424.4349060058594], [63.105255126953125, 111.25791931152344, 425.0, 425.0], [0.0983893871307373, 204.95022583007812, 425.0, 424.80059814453125], [0.055958330631256104, 168.85476684570312, 425.0, 424.4303894042969], [0.24701207876205444, 104.89297485351562, 425.0, 425.0], [0.04070848226547241, 170.68502807617188, 425.0, 395.6910095214844], [0.13866722583770752, 74.37870788574219, 425.0, 425.0], [0.0, 215.24517822265625, 125.32378387451172, 424.331298828125], [0.26770830154418945, 204.2509002685547, 424.0171203613281, 424.8139343261719], [0.0, 211.5989990234375, 138.5502471923828, 423.52520751953125], [0.08503943681716919, 120.3632583618164, 425.0, 423.8644714355469], [5.176855087280273, 210.66744995117188, 389.3807067871094, 424.63885498046875], [0.0, 205.82589721679688, 329.5671081542969, 424.326904296875], [38.55003356933594, 109.18260955810547, 366.81402587890625, 408.5635681152344], [28.43229103088379, 170.1060333251953, 425.0, 423.0798034667969], [0.0, 214.84230041503906, 125.45865631103516, 424.01544189453125], [0.036528706550598145, 170.84129333496094, 425.0, 423.69769287109375], [48.91372299194336, 108.67628479003906, 306.142822265625, 364.1106872558594], [64.35261535644531, 109.65617370605469, 304.6080322265625, 352.8348083496094], [0.0, 212.29766845703125, 118.94320678710938, 423.313232421875], [0.08440613746643066, 105.70125579833984, 425.0, 425.0], [0.0, 208.3442840576172, 160.98062133789062, 422.5030822753906], [0.0, 207.7164764404297, 156.7816162109375, 422.95782470703125], [0.0, 194.68368530273438, 138.7476806640625, 423.79144287109375], [281.7740478515625, 167.73379516601562, 425.0, 423.68695068359375], [96.86447143554688, 420.1600646972656, 163.27366638183594, 425.0], [0.0, 176.81600952148438, 424.91937255859375, 423.42083740234375], [0.0, 206.8264923095703, 161.4019012451172, 422.79949951171875], [0.13484209775924683, 179.96231079101562, 425.0, 425.0], [128.30482482910156, 279.0482482910156, 254.55885314941406, 348.8261413574219], [346.4765625, 0.0, 424.4721984863281, 8.361800193786621], [175.31390380859375, 278.53680419921875, 253.43467712402344, 343.4372253417969], [284.3429260253906, 167.5395050048828, 425.0, 424.2689208984375], [175.17234802246094, 275.5220642089844, 255.45669555664062, 342.9488525390625], [0.1642271876335144, 84.85057830810547, 425.0, 425.0], [286.9481506347656, 0.0, 419.7677917480469, 11.858715057373047], [174.1896209716797, 281.46112060546875, 252.10092163085938, 350.8813171386719], [0.15361309051513672, 28.596099853515625, 425.0, 421.8182373046875], [88.5369644165039, 418.6112365722656, 120.0069580078125, 425.0], [284.4034423828125, 167.49636840820312, 425.0, 424.2928466796875], [418.94024658203125, 291.9808654785156, 425.0, 422.6517028808594], [246.2890625, 0.013440195471048355, 419.11480712890625, 12.913898468017578], [295.7776794433594, 0.0, 359.3816833496094, 8.35313892364502], [310.0834655761719, 0.0, 413.394287109375, 11.25036334991455], [62.4283561706543, 420.3262634277344, 123.5673599243164, 425.0], [61.96345138549805, 101.88921356201172, 423.6037292480469, 425.0], [0.11698305606842041, 281.15704345703125, 425.0, 424.2535095214844], [0.11847922205924988, 0.0, 36.54317092895508, 12.660154342651367], [7.820828914642334, 0.0, 343.1033020019531, 11.693334579467773], [0.013859360478818417, 0.0, 6.8435959815979, 32.35372543334961], [69.77579498291016, 265.3807373046875, 421.634033203125, 424.8829345703125], [175.2714080810547, 285.09619140625, 250.07363891601562, 341.27850341796875], [289.80133056640625, 0.0, 414.54925537109375, 13.44593334197998], [49.642765045166016, 419.2623291015625, 168.26171875, 425.0], [283.8825988769531, 0.0, 326.44708251953125, 5.360894680023193], [287.27667236328125, 0.0, 341.5923767089844, 7.694867134094238], [175.05462646484375, 286.2052001953125, 250.43153381347656, 341.0429992675781], [0.0, 417.7098693847656, 424.88623046875, 425.0], [0.6450217366218567, 0.0, 95.56486511230469, 10.429758071899414], [283.0378723144531, 0.0, 350.4203796386719, 11.174707412719727], [286.4101867675781, 0.0, 335.78302001953125, 6.879896640777588], [185.12327575683594, 0.0, 342.96600341796875, 6.253582954406738], [228.60487365722656, 0.0, 347.6661376953125, 10.328571319580078], [0.0, 2.2234506607055664, 424.88165283203125, 423.1155700683594], [422.5615539550781, 139.1398162841797, 425.0, 398.7393493652344], [0.0, 357.5927734375, 29.079687118530273, 425.0], [1.4663729667663574, 421.2682800292969, 113.04583740234375, 425.0], [155.2017364501953, 279.9734191894531, 297.9668273925781, 402.2035827636719], [4.382329940795898, 205.3065948486328, 236.9307403564453, 423.4996032714844], [0.0, 9.430233001708984, 121.14524841308594, 425.0], [89.76705932617188, 420.9829406738281, 215.75379943847656, 425.0], [293.6089782714844, 0.0, 344.587646484375, 9.863166809082031], [182.36221313476562, 304.228759765625, 226.0114288330078, 335.8492736816406], [164.9338836669922, 337.54901123046875, 194.69642639160156, 359.2844543457031], [266.7319641113281, 281.84619140625, 425.0, 424.0090637207031], [0.0, 203.5712432861328, 42.40678787231445, 422.55596923828125], [186.72401428222656, 292.1593933105469, 235.73658752441406, 325.4324951171875], [0.022463127970695496, 143.21945190429688, 