{"labels": [15, 62, 15, 73, 15, 15, 73, 73, 73, 62, 73, 73, 73, 73, 15, 73, 59, 73, 59, 73, 73, 73, 15, 15, 15, 62, 73, 15, 59, 15, 73, 15, 62, 15, 59, 73, 62, 73, 62, 15, 73, 62, 73, 65, 73, 65, 73, 65, 73, 62, 62, 73, 66, 15, 62, 15, 15, 73, 15, 73, 15, 73, 59, 15, 64, 64, 73, 60, 15, 64, 62, 15, 15, 73, 15, 58, 73, 66, 66, 58, 15, 58, 59, 0, 62, 58, 59, 62, 0, 59, 59, 58, 62, 58, 58, 58, 62, 62, 58, 0], "scores": [0.9942561984062195, 0.9931339025497437, 0.9365464448928833, 0.5386433601379395, 0.32518869638442993, 0.2927437722682953, 0.24630597233772278, 0.181154265999794, 0.1631792038679123, 0.1351606547832489, 0.11347305029630661, 0.10688012093305588, 0.10390668362379074, 0.08729616552591324, 0.08339400589466095, 0.08222632855176926, 0.08066269010305405, 0.07448754459619522, 0.06274091452360153, 0.050535909831523895, 0.04789286106824875, 0.038177184760570526, 0.03383835405111313, 0.033279258757829666, 0.03272714838385582, 0.02771310694515705, 0.027554571628570557, 0.026137826964259148, 0.025974638760089874, 0.02511078491806984, 0.02372121252119541, 0.023244183510541916, 0.019779127091169357, 0.019066108390688896, 0.018712962046265602, 0.018569909036159515, 0.018184741958975792, 0.01798965409398079, 0.017263857647776604, 0.01681997999548912, 0.016513556241989136, 0.016266288235783577, 0.015100019052624702, 0.013955711387097836, 0.0139110516756773, 0.013407309539616108, 0.01304624043405056, 0.012805012054741383, 0.0127946175634861, 0.012598857283592224, 0.012473035603761673, 0.012070568278431892, 0.011952738277614117, 0.011461648158729076, 0.011399306356906891, 0.011098910123109818, 0.010846882127225399, 0.009761772118508816, 0.009670956060290337, 0.008736002258956432, 0.00862196460366249, 0.007840448059141636, 0.007316149305552244, 0.006979072466492653, 0.006548214703798294, 0.006444770377129316, 0.0061977035365998745, 0.005864485166966915, 0.00574153196066618, 0.00552795547991991, 0.0050710816867649555, 0.0045044017024338245, 0.004395862575620413, 0.004241329617798328, 0.004040784202516079, 0.004034888464957476, 0.0037599997594952583, 0.003731214441359043, 0.003475816920399666, 0.0033367944415658712, 0.0032888022251427174, 0.003179094986990094, 0.0031732250936329365, 0.003169689327478409, 0.003098459681496024, 0.0030863683205097914, 0.0029642509762197733, 0.002879806561395526, 0.002711478853598237, 0.0025160338263958693, 0.001965617761015892, 0.001695801387540996, 0.0016816197894513607, 0.001630426850169897, 0.0014129856135696173, 0.0013284144224599004, 0.0012058665743097663, 0.0011030074674636126, 0.0007892142748460174, 0.0001016089299810119], "bboxes": [[11.00662899017334, 149.58831787109375, 279.07965087890625, 424.1370849609375], [1.5680365562438965, 88.2896728515625, 415.2739562988281, 365.26055908203125], [196.87464904785156, 156.57115173339844, 336.457763671875, 330.0406494140625], [360.4317932128906, 364.9656677246094, 425.0, 389.4148864746094], [13.973358154296875, 149.01307678222656, 334.3277587890625, 424.3109130859375], [28.921350479125977, 149.10934448242188, 334.9605407714844, 423.5088806152344], [360.09228515625, 375.2466735839844, 424.9255065917969, 396.1321105957031], [363.4669494628906, 359.9380187988281, 424.9669189453125, 379.3913879394531], [362.0318298339844, 361.47711181640625, 424.9945373535156, 383.11468505859375], [1.3566285371780396, 84.44872283935547, 416.0794372558594, 423.5050354003906], [364.2802429199219, 358.99249267578125, 424.9496765136719, 379.676513671875], [359.40447998046875, 370.4859619140625, 425.0, 413.18426513671875], [313.90869140625, 368.3176574707031, 425.0, 392.2561950683594], [360.28753662109375, 361.78070068359375, 424.9361267089844, 388.79217529296875], [1.4852643013000488, 151.73989868164062, 336.8962097167969, 424.7999267578125], [298.89312744140625, 364.28070068359375, 425.0, 397.608154296875], [0.024369359016418457, 171.298583984375, 425.0, 422.7966003417969], [314.8899230957031, 391.8839416503906, 424.7174987792969, 425.0], [181.69117736816406, 231.66033935546875, 402.4945068359375, 338.5445556640625], [310.22247314453125, 375.1165771484375, 368.08990478515625, 404.2153625488281], [392.89739990234375, 394.8140869140625, 425.0, 424.8724060058594], [284.3639221191406, 376.0419921875, 425.0, 424.3286437988281], [0.0, 76.10907745361328, 293.1513671875, 424.987548828125], [201.3099365234375, 164.6385498046875, 333.266357421875, 281.0936279296875], [4.058017730712891, 149.553955078125, 302.6700134277344, 425.0], [0.9858697652816772, 54.39667892456055, 424.1346130371094, 384.360595703125], [406.8270568847656, 382.1502685546875, 425.0, 424.19775390625], [177.76649475097656, 135.5326385498047, 336.1322326660156, 283.6081848144531], [0.06547048687934875, 156.55299377441406, 424.9768981933594, 399.4114685058594], [201.77212524414062, 167.32681274414062, 335.1956481933594, 278.766357421875], [117.00361633300781, 390.3819274902344, 424.3410339355469, 424.7963562011719], [199.807373046875, 171.87257385253906, 333.95465087890625, 281.8379821777344], [4.438009738922119, 88.32601928710938, 410.3384094238281, 361.40655517578125], [182.2700958251953, 139.6222381591797, 333.58050537109375, 282.8768310546875], [25.722200393676758, 162.17593383789062, 424.4006652832031, 422.8609313964844], [114.17779541015625, 376.89300537109375, 424.3108215332031, 424.7452697753906], [4.622781276702881, 87.00988006591797, 420.8017883300781, 366.7387390136719], [368.8218078613281, 356.2266540527344, 424.9364929199219, 373.8204345703125], [180.36659240722656, 98.16400909423828, 411.5092468261719, 359.78973388671875], [28.440689086914062, 136.66598510742188, 382.56231689453125, 423.77337646484375], [0.0, 394.6960754394531, 33.05970001220703, 423.9195556640625], [0.7236204743385315, 84.48310089111328, 424.3001403808594, 357.8453674316406], [357.6246032714844, 353.8138732910156, 425.0, 424.5415344238281], [118.87207794189453, 390.8074035644531, 300.1322326660156, 422.5588684082031], [0.026786187663674355, 383.649169921875, 24.997732162475586, 419.1945495605469], [0.0, 386.3193359375, 41.771663665771484, 424.0546569824219], [372.8897705078125, 358.0049743652344, 424.76580810546875, 378.6336975097656], [112.1346435546875, 405.20294189453125, 290.02423095703125, 424.8288879394531], [364.0014953613281, 352.9240417480469, 424.979736328125, 377.8844299316406], [7.200132369995117, 86.83637237548828, 417.2247009277344, 398.2522888183594], [0.18487274646759033, 80.30006408691406, 424.9226989746094, 367.80242919921875], [0.0, 375.91229248046875, 41.183475494384766, 414.1894226074219], [0.168609619140625, 392.43243408203125, 425.0, 425.0], [201.37789916992188, 166.58828735351562, 333.50262451171875, 279.735107421875], [1.6781799793243408, 85.7496109008789, 421.4910888671875, 361.5678405761719], [32.44129180908203, 150.58966064453125, 273.4331359863281, 422.1809997558594], [180.34718322753906, 148.97756958007812, 336.7218933105469, 326.5370178222656], [372.2528991699219, 355.2428894042969, 424.87457275390625, 373.6276550292969], [37.10746765136719, 148.87265014648438, 329.1166076660156, 290.4706115722656], [0.0, 373.8900146484375, 43.58474349975586, 423.18243408203125], [33.11727523803711, 149.43943786621094, 267.6618957519531, 422.80792236328125], [0.0, 368.748046875, 44.24796676635742, 423.90472412109375], [115.52084350585938, 244.23475646972656, 424.29779052734375, 422.11273193359375], [170.53330993652344, 129.11859130859375, 336.9074401855469, 279.0738525390625], [0.033672526478767395, 368.5599060058594, 40.02607345581055, 389.67608642578125], [12.106587409973145, 369.3876037597656, 38.51931381225586, 386.8044738769531], [0.0, 365.7394104003906, 44.82033157348633, 421.2430419921875], [0.14783740043640137, 371.77593994140625, 425.0, 424.8802185058594], [37.46088790893555, 148.90264892578125, 271.6279602050781, 421.55096435546875], [0.029003527015447617, 367.1727294921875, 38.89371109008789, 386.46929931640625], [173.29336547851562, 98.50978088378906, 422.7699890136719, 378.89697265625], [183.20970153808594, 135.89048767089844, 