{"labels": [0, 0, 32, 0, 34, 13, 34, 34, 34, 13, 34, 34, 34, 56, 13, 34, 13, 13, 13, 13, 0, 0, 0, 2, 13, 0, 2, 13, 13, 0, 0, 13, 74, 13, 0, 34, 74, 34, 2, 56, 0, 13, 13, 0, 0, 56, 0, 13, 56, 0, 0, 13, 34, 0, 34, 13, 34, 13, 13, 13, 13, 56, 0, 0, 13, 56, 2, 56, 0, 0, 0, 0, 0, 13, 13, 2, 0, 0, 0, 0, 56, 56, 32, 0, 56, 32, 32, 32, 0, 0, 32, 32, 56, 32, 13, 32, 32, 32, 0, 32], "scores": [0.9967578053474426, 0.9942314624786377, 0.993698239326477, 0.9919191002845764, 0.9759668707847595, 0.4183189570903778, 0.3975048363208771, 0.39008232951164246, 0.370191752910614, 0.293236643075943, 0.22166816890239716, 0.21106131374835968, 0.20477978885173798, 0.19866767525672913, 0.14509588479995728, 0.12242847681045532, 0.10760831832885742, 0.08485057950019836, 0.08475673198699951, 0.07611355185508728, 0.06533682346343994, 0.05348854511976242, 0.04988255724310875, 0.04935140162706375, 0.04778621718287468, 0.04674306884407997, 0.046059805899858475, 0.04494597762823105, 0.04421544820070267, 0.0440230630338192, 0.04243423789739609, 0.04188621789216995, 0.04084711894392967, 0.04076047241687775, 0.03853333368897438, 0.03766545280814171, 0.03501218929886818, 0.03479188680648804, 0.03225826844573021, 0.031397800892591476, 0.030329879373311996, 0.028968000784516335, 0.026149438694119453, 0.02249250002205372, 0.021971389651298523, 0.01933406852185726, 0.018261965364217758, 0.018127555027604103, 0.017817359417676926, 0.017664834856987, 0.015769992023706436, 0.014336884021759033, 0.014122950844466686, 0.014013884589076042, 0.013635417446494102, 0.013062075711786747, 0.012846956960856915, 0.011706272140145302, 0.010794445872306824, 0.010736447758972645, 0.010662782937288284, 0.009431734681129456, 0.009066355414688587, 0.008945748209953308, 0.00850004330277443, 0.008294458501040936, 0.007595434319227934, 0.007049649953842163, 0.006500700023025274, 0.0058600143529474735, 0.005071436520665884, 0.004907355178147554, 0.004716827068477869, 0.0045866467989981174, 0.004283119924366474, 0.004199392627924681, 0.0039823101833462715, 0.003365634474903345, 0.002804253716021776, 0.0026785212103277445, 0.0024457029066979885, 0.0023006040137261152, 0.00229632924310863, 0.002097200835123658, 0.0019609497394412756, 0.0016710420604795218, 0.0016407256480306387, 0.0015241908840835094, 0.0014345155796036124, 0.0013838383601978421, 0.001340119750238955, 0.0012821018463000655, 0.0012447143672034144, 0.0012347132433205843, 0.0012036118423566222, 0.0011540637351572514, 0.000955177063588053, 0.000909486087039113, 0.0007276608375832438, 0.00039632475818507373], "bboxes": [[221.3588409423828, 259.2955627441406, 373.7210693359375, 425.0], [42.3281364440918, 329.7796936035156, 109.04267120361328, 424.9689025878906], [274.3934326171875, 154.93099975585938, 292.5357971191406, 175.5316162109375], [9.241765022277832, 385.9796447753906, 52.902992248535156, 424.8764953613281], [272.0071716308594, 207.73825073242188, 356.73870849609375, 273.57000732421875], [0.0, 400.4539489746094, 18.894861221313477, 424.73065185546875], [258.2302551269531, 207.30593872070312, 356.2826232910156, 284.21612548828125], [259.59161376953125, 206.26187133789062, 357.1466369628906, 282.70806884765625], [256.707275390625, 207.6510009765625, 356.7443542480469, 282.62481689453125], [0.0, 397.30743408203125, 31.23473358154297, 424.7658386230469], [259.0220947265625, 206.65142822265625, 355.02459716796875, 282.8288269042969], [259.2096862792969, 206.736572265625, 355.4435729980469, 282.2718505859375], [251.72268676757812, 206.52601623535156, 357.0911560058594, 282.62762451171875], [261.4661560058594, 95.14420318603516, 284.8721618652344, 121.33490753173828], [0.0, 397.8179626464844, 21.656665802001953, 420.122802734375], [257.75439453125, 206.01527404785156, 356.994384765625, 282.7904968261719], [0.0, 385.7741394042969, 17.39719581604004, 424.7496032714844], [0.0, 395.19598388671875, 11.759077072143555, 424.50286865234375], [0.0, 398.1500549316406, 342.84210205078125, 425.0], [0.0, 395.60906982421875, 29.542970657348633, 421.3203125], [0.5885757207870483, 385.2293701171875, 166.0348663330078, 425.0], [156.70809936523438, 279.7492370605469, 378.44085693359375, 423.9615783691406], [33.56257247924805, 331.1551208496094, 187.1372833251953, 424.97467041015625], [0.0, 271.7303161621094, 27.985504150390625, 281.6253662109375], [325.06866455078125, 260.632568359375, 377.8028564453125, 283.292724609375], [0.0, 390.9535217285156, 106.05611419677734, 424.9861145019531], [0.307020366191864, 270.92828369140625, 28.800962448120117, 279.1753234863281], [0.0, 383.0867919921875, 19.583154678344727, 424.63775634765625], [0.0, 394.5097351074219, 23.636375427246094, 410.1106262207031], [115.88816833496094, 272.0352478027344, 402.9032287597656, 425.0], [0.0, 257.6258544921875, 5.832995414733887, 423.6455078125], [325.5862121582031, 261.4498596191406, 376.8046875, 283.04632568359375], [252.7016143798828, 331.56500244140625, 264.9284362792969, 347.7160339355469], [324.05059814453125, 260.39642333984375, 377.2493591308594, 283.59625244140625], [29.6888370513916, 334.1961669921875, 117.57361602783203, 424.8424377441406], [262.3405456542969, 206.2529754638672, 357.1188049316406, 282.0614013671875], [254.66766357421875, 331.7821044921875, 268.04779052734375, 348.677734375], [267.136962890625, 204.7578887939453, 358.7378845214844, 283.15533447265625], [0.013332138769328594, 267.7402038574219, 12.914369583129883, 279.19012451171875], [264.10125732421875, 96.8377456665039, 283.9618225097656, 118.25501251220703], [33.03388214111328, 332.365234375, 214.65223693847656, 425.0], [0.0, 405.3777770996094, 88.51910400390625, 424.94525146484375], [325.22210693359375, 260.732177734375, 375.4175720214844, 280.42877197265625], [0.0, 371.52581787109375, 4.097191333770752, 420.6556091308594], [212.78672790527344, 271.04656982421875, 386.32891845703125, 422.72247314453125], [263.3482360839844, 97.09209442138672, 282.8551330566406, 118.74764251708984], [0.0, 383.16033935546875, 52.42068862915039, 424.9879150390625], [0.0, 396.3395080566406, 187.99169921875, 424.78472900390625], [263.25634765625, 96.8425521850586, 281.7955627441406, 117.52581024169922], [25.133251190185547, 403.5275573730469, 50.74740982055664, 424.9444274902344], [0.026332587003707886, 289.3617248535156, 21.8463134765625, 423.3125915527344], [410.9143371582031, 340.16375732421875, 424.9918212890625, 364.0835876464844], [0.35025253891944885, 208.63156127929688, 356.8130798339844, 424.96722412109375], [221.81927490234375, 288.584228515625, 413.7343444824219, 424.8185729980469], [272.1398010253906, 204.4139404296875, 354.32958984375, 277.9414978027344], [271.9350280761719, 317.7637634277344, 305.2333679199219, 340.81207275390625], [4.675636291503906, 205.3558807373047, 355.8968200683594, 289.5713195800781], [238.70677185058594, 273.5404357910156, 265.5791320800781, 283.2105407714844], [406.0522155761719, 334.7909851074219, 424.9795837402344, 361.5876159667969], [2.626840114593506, 395.89111328125, 48.33088302612305, 420.4940490722656], [238.83245849609375, 274.6776428222656, 261.48370361328125, 282.7557373046875], [0.0, 291.713623046875, 14.535863876342773, 402.8570861816406], [0.0, 389.9405822753906, 156.42739868164062, 424.5175476074219], [395.88336181640625, 422.7738342285156, 424.915283203125, 425.0], [238.02194213867188, 273.69744873046875, 260.8431091308594, 282.0405578613281], [0.013859756290912628, 294.69976806640625, 13.979658126831055, 370.2088623046875], [56.53486633300781, 259.6130676269531, 87.80517578125, 279.1799621582031], [258.2571105957031, 93.22175598144531, 286.7988586425781, 126.06108856201172], [0.0, 274.80047607421875, 6.0893354415893555, 315.52313232421875], [2.3491787910461426, 324.2275085449219, 28.13907241821289, 365.6613464355469], [421.33355712890625, 275.1536560058594, 425.0, 380.693115234375], [410.9117126464844, 370.3371887207031, 425.0, 425.0], [250.52142333984375, 304.9463806152344, 363.0114440917969, 368.07635498046875], [422.3033447265625, 329.2714538574219, 425.0, 366.5308532714844], 