{"labels": [6, 6, 6, 6, 6, 6, 6, 6, 6, 6, 6, 6, 6, 6, 6, 6, 6, 6, 6, 6, 6, 6, 6, 6, 6, 6, 6, 6, 6, 6, 6, 6, 6, 6, 6, 6, 6, 6, 6, 6, 6, 6, 6, 6, 6, 6, 6, 0, 6, 6, 0, 6, 6, 14, 6, 14, 0, 6, 14, 0, 6, 6, 6, 6, 0, 0, 0, 14, 0, 6, 0, 2, 6, 0, 0, 14, 0, 6, 14, 0, 6, 6, 6, 0, 6, 0, 0, 6, 0, 0, 6, 6, 6, 6, 6, 0, 6, 0, 14, 14], "scores": [0.9919939041137695, 0.3081950843334198, 0.0638628900051117, 0.04983546584844589, 0.046290379017591476, 0.04204869642853737, 0.035371966660022736, 0.03279000520706177, 0.03207225352525711, 0.027351027354598045, 0.026506707072257996, 0.026122797280550003, 0.025184163823723793, 0.02468324452638626, 0.024153638631105423, 0.02327570877969265, 0.022865835577249527, 0.020749643445014954, 0.016877908259630203, 0.01614224910736084, 0.013874297961592674, 0.013508571311831474, 0.01280741672962904, 0.01245614979416132, 0.01087831798940897, 0.010533357970416546, 0.010213668458163738, 0.010187465697526932, 0.009961462579667568, 0.009900172241032124, 0.009564428590238094, 0.008685821667313576, 0.008085198700428009, 0.007513328921049833, 0.006001804955303669, 0.005646355915814638, 0.005441741552203894, 0.005392350722104311, 0.00446019321680069, 0.004453697241842747, 0.0036802783142775297, 0.0035208542831242085, 0.0033550148364156485, 0.0025919978506863117, 0.00236898148432374, 0.0022176161874085665, 0.0018674363382160664, 0.0017832390731200576, 0.001729509443975985, 0.0016329520149156451, 0.0016067910473793745, 0.0014485109131783247, 0.0014388511190190911, 0.0012815681984648108, 0.0012484753970056772, 0.001205814303830266, 0.0011848544236272573, 0.0011414664331823587, 0.0011333549628034234, 0.0011291480623185635, 0.0011184453032910824, 0.0010862586786970496, 0.0010793042602017522, 0.0010654532816261053, 0.0010548828868195415, 0.001049033715389669, 0.0009848990011960268, 0.0009652029839344323, 0.0009331660694442689, 0.0008998512639664114, 0.0008962317951954901, 0.000859603751450777, 0.0008587391930632293, 0.0008501094998791814, 0.0008124191081151366, 0.0008110491326078773, 0.0008092463831417263, 0.0007828443194739521, 0.0007657865062355995, 0.0007348645012825727, 0.00071994389872998, 0.0007077193586155772, 0.0006845864118076861, 0.0006419597193598747, 0.0006199778290465474, 0.0005968424957245588, 0.0005680497852154076, 0.0005563950398936868, 0.0005214483826421201, 0.0004874020232819021, 0.00045878341188654304, 0.00044365288340486586, 0.0004294205573387444, 0.00042284297524020076, 0.0003945707867387682, 0.00038929464062675834, 0.00026372825959697366, 0.00023452694586012512, 0.00020801040227524936, 0.00017574161756783724], "bboxes": [[0.12625455856323242, 56.655277252197266, 425.0, 395.504150390625], [0.11143535375595093, 1.7698436975479126, 425.0, 407.2269287109375], [0.0, 143.46978759765625, 135.65345764160156, 397.5799255371094], [0.09664148092269897, 54.82767868041992, 425.0, 349.8611145019531], [0.08311420679092407, 59.4735221862793, 425.0, 326.38568115234375], [0.06819367408752441, 55.925209045410156, 425.0, 337.5495910644531], [0.09854137897491455, 2.133256196975708, 425.0, 419.36492919921875], [0.0, 47.470497131347656, 143.1522216796875, 397.43194580078125], [0.07310807704925537, 25.037363052368164, 425.0, 335.73284912109375], [0.09154975414276123, 3.3221616744995117, 425.0, 414.4445495605469], [0.07883310317993164, 64.42052459716797, 425.0, 325.5389099121094], [0.08949786424636841, 1.4875568151474, 425.0, 417.72900390625], [0.04207640886306763, 0.0, 425.0, 358.1108703613281], [0.07885843515396118, 59.49018096923828, 425.0, 335.4408264160156], [0.12655854225158691, 1.4929019212722778, 425.0, 407.2674560546875], [0.0, 167.1532745361328, 131.91001892089844, 394.5221252441406], [0.0, 166.9663848876953, 138.4380340576172, 395.2132263183594], [0.06573647260665894, 59.93458938598633, 425.0, 329.7480773925781], [0.0, 10.825467109680176, 140.75509643554688, 400.6041259765625], [0.09408295154571533, 0.6165422201156616, 425.0, 416.6819152832031], [0.08123964071273804, 0.0, 425.0, 370.99664306640625], [0.13053566217422485, 45.6870002746582, 425.0, 421.98992919921875], [0.0, 77.91813659667969, 136.52792358398438, 401.1410827636719], [0.15522167086601257, 3.1165926456451416, 425.0, 385.45245361328125], [0.37576183676719666, 1.4995641708374023, 139.19688415527344, 408.8473205566406], [0.060131773352622986, 192.35140991210938, 136.28152465820312, 395.1767272949219], [0.0913470983505249, 2.7300901412963867, 425.0, 399.32745361328125], [0.0, 75.20215606689453, 138.32740783691406, 401.7644958496094], [0.07870644330978394, 190.18601989746094, 128.2064971923828, 396.3785705566406], [0.0, 138.02072143554688, 131.7105255126953, 356.7947998046875], [0.0, 90.38916778564453, 134.39955139160156, 422.9307556152344], [1.5757120847702026, 51.072120666503906, 267.3011169433594, 397.8143005371094], [0.13380348682403564, 48.35254669189453, 425.0, 414.3191223144531], [0.10644495487213135, 26.201824188232422, 425.0, 376.6963806152344], [0.08673667907714844, 53.54015350341797, 425.0, 363.0838623046875], [0.09567886590957642, 48.22663116455078, 425.0, 245.83250427246094], [0.13590604066848755, 39.21774673461914, 425.0, 403.28851318359375], [0.12225210666656494, 142.0568084716797, 425.0, 390.04498291015625], [41.706321716308594, 2.4233832359313965, 387.7253723144531, 401.6540222167969], [0.10705292224884033, 51.012794494628906, 425.0, 402.81109619140625], [0.0, 2.3021318912506104, 193.66969299316406, 399.6167907714844], [0.17652586102485657, 105.86335754394531, 424.9017333984375, 331.31884765625], [0.09498223662376404, 69.34811401367188, 425.0, 370.9958801269531], [0.0, 108.44657135009766, 210.5736846923828, 396.30120849609375], [0.968625009059906, 54.712379455566406, 191.9746551513672, 385.7950744628906], [0.3323301672935486, 44.338958740234375, 189.48681640625, 401.0840148925781], [275.33599853515625, 155.7353973388672, 424.6492614746094, 339.52691650390625], [0.021963216364383698, 128.74285888671875, 12.52426528930664, 165.7991943359375], [0.07884576916694641, 55.921268463134766, 264.03753662109375, 361.61883544921875], [0.0, 97.56526184082031, 184.59959411621094, 235.50657653808594], [0.001577212242409587, 213.77420043945312, 2.6471545696258545, 379.9202575683594], [0.0, 58.88615417480469, 247.75338745117188, 243.3386688232422], [0.08076783269643784, 144.57376098632812, 101.06068420410156, 255.55088806152344], [218.69432067871094, 75.61448669433594, 226.29148864746094, 84.11009979248047], [0.0, 56.84907150268555, 281.14752197265625, 234.37002563476562], [226.4153289794922, 76.4796142578125, 233.580078125, 85.17411041259766], [0.0, 14.132018089294434, 3.365572214126587, 113.93749237060547], [0.0, 75.01632690429688, 91.5398941040039, 359.06964111328125], [228.9736785888672, 73.71932220458984, 236.16421508789062, 83.72288513183594], [188.95947265625, 188.25660705566406, 208.19927978515625, 213.82418823242188], [0.0, 132.58480834960938, 15.318717956542969, 383.1012268066406], [0.0, 133.18484497070312, 110.53348541259766, 236.3601837158203], [0.0, 175.12884521484375, 72.9007339477539, 330.8280334472656], [0.0, 139.26358032226562, 190.76321411132812, 331.1849670410156], [422.1291198730469, 94.04661560058594, 425.0, 195.90542602539062], [0.0, 226.8794708251953, 7.9230732917785645, 400.4454650878906], [0.0, 143.51953125, 5.692683219909668, 293.59893798828125], [223.22439575195312, 75.4298324584961, 230.9717254638672, 84.19243621826172], [421.3464660644531, 270.2659912109375, 425.0, 395.9167785644531], [347.4155578613281, 170.41282653808594, 425.0, 325.85968017578125], [419.2378234863281, 343.90582275390625, 425.0, 417.8589172363281], [98.71649169921875, 44.72099304199219, 119.76854705810547, 60.807491302490234], [0.0, 107.57861328125, 55.797645568847656, 360.5806884765625], [417.40252685546875, 104.05719757080078, 425.0, 189.10552978515625], [0.0, 139.8684844970703, 29.3176212310791, 216.7169647216797], [217.0260772705078, 66.25981903076172, 227.1725616455078, 76.26118469238281], [407.498779296875, 156.40499877929688, 425.0, 204.55328369140625], [114.15398406982422, 