{"labels": [0, 0, 0, 0, 0, 0, 37, 37, 37, 37, 37, 37, 37, 0, 0, 8, 0, 37, 37, 37, 37, 37, 37, 0, 37, 0, 37, 8, 8, 8, 8, 0, 37, 37, 37, 37, 37, 37, 37, 8, 37, 37, 37, 37, 37, 37, 37, 37, 37, 37, 37, 37, 37, 37, 37, 37, 37, 37, 37, 0, 37, 37, 37, 37, 37, 37, 37, 37, 37, 37, 37, 37, 0, 37, 37, 37, 37, 0, 37, 0, 0, 0, 37, 0, 0, 0, 0, 0, 0, 0, 0, 37, 0, 0, 37, 0, 0, 0, 0, 0], "scores": [0.9922623634338379, 0.9882045984268188, 0.9870489239692688, 0.9848030805587769, 0.9803794622421265, 0.9655447006225586, 0.9119917750358582, 0.8865542411804199, 0.8159238696098328, 0.7894746661186218, 0.6788141131401062, 0.661612331867218, 0.588200569152832, 0.5679368376731873, 0.5542744994163513, 0.4579070508480072, 0.4020639955997467, 0.33483651280403137, 0.3132070302963257, 0.31170618534088135, 0.29699599742889404, 0.2842361330986023, 0.26591184735298157, 0.264218807220459, 0.2576788663864136, 0.25634080171585083, 0.2439160794019699, 0.23491938412189484, 0.23202867805957794, 0.22722963988780975, 0.22194012999534607, 0.21500922739505768, 0.21401512622833252, 0.2126152217388153, 0.20776242017745972, 0.20250879228115082, 0.19735215604305267, 0.195582315325737, 0.19557663798332214, 0.19368234276771545, 0.19044601917266846, 0.183279350399971, 0.18056972324848175, 0.1733897477388382, 0.169574573636055, 0.16101370751857758, 0.16015960276126862, 0.1601509153842926, 0.15479817986488342, 0.14388203620910645, 0.14170891046524048, 0.13422107696533203, 0.12807676196098328, 0.1278238594532013, 0.12449830025434494, 0.12181608378887177, 0.11047890037298203, 0.11044476181268692, 0.10011150687932968, 0.09389197826385498, 0.08954846858978271, 0.0871310755610466, 0.0836806371808052, 0.08299130946397781, 0.0820433646440506, 0.0776236355304718, 0.07757120579481125, 0.07647471129894257, 0.07520605623722076, 0.07174823433160782, 0.07157071679830551, 0.07097948342561722, 0.07087063789367676, 0.06925300508737564, 0.06771551072597504, 0.06651926040649414, 0.06575383245944977, 0.06503418833017349, 0.060251157730817795, 0.05766334384679794, 0.056549541652202606, 0.05165627971291542, 0.050848338752985, 0.04728756844997406, 0.044028643518686295, 0.04358243569731712, 0.04001713916659355, 0.03999711573123932, 0.03546033427119255, 0.02622600458562374, 0.025281807407736778, 0.019644293934106827, 0.017223335802555084, 0.011044491082429886, 0.010901831090450287, 0.008688508532941341, 0.007836750708520412, 0.007625875994563103, 0.007622115779668093, 0.002410098211839795], "bboxes": [[288.1766357421875, 175.4743194580078, 306.1142578125, 185.4893798828125], [115.51065826416016, 205.68048095703125, 132.1502227783203, 222.1066131591797], [125.32867431640625, 254.90151977539062, 143.89280700683594, 295.8160095214844], [0.0, 111.42308044433594, 9.428279876708984, 124.11870574951172], [87.1382064819336, 231.89451599121094, 104.40767669677734, 249.25704956054688], [140.9979705810547, 255.74624633789062, 153.06590270996094, 296.3438415527344], [0.022201891988515854, 121.57672119140625, 20.49724578857422, 130.5704803466797], [285.2584533691406, 182.4942169189453, 309.1334533691406, 186.50392150878906], [106.14988708496094, 243.1917724609375, 145.6180419921875, 251.56463623046875], [104.37565612792969, 242.31996154785156, 145.67431640625, 249.3081512451172], [282.52325439453125, 181.77218627929688, 308.469482421875, 187.0386962890625], [97.92547607421875, 242.56581115722656, 144.1898651123047, 250.03564453125], [38.18135070800781, 245.1088104248047, 101.97579956054688, 254.47682189941406], [0.0, 111.6126937866211, 5.374600887298584, 122.1222915649414], [115.30945587158203, 206.25735473632812, 131.29757690429688, 222.39793395996094], [40.981937408447266, 244.1280517578125, 142.37257385253906, 254.93382263183594], [0.17318163812160492, 111.59993743896484, 9.857312202453613, 121.89761352539062], [292.053955078125, 182.46249389648438, 311.7655944824219, 185.53501892089844], [0.0, 119.50331115722656, 20.654117584228516, 130.18931579589844], [77.5874252319336, 242.45199584960938, 143.57542419433594, 252.09759521484375], [286.3992919921875, 181.4818572998047, 301.0611267089844, 185.02745056152344], [0.0, 119.04366302490234, 13.563337326049805, 127.02992248535156], [78.19486999511719, 221.11395263671875, 96.67849731445312, 241.20388793945312], [136.17922973632812, 255.85684204101562, 149.59751892089844, 295.00030517578125], [294.7607421875, 181.5203399658203, 311.0111389160156, 184.4332733154297], [89.95925903320312, 232.33062744140625, 104.3066635131836, 249.39537048339844], [282.5880432128906, 183.27838134765625, 292.4106750488281, 187.17103576660156], [39.016632080078125, 244.2704315185547, 134.18533325195312, 254.6236572265625], [69.64460754394531, 243.75686645507812, 144.17434692382812, 253.34791564941406], [41.21024703979492, 209.6873321533203, 147.81346130371094, 250.97267150878906], [39.95608139038086, 245.9470672607422, 105.02436065673828, 253.71212768554688], [0.0, 112.27180480957031, 2.0696916580200195, 135.28732299804688], [284.2694396972656, 184.423583984375, 294.901123046875, 188.1021270751953], [38.87467956542969, 246.02674865722656, 84.23318481445312, 253.3880157470703], [0.7111824750900269, 114.77047729492188, 16.44729232788086, 124.87648010253906], [77.46586608886719, 222.6200408935547, 92.3083724975586, 239.37623596191406], [283.4328918457031, 183.72836303710938, 294.5533142089844, 187.6248321533203], [3.520986557006836, 114.1395263671875, 16.769113540649414, 123.29549407958984], [39.54450607299805, 246.8898468017578, 79.51825714111328, 254.28521728515625], [74.72432708740234, 244.84226989746094, 108.99891662597656, 251.48805236816406], [281.7906494140625, 183.080078125, 290.93896484375, 186.98971557617188], [296.47027587890625, 183.17926025390625, 312.2438659667969, 186.07350158691406], [82.61006927490234, 222.12579345703125, 98.0794906616211, 239.4692840576172], [285.8714904785156, 182.4597930908203, 310.81878662109375, 186.35946655273438], [0.0, 115.60037231445312, 15.374025344848633, 124.85916137695312], [285.16705322265625, 180.61326599121094, 295.0980224609375, 184.23638916015625], [108.29043579101562, 230.74740600585938, 144.93765258789062, 237.94947814941406], [113.0221939086914, 208.67431640625, 126.86748504638672, 218.19944763183594], [97.49269104003906, 206.61138916015625, 143.68386840820312, 239.17079162597656], [107.44651794433594, 228.5161895751953, 139.5410614013672, 234.9479217529297], [296.4556579589844, 185.6383056640625, 311.98455810546875, 188.34121704101562], [296.5350341796875, 178.90504455566406, 308.520751953125, 182.45761108398438], [286.5823669433594, 183.17100524902344, 314.0650329589844, 187.20114135742188], [79.43269348144531, 209.60800170898438, 148.56109619140625, 250.0174560546875], [285.8507080078125, 183.9503936767578, 311.8426208496094, 187.8687744140625], [120.70059967041016, 240.13526916503906, 146.97686767578125, 245.22227478027344], [286.8739318847656, 185.94894409179688, 300.97161865234375, 189.05677795410156], [298.1458740234375, 185.04559326171875, 313.82977294921875, 187.976318359375], [284.98443603515625, 184.3809051513672, 313.340576171875, 188.3184356689453], [0.0, 114.7426986694336, 17.899137496948242, 133.72938537597656], [97.35822296142578, 207.77218627929688, 115.5344467163086, 225.09925842285156], [297.5933837890625, 178.7992401123047, 309.0089111328125, 182.8621368408203], [298.7100830078125, 178.5915985107422, 310.4662780761719, 183.2280731201172], [93.26771545410156, 206.5048828125, 141.48220825195312, 239.2648468017578], [40.800872802734375, 122.8260498046875, 83.21308898925781, 131.49212646484375], [120.48690032958984, 216.8036346435547, 139.93397521972656, 225.11610412597656], [121.68836975097656, 219.74481201171875, 141.9332733154297, 226.80874633789062], [276.4410705566406, 183.30123901367188, 311.26470947265625, 188.20065307617188], [283.29840087890625, 184.1271209716797, 306.5286560058594, 188.20370483398438], [278.1501770019531, 182.90174865722656, 311.3077087402344, 187.87106323242188], [84.8652572631836, 230.60287475585938, 99.68128967285156,