{"labels": [0, 38, 13, 38, 13, 38, 13, 13, 13, 13, 38, 13, 13, 13, 13, 13, 38, 13, 38, 38, 38, 13, 13, 0, 13, 38, 38, 13, 38, 38, 13, 38, 13, 38, 13, 38, 13, 38, 38, 38, 13, 38, 38, 13, 13, 13, 13, 13, 13, 38, 13, 13, 38, 0, 38, 0, 38, 13, 2, 13, 13, 38, 38, 13, 13, 32, 38, 38, 0, 0, 2, 13, 38, 2, 0, 13, 2, 2, 13, 13, 38, 13, 0, 0, 13, 13, 13, 13, 13, 38, 13, 0, 0, 13, 0, 0, 0, 2, 0, 13], "scores": [0.9985535740852356, 0.9818004369735718, 0.1343686282634735, 0.08881193399429321, 0.08698443323373795, 0.0858515128493309, 0.06900103390216827, 0.06873798370361328, 0.06791692227125168, 0.0606522262096405, 0.053203240036964417, 0.05200982838869095, 0.05045682191848755, 0.043723683804273605, 0.03662121668457985, 0.03529925271868706, 0.03480440378189087, 0.03121943585574627, 0.0300957802683115, 0.029651062563061714, 0.026774689555168152, 0.026036571711301804, 0.025260869413614273, 0.024878863245248795, 0.022042352706193924, 0.02168329805135727, 0.018500568345189095, 0.018003039062023163, 0.017703432589769363, 0.017434321343898773, 0.017073333263397217, 0.015785515308380127, 0.014525623992085457, 0.014418155886232853, 0.014288069680333138, 0.011225996538996696, 0.01101872231811285, 0.009558801539242268, 0.00950132217258215, 0.009290372021496296, 0.009203329682350159, 0.008148674853146076, 0.008118988946080208, 0.007874799892306328, 0.007835118100047112, 0.007505264598876238, 0.006771273910999298, 0.006138782016932964, 0.0060692536644637585, 0.005943548399955034, 0.005713400896638632, 0.00560858054086566, 0.00558988144621253, 0.005532160867005587, 0.0052435267716646194, 0.0050379689782857895, 0.005010904278606176, 0.005001552868634462, 0.004917958285659552, 0.004806928802281618, 0.004740869160741568, 0.004740777891129255, 0.004732455126941204, 0.004706300795078278, 0.004288795404136181, 0.004162105266004801, 0.004063846077769995, 0.00400577625259757, 0.003600798547267914, 0.003396259620785713, 0.003209395334124565, 0.0032031943555921316, 0.0031891465187072754, 0.0031723419670015574, 0.0031043069902807474, 0.0030171028338372707, 0.002912309719249606, 0.0029097103979438543, 0.002629444468766451, 0.002559490269050002, 0.0024028371553868055, 0.0023973118513822556, 0.0023948063608258963, 0.0022594351321458817, 0.00218085921369493, 0.0021245398093014956, 0.0020178284030407667, 0.0017832126468420029, 0.001594830653630197, 0.0014651368837803602, 0.0012827892787754536, 0.0011224430054426193, 0.0010928073897957802, 0.0010373612167313695, 0.0008525844314135611, 0.0008270702674053609, 0.0007897015893831849, 0.0006544814677909017, 0.0005678760353475809, 0.00036304190871305764], "bboxes": [[85.6102066040039, 83.37657928466797, 305.588623046875, 367.26788330078125], [272.996337890625, 22.61222267150879, 303.3070068359375, 100.37535095214844], [293.6197204589844, 2.9058589935302734, 425.0, 88.43987274169922], [91.68719482421875, 259.4996643066406, 117.23184204101562, 299.89678955078125], [243.3773193359375, 0.6617597937583923, 425.0, 94.93456268310547], [268.6893005371094, 21.01344108581543, 304.7692565917969, 150.32107543945312], [291.61907958984375, 0.6206935048103333, 425.0, 89.31718444824219], [239.9883575439453, 0.4469446837902069, 425.0, 96.37783813476562], [289.842041015625, 0.7811747193336487, 425.0, 90.76165771484375], [291.1943359375, 8.5260648727417, 425.0, 86.10768127441406], [244.71803283691406, 24.963083267211914, 294.6428527832031, 155.594482421875], [242.79673767089844, 0.7427809834480286, 425.0, 91.03285217285156], [264.2330017089844, 0.8962357640266418, 425.0, 92.91173553466797], [304.50140380859375, 37.612247467041016, 425.0, 81.2728042602539], [298.2760314941406, 0.0, 425.0, 38.8523063659668], [281.5871887207031, 0.8042300343513489, 425.0, 90.02604675292969], [237.15652465820312, 37.04292297363281, 298.6937561035156, 155.11611938476562], [231.0010528564453, 0.7799113392829895, 425.0, 94.62395477294922], [91.19224548339844, 257.4895935058594, 120.91850280761719, 302.1536560058594], [90.44793701171875, 258.3359680175781, 116.49909210205078, 304.82379150390625], [92.86050415039062, 258.6906433105469, 118.70773315429688, 294.3865661621094], [302.1666564941406, 0.8997790217399597, 425.0, 84.50638580322266], [296.6416320800781, 0.22143153846263885, 424.97076416015625, 34.47386932373047], [86.58576965332031, 80.1659927368164, 421.8398742675781, 369.5826721191406], [241.68878173828125, 0.06279637664556503, 424.18231201171875, 36.045955657958984], [268.0806884765625, 16.457853317260742, 307.3733215332031, 132.9585723876953], [260.5185241699219, 91.58551788330078, 294.4518737792969, 158.1951904296875], [316.29193115234375, 0.0, 425.0, 32.60892105102539], [89.3927993774414, 257.9610595703125, 118.75336456298828, 307.0216369628906], [94.29540252685547, 260.670654296875, 116.09575653076172, 292.6736755371094], [239.6542205810547, 8.062999725341797, 309.629638671875, 98.62640380859375], [88.95438385009766, 257.6396179199219, 121.85838317871094, 306.4307861328125], [237.95909118652344, 8.922073364257812, 311.02557373046875, 98.80009460449219], [256.3597412109375, 22.222244262695312, 294.06280517578125, 152.56179809570312], [240.7172088623047, 7.882353782653809, 311.392822265625, 98.45079803466797], [95.85089111328125, 258.55963134765625, 115.17787170410156, 278.1900329589844], [331.5278015136719, 245.03793334960938, 424.9918212890625, 276.74139404296875], [235.9220428466797, 8.643561363220215, 308.8781433105469, 105.6473159790039], [234.5167999267578, 90.07003784179688, 285.26287841796875, 153.3502960205078], [96.79263305664062, 258.5941162109375, 122.93025970458984, 289.9755859375], [0.40973201394081116, 0.6276724934577942, 309.7195739746094, 88.29754638671875], [215.6908721923828, 86.89777374267578, 291.4320983886719, 160.44027709960938], [273.87066650390625, 20.742713928222656, 304.76776123046875, 96.04287719726562], [346.8661804199219, 242.1100311279297, 424.8139343261719, 276.408447265625], [0.14811605215072632, 0.24893413484096527, 425.0, 63.60744857788086], [0.48059821128845215, 0.17975251376628876, 314.50018310546875, 90.38131713867188], [226.38616943359375, 3.687863826751709, 311.0167236328125, 94.77554321289062], [389.2242431640625, 243.66326904296875, 425.0, 274.96112060546875], [393.38873291015625, 0.07615582644939423, 424.99676513671875, 32.73465347290039], [274.5826110839844, 25.517358779907227, 296.26849365234375, 94.04054260253906], [43.99932098388672, 2.4305872917175293, 311.102294921875, 92.85418701171875], [0.24503618478775024, 0.2481045126914978, 425.0, 89.93798065185547], [390.2403869628906, 219.33282470703125, 425.0, 277.42755126953125], [390.560791015625, 128.19650268554688, 425.0, 276.0589294433594], [94.37014770507812, 258.79498291015625, 111.25324249267578, 276.2485656738281], [87.51136779785156, 91.49565887451172, 424.01422119140625, 370.4866943359375], [270.5952453613281, 24.608139038085938, 290.9415588378906, 92.40520477294922], [420.1773681640625, 26.330814361572266, 425.0, 112.99137115478516], [0.08063167333602905, 44.47959518432617, 79.18828582763672, 85.02649688720703], [292.2796936035156, 3.202531576156616, 424.47955322265625, 374.748046875], [387.1849670410156, 208.6279754638672, 424.9941711425781, 277.77069091796875], [98.77243041992188, 258.3677062988281, 116.49896240234375, 276.8753356933594], [276.1554870605469, 21.86943817138672, 305.5254211425781, 94.0936050415039], [333.6402893066406, 200.4700469970703, 424.6878662109375, 280.8511962890625], [40.6478385925293, 0.9031767249107361, 313.8820495605469, 87.40607452392578], [97.13729858398438, 258.28753662109375, 113.16277313232422, 273.98065185546875], [91.8028335571289, 266.4482116699219, 111.53019714355469, 300.4549255371094], [277.7947082519531, 23.141496658325195, 306.6138610839844, 98.20084381103516], [406.1932373046875, 62.170223236083984, 425.0, 283.28900146484375], [76.95529174804688, 75.01039123535156, 321.2255859375, 364.91607666015625], [0.0, 46.485069274902344, 58.74170684814453, 79.7945785522461], [239.05484008789062, 6.973258972167969, 307.45587158203125, 