{"labels": [0, 38, 32, 38, 38, 38, 32, 32, 32, 38, 38, 38, 32, 38, 38, 38, 32, 38, 32, 32, 38, 32, 38, 0, 38, 32, 38, 38, 38, 38, 0, 38, 32, 32, 38, 38, 0, 38, 38, 0, 38, 38, 0, 0, 0, 0, 32, 0, 38, 38, 0, 0, 0, 38, 0, 0, 0, 32, 32, 0, 0, 38, 32, 38, 0, 32, 38, 32, 38, 32, 32, 32, 0, 32, 38, 32, 0, 32, 0, 32, 32, 0, 32, 0, 32, 0, 38, 32, 0, 0, 0, 0, 0, 0, 32, 0, 32, 0, 0, 0], "scores": [0.9994681477546692, 0.9970136880874634, 0.9931808710098267, 0.012469607405364513, 0.005874118767678738, 0.004653532523661852, 0.004431409295648336, 0.004240559879690409, 0.004039575345814228, 0.0037818553391844034, 0.0036671413108706474, 0.0035488500725477934, 0.0035345125943422318, 0.0034008019138127565, 0.003275013528764248, 0.0032241882290691137, 0.00304963905364275, 0.0029926158022135496, 0.002945135347545147, 0.0029414654709398746, 0.0028644234407693148, 0.0028282450512051582, 0.0027962406165897846, 0.002659885911270976, 0.002600963693112135, 0.002555903745815158, 0.0024293996393680573, 0.002331420546397567, 0.0021122638136148453, 0.0021035494282841682, 0.0020330585539340973, 0.001989818876609206, 0.001971692079678178, 0.0019521154463291168, 0.0019339583814144135, 0.0018738805083557963, 0.0018424676964059472, 0.001809468842111528, 0.0017270935932174325, 0.0015972658293321729, 0.0015043957391753793, 0.0013375448761507869, 0.0012814383953809738, 0.001145246671512723, 0.001039998373016715, 0.0009894476970657706, 0.0009868466295301914, 0.0009765580762177706, 0.0009691565646789968, 0.0008101999410428107, 0.0007727645570412278, 0.0007610086468048394, 0.0006405467283912003, 0.0005460233078338206, 0.0005035533686168492, 0.00045179383596405387, 0.00044646079186350107, 0.000432424945756793, 0.00042964014573954046, 0.00037927619996480644, 0.0003729115123860538, 0.00036309033748693764, 0.00034456458524800837, 0.0003220748621970415, 0.00029724353225901723, 0.00022140730288811028, 0.00020293424313422292, 0.00018913451640401036, 0.00014381646178662777, 0.00012591299309860915, 0.00012356451770756394, 0.00011796189210144803, 9.217167826136574e-05, 8.77928250702098e-05, 8.002504182513803e-05, 7.677801477257162e-05, 6.88448126311414e-05, 6.382924038916826e-05, 6.072853648220189e-05, 5.235034768702462e-05, 4.979240111424588e-05, 4.6715485950699076e-05, 4.211394116282463e-05, 4.014532169094309e-05, 3.8796548324171454e-05, 3.791996277868748e-05, 3.458573337411508e-05, 3.310749161755666e-05, 2.691035479074344e-05, 2.545797178754583e-05, 2.5114106392720714e-05, 2.213674997619819e-05, 2.201005190727301e-05, 1.6795078408904374e-05, 1.2346597031864803e-05, 1.037990386976162e-05, 8.764252925175242e-06, 8.444373634119984e-06, 7.675703272980172e-06, 6.616862719965866e-06], "bboxes": [[79.90604400634766, 9.95222282409668, 274.4269104003906, 414.138427734375], [168.68081665039062, 25.631189346313477, 283.535888671875, 106.35867309570312], [227.94573974609375, 59.600830078125, 249.46630859375, 81.4046401977539], [93.30178833007812, 22.82465934753418, 283.68853759765625, 110.59732055664062], [153.58148193359375, 23.356857299804688, 283.4488220214844, 112.20719909667969], [186.64273071289062, 23.72987937927246, 283.45233154296875, 105.40306091308594], [227.20555114746094, 60.4564094543457, 245.89561462402344, 82.2721176147461], [229.68299865722656, 61.046634674072266, 248.8261260986328, 82.52155303955078], [227.76927185058594, 57.85869216918945, 246.35194396972656, 79.35173797607422], [162.97158813476562, 23.345598220825195, 287.4493103027344, 113.91552734375], [159.07232666015625, 22.863672256469727, 284.6144104003906, 119.81908416748047], [101.20333099365234, 20.820552825927734, 284.7718505859375, 125.70967864990234], [226.6976318359375, 59.15898513793945, 250.51425170898438, 84.4801254272461], [104.59941101074219, 20.183876037597656, 283.7545166015625, 105.85620880126953], [148.83035278320312, 22.774171829223633, 282.8330078125, 127.84446716308594], [165.89236450195312, 22.236330032348633, 290.7126159667969, 116.06710052490234], [229.01097106933594, 61.781734466552734, 250.66773986816406, 85.01360321044922], [89.60192108154297, 19.657262802124023, 284.9073181152344, 120.4402084350586], [226.79010009765625, 61.69382858276367, 248.10421752929688, 85.60334014892578], [226.4490509033203, 56.644737243652344, 254.71192932128906, 86.28826904296875], [167.3234100341797, 23.0618839263916, 284.8342590332031, 116.26396179199219], [222.75306701660156, 50.80245590209961, 251.8726348876953, 85.03215789794922], [155.59046936035156, 22.582712173461914, 283.0052490234375, 125.23750305175781], [79.93855285644531, 11.686057090759277, 282.6710510253906, 420.4865417480469], [93.65770721435547, 19.05558967590332, 294.3411560058594, 141.67007446289062], [232.2051239013672, 60.81475067138672, 251.9977569580078, 83.77098846435547], [211.17572021484375, 26.660436630249023, 282.64776611328125, 95.75218200683594], [167.71141052246094, 20.401086807250977, 285.1339416503906, 133.28152465820312], [167.37571716308594, 22.550155639648438, 285.1568298339844, 129.00889587402344], [163.8725128173828, 22.767168045043945, 285.151611328125, 151.5380859375], [85.16940307617188, 12.971959114074707, 239.00621032714844, 416.0549621582031], [163.57278442382812, 22.017621994018555, 283.77685546875, 138.28858947753906], [236.21139526367188, 60.64508056640625, 252.9346923828125, 81.12879943847656], [224.29583740234375, 59.410926818847656, 248.65206909179688, 86.40707397460938], [163.25006103515625, 23.272838592529297, 283.939453125, 113.18538665771484], [170.28428649902344, 22.92647361755371, 283.8332214355469, 109.20063018798828], [77.4549560546875, 8.351888656616211, 333.7923889160156, 418.7200012207031], [165.43109130859375, 23.903987884521484, 285.14599609375, 101.86835479736328], [182.45074462890625, 27.142467498779297, 284.3330993652344, 109.12016296386719], [79.88260650634766, 18.378385543823242, 290.5462341308594, 405.9763488769531], [218.59417724609375, 26.02924346923828, 284.941650390625, 101.86540985107422], [161.88002014160156, 22.895082473754883, 283.3167724609375, 114.67507934570312], [76.00675201416016, 6.026767730712891, 343.47686767578125, 420.3946838378906], [87.55768585205078, 6.457132816314697, 293.8819580078125, 420.9415588378906], [75.6729507446289, 7.345715045928955, 376.4210510253906, 421.8810729980469], [82.49189758300781, 19.32621955871582, 292.4085693359375, 358.4980163574219], [218.49783325195312, 65.03865814208984, 241.81236267089844, 91.3023910522461], [78.02413177490234, 20.332151412963867, 287.94354248046875, 378.4559326171875], [221.56320190429688, 28.044504165649414, 281.8764343261719, 89.8826904296875], [161.4803466796875, 24.4210147857666, 282.1764831542969, 107.48541259765625], [73.9885482788086, 17.204641342163086, 316.7830505371094, 416.50616455078125], [56.07821273803711, 3.082977294921875, 398.9325866699219, 419.0256652832031], [82.5828628540039, 9.499907493591309, 336.1056213378906, 420.3902893066406], [244.2585906982422, 28.039230346679688, 289.7676086425781, 95.15567779541016], [68.44832611083984, 5.3664774894714355, 371.1351623535156, 417.5172424316406], [81.16464233398438, 16.63736915588379, 291.0940246582031, 413.3319396972656], [68.09732055664062, 11.365455627441406, 357.79315185546875, 411.9669494628906], [229.77407836914062, 17.106861114501953, 261.13592529296875, 36.4706916809082], [213.8375244140625, 29.617069244384766, 247.75901794433594, 56.371456146240234], [55.7196159362793, 2.484091281890869, 390.193115234375, 419.5965881347656], [76.77745056152344, 14.629215240478516, 325.7191162109375, 404.40167236328125], [209.33790588378906, 25.262235641479492, 284.90142822265625, 87.3931884765625], [218.45701599121094, 46.19087600708008, 272.8040466308594, 97.38761138916016], [241.1773223876953, 29.71734046936035, 286.2559814453125, 95.57816314697266], [152.57696533203125, 22.984207153320312, 288.06549072265625, 401.9162902832031], [244.990966796875, 67.6719741821289, 262.1054382324219, 90.45498657226562], [93.94676971435547, 16.54844093322754, 285.5859069824219, 156.44595336914062], 