{"labels": [16, 17, 17, 16, 17, 17, 17, 16, 17, 17, 17, 17, 17, 17, 16, 17, 17, 17, 17, 17, 17, 17, 16, 17, 16, 16, 16, 16, 16, 17, 16, 16, 16, 17, 17, 16, 16, 16, 16, 17, 16, 17, 17, 16, 17, 16, 17, 16, 17, 16, 17, 17, 17, 16, 17, 17, 17, 17, 17, 17, 17, 17, 17, 17, 17, 17, 17, 17, 17, 17, 17, 17, 0, 17, 17, 17, 0, 0, 0, 17, 16, 17, 17, 0, 16, 17, 0, 16, 0, 0, 0, 17, 0, 0, 0, 0, 17, 16, 16, 0], "scores": [0.9992794394493103, 0.994976818561554, 0.009579683654010296, 0.008716469630599022, 0.007459073327481747, 0.0072193751111626625, 0.0063145640306174755, 0.00613688537850976, 0.005933084990829229, 0.005605480168014765, 0.005408295895904303, 0.005324585363268852, 0.005307327024638653, 0.005221846047788858, 0.003803498577326536, 0.003632582724094391, 0.003591913962736726, 0.003495550947263837, 0.0033132440876215696, 0.0029747935477644205, 0.0027420641854405403, 0.002660122700035572, 0.0025302269496023655, 0.0023913863115012646, 0.002254285616800189, 0.002238332061097026, 0.002071779454126954, 0.002048046328127384, 0.0019076039316132665, 0.0018585346406325698, 0.0018083294853568077, 0.0017914557829499245, 0.0017497665248811245, 0.0017328608082607388, 0.0015401799464598298, 0.0015158052556216717, 0.0014936859952285886, 0.001485647982917726, 0.0014407773269340396, 0.0014217611169442534, 0.001417440129444003, 0.0013731552753597498, 0.0013430456165224314, 0.0013013959396630526, 0.0012748369481414557, 0.001239804201759398, 0.0012153139105066657, 0.001135391416028142, 0.001107962103560567, 0.0010226794984191656, 0.000993608497083187, 0.0009878306882455945, 0.0009286509011872113, 0.0009271980379708111, 0.0008637241553515196, 0.0008286334341391921, 0.0007896074093878269, 0.0007846541120670736, 0.0007170767639763653, 0.000671923509798944, 0.000579594518058002, 0.0005761669599451125, 0.0005674217245541513, 0.0005554272211156785, 0.0005299412296153605, 0.0005125156021676958, 0.0005108410841785371, 0.0005003111436963081, 0.00048499563126824796, 0.00048256744048558176, 0.0004569379088934511, 0.00043503259075805545, 0.0004233436775393784, 0.00036099745193496346, 0.0003197436162736267, 0.0003128796524833888, 0.0002876324288081378, 0.000259485503192991, 0.00022891160915605724, 0.00021802258561365306, 0.00021328353614080697, 0.00021045151515863836, 0.0001909510319819674, 0.00013195685460232198, 0.00012025803152937442, 0.00011593682575039566, 0.00011023461411241442, 0.00011020768579328433, 0.00010543758980929852, 0.00010149666195502505, 9.827739268075675e-05, 8.137799886753783e-05, 7.867733802413568e-05, 6.307453440967947e-05, 5.338626215234399e-05, 5.204293120186776e-05, 4.994797563995235e-05, 4.6957924496382475e-05, 4.3845418986165896e-05, 3.730583921424113e-05], "bboxes": [[0.7037602066993713, 209.76382446289062, 268.77716064453125, 423.49700927734375], [99.7455825805664, 0.0, 425.0, 391.19854736328125], [102.23934936523438, 0.14377795159816742, 423.8379211425781, 201.79608154296875], [0.0, 206.99215698242188, 373.4834899902344, 424.2359924316406], [100.70464324951172, 0.0, 424.7748107910156, 424.7707824707031], [101.67357635498047, 0.8228521943092346, 424.77655029296875, 206.63461303710938], [98.12922668457031, 0.2153344452381134, 425.0, 200.6443634033203], [1.738584041595459, 206.25938415527344, 384.3041076660156, 423.6866149902344], [98.45337677001953, 0.0, 423.4938659667969, 183.37722778320312], [0.48252344131469727, 0.0, 424.544677734375, 423.3081359863281], [100.6676254272461, 0.0, 419.5086669921875, 182.75473022460938], [102.11735534667969, 0.17010420560836792, 424.90728759765625, 213.8244171142578], [103.55524444580078, 0.40540656447410583, 425.0, 205.84730529785156], [0.32503455877304077, 0.23579001426696777, 424.75421142578125, 422.67059326171875], [155.01348876953125, 210.23974609375, 262.6633605957031, 423.366943359375], [103.7962417602539, 0.41093528270721436, 424.2854309082031, 204.72137451171875], [104.0823745727539, 1.053708791732788, 420.93194580078125, 392.85247802734375], [102.16382598876953, 1.046679139137268, 423.97833251953125, 211.9876251220703], [102.60286712646484, 0.0, 423.96502685546875, 343.1575012207031], [100.83645629882812, 0.0, 424.632080078125, 338.9591369628906], [1.8920704126358032, 1.4169566631317139, 423.24224853515625, 418.011962890625], [1.5343576669692993, 0.3147624433040619, 410.6763610839844, 423.66448974609375], [153.24818420410156, 205.61471557617188, 266.7413635253906, 422.9192199707031], [100.95186614990234, 0.0, 423.9378967285156, 214.2167510986328], [0.465373694896698, 197.50059509277344, 285.0303955078125, 424.4773864746094], [0.0, 209.37588500976562, 261.658203125, 424.1763916015625], [157.51364135742188, 210.80738830566406, 268.805419921875, 423.51904296875], [1.7758979797363281, 100.63762664794922, 273.33331298828125, 425.0], [1.7766579389572144, 157.17913818359375, 270.53057861328125, 424.91436767578125], [2.2618539333343506, 0.0, 326.39678955078125, 423.2333068847656], [1.8603928089141846, 207.50657653808594, 262.7530212402344, 424.21282958984375], [1.3648107051849365, 208.15777587890625, 269.45550537109375, 424.0572509765625], [156.2975616455078, 208.5165252685547, 267.2650146484375, 423.2611389160156], [102.8323974609375, 0.0, 424.7571105957031, 342.9923095703125], [98.12259674072266, 0.0, 423.83880615234375, 424.3152770996094], [1.6544185876846313, 248.45751953125, 192.0590057373047, 423.0093078613281], [0.636282205581665, 212.48269653320312, 202.21481323242188, 423.486083984375], [3.498535633087158, 173.53146362304688, 274.31280517578125, 423.9132080078125], [1.9496246576309204, 209.30210876464844, 268.02264404296875, 423.61651611328125], [0.9162701368331909, 1.1582411527633667, 318.40447998046875, 422.341796875], [2.300687789916992, 209.8423614501953, 265.2212219238281, 423.5155944824219], [113.55609893798828, 0.6549391746520996, 290.92279052734375, 162.44143676757812], [105.04114532470703, 0.8918818235397339, 314.4473876953125, 177.218994140625], [89.09016418457031, 208.81021118164062, 273.3470153808594, 422.9006652832031], [104.84214782714844, 0.0, 416.2428283691406, 71.77906036376953], [1.2466371059417725, 4.95775842666626, 265.0745544433594, 421.5923156738281], [93.21011352539062, 0.0, 423.9333190917969, 424.09173583984375], [1.4880064725875854, 239.36288452148438, 190.66009521484375, 423.41351318359375], [98.99161529541016, 0.0, 383.9510192871094, 170.20619201660156], [1.9916250705718994, 211.6938934326172, 233.95606994628906, 424.0318298339844], [98.13672637939453, 2.0861008167266846, 204.3177490234375, 167.58993530273438], [100.41535949707031, 0.4982165992259979, 255.15536499023438, 170.4724578857422], [187.0660858154297, 0.0, 422.9845886230469, 382.96807861328125], [71.41265869140625, 207.81643676757812, 263.5494384765625, 422.6737976074219], [102.69508361816406, 1.4157027006149292, 200.8507080078125, 165.69296264648438], [99.44136047363281, 0.0, 423.037841796875, 415.3121337890625], [104.4635238647461, 1.7507686614990234, 198.6234588623047, 166.92654418945312], [101.35755920410156, 0.7312200665473938, 268.0625, 171.73025512695312], [103.65885162353516, 0.48760250210762024, 263.17364501953125, 166.73275756835938], [0.6495751142501831, 3.224456310272217, 219.00155639648438, 420.46661376953125], [105.52983093261719, 1.280372977256775, 226.262451171875, 168.3505401611328], [97.3781509399414, 0.9309500455856323, 423.7915344238281, 378.9208068847656], [103.55301666259766, 0.0, 425.0, 380.9804382324219], [100.4839859008789, 0.18353015184402466, 425.0, 391.3067321777344], [107.35431671142578, 0.0, 425.0, 260.0074768066406], [97.55829620361328, 0.024825334548950195, 425.0, 386.5899963378906], [103.16191101074219, 0.48257410526275635, 399.0552978515625, 381.572509765625], [0.4873111844062805, 0.7727771997451782, 218.25064086914062, 422.82440185546875], [399.2000427246094, 5.495759010314941, 425.0, 391.4597473144531], [193.68907165527344, 0.0, 422.83685302734375, 388.0745849609375], [222.8731689453125, 1.47941255569458, 423.9125671386719, 203.4269561767578], [103.76521301269531, 0.0, 423.18621826171875, 