{"labels": [0, 7, 2, 2, 7, 9, 9, 9, 9, 2, 11, 9, 2, 9, 2, 9, 9, 9, 2, 9, 9, 9, 2, 2, 9, 9, 2, 7, 9, 9, 9, 9, 2, 2, 9, 9, 9, 9, 9, 9, 7, 2, 9, 7, 2, 2, 2, 9, 2, 2, 2, 2, 2, 2, 2, 15, 2, 2, 2, 2, 2, 0, 9, 0, 0, 0, 2, 0, 2, 0, 0, 7, 2, 0, 0, 11, 2, 0, 9, 10, 0, 0, 2, 2, 26, 9, 0, 2, 14, 2, 0, 0, 9, 26, 14, 0, 0, 26, 9, 7], "scores": [0.9987630844116211, 0.9961739182472229, 0.9886358976364136, 0.9871904253959656, 0.97993004322052, 0.9442881941795349, 0.9329758882522583, 0.9163150787353516, 0.8830260634422302, 0.8358858823776245, 0.8337910771369934, 0.8283240795135498, 0.8219437003135681, 0.7581316232681274, 0.6953755021095276, 0.6791756749153137, 0.6494448781013489, 0.62642902135849, 0.6155924201011658, 0.5724160075187683, 0.528777539730072, 0.49272602796554565, 0.4901573061943054, 0.44068458676338196, 0.3793829083442688, 0.3725294768810272, 0.3614383935928345, 0.34942036867141724, 0.320942759513855, 0.2800716459751129, 0.2460867464542389, 0.23824720084667206, 0.20253419876098633, 0.1936214417219162, 0.17396865785121918, 0.17016439139842987, 0.1693975329399109, 0.1682150661945343, 0.14660657942295074, 0.142923504114151, 0.13405446708202362, 0.12376955151557922, 0.11979862302541733, 0.11912931501865387, 0.10586695373058319, 0.10495560616254807, 0.09928392618894577, 0.09246654063463211, 0.09181099385023117, 0.09024720638990402, 0.08187529444694519, 0.08035644143819809, 0.07370069622993469, 0.06500241160392761, 0.06271052360534668, 0.05145655572414398, 0.049197979271411896, 0.043993961066007614, 0.04367659240961075, 0.03921959921717644, 0.03886665776371956, 0.03793933615088463, 0.03474730998277664, 0.03255954012274742, 0.032521698623895645, 0.032104358077049255, 0.0317087285220623, 0.02991912141442299, 0.02882729284465313, 0.02660341002047062, 0.024820219725370407, 0.024582967162132263, 0.02349446527659893, 0.0221929419785738, 0.021725142374634743, 0.02021155320107937, 0.019915228709578514, 0.019029367715120316, 0.01854323036968708, 0.018534470349550247, 0.018085064366459846, 0.01744159497320652, 0.01712838187813759, 0.011440611444413662, 0.011422335170209408, 0.011253902688622475, 0.010943865403532982, 0.010635126382112503, 0.010614762082695961, 0.009290467947721481, 0.00913380365818739, 0.008140570484101772, 0.0077855284325778484, 0.007281942758709192, 0.006035321392118931, 0.004742870107293129, 0.00450256559997797, 0.004319620784372091, 0.0023525170981884003, 0.0011575290700420737], "bboxes": [[13.453624725341797, 172.3397979736328, 66.55227661132812, 297.3457946777344], [42.49928665161133, 107.26791381835938, 300.7239074707031, 275.7329406738281], [330.0764465332031, 184.34603881835938, 380.7791748046875, 200.85794067382812], [0.0, 182.4973602294922, 18.490163803100586, 218.00965881347656], [377.8046875, 169.9639129638672, 425.0, 248.57322692871094], [361.1793518066406, 107.9437255859375, 369.1356201171875, 122.22814178466797], [375.02239990234375, 154.17239379882812, 382.9244384765625, 164.50079345703125], [312.1043395996094, 153.83596801757812, 321.94281005859375, 165.865478515625], [373.2471618652344, 154.2515411376953, 381.13134765625, 164.33697509765625], [308.1321716308594, 180.31320190429688, 345.6185302734375, 197.37139892578125], [18.03130531311035, 168.5052032470703, 30.755876541137695, 185.8096160888672], [319.7128601074219, 150.71200561523438, 328.28155517578125, 163.95889282226562], [290.24737548828125, 184.749755859375, 308.7364807128906, 199.3334503173828], [372.3575439453125, 153.91769409179688, 380.44775390625, 164.00155639648438], [362.7646179199219, 184.5123748779297, 387.1905822753906, 198.84393310546875], [326.64410400390625, 149.63206481933594, 334.48760986328125, 163.96041870117188], [328.7532043457031, 147.80044555664062, 335.7164611816406, 162.10719299316406], [323.25250244140625, 149.43035888671875, 331.041748046875, 163.73988342285156], [310.01446533203125, 179.1934356689453, 362.6769104003906, 197.91726684570312], [301.6907043457031, 75.92066192626953, 313.49761962890625, 93.15699768066406], [382.182373046875, 156.3114013671875, 389.16815185546875, 166.76522827148438], [315.5635986328125, 153.03289794921875, 324.40386962890625, 165.09605407714844], [375.9303894042969, 174.12660217285156, 424.8544616699219, 249.19052124023438], [365.4440612792969, 183.9664764404297, 388.42523193359375, 198.12437438964844], [417.6817932128906, 94.60851287841797, 425.0, 122.27442169189453], [300.4654235839844, 74.8952407836914, 311.5072326660156, 91.52880096435547], [372.8487243652344, 183.41966247558594, 392.5975036621094, 197.76011657714844], [0.0, 181.15113830566406, 21.077423095703125, 218.49473571777344], [305.4969482421875, 72.18762969970703, 317.04449462890625, 89.3221435546875], [369.4407653808594, 153.1482391357422, 376.8162841796875, 162.7757568359375], [298.4171142578125, 74.50897979736328, 309.1583251953125, 90.42838287353516], [384.3500671386719, 161.7613983154297, 394.5923767089844, 178.4910888671875], [309.0012512207031, 178.919921875, 335.8299865722656, 193.777587890625], [379.2776794433594, 183.3089141845703, 425.0, 247.79994201660156], [311.4266052246094, 157.69000244140625, 321.0617370605469, 169.58216857910156], [354.3736877441406, 152.9522705078125, 364.2790832519531, 164.45144653320312], [319.42364501953125, 156.02313232421875, 329.0339660644531, 168.4363555908203], [358.74859619140625, 107.7356185913086, 366.0900573730469, 121.2095718383789], [360.0578918457031, 108.37300872802734, 367.1376647949219, 120.61514282226562], [298.3793640136719, 151.07936096191406, 306.7717590332031, 165.50331115722656], [374.9558410644531, 121.13574981689453, 425.0, 251.11956787109375], [311.1763000488281, 182.10284423828125, 376.4239807128906, 200.2448272705078], [305.0086975097656, 72.38606262207031, 317.3760681152344, 89.85159301757812], [0.0, 182.0600128173828, 20.411802291870117, 218.28387451171875], [288.5241394042969, 179.02259826660156, 305.53839111328125, 193.62884521484375], [315.1898193359375, 180.51890563964844, 338.4906005859375, 194.40269470214844], [415.64813232421875, 173.6454620361328, 425.0, 199.9321746826172], [415.9886169433594, 166.5552978515625, 425.0, 192.12062072753906], [0.0, 182.60470581054688, 8.365157127380371, 200.0165557861328], [0.0, 181.28228759765625, 3.683306932449341, 219.4467315673828], [0.0, 180.48728942871094, 5.137151718139648, 194.37008666992188], [421.01715087890625, 171.18702697753906, 425.0, 201.0494842529297], [407.6803283691406, 171.0939178466797, 425.0, 196.66046142578125], [339.89715576171875, 182.99984741210938, 384.9937438964844, 199.8223876953125], [0.0, 180.3279571533203, 2.780449628829956, 216.91973876953125], [155.5799560546875, 147.77552795410156, 173.56600952148438, 194.0567626953125], [0.0, 180.0433807373047, 23.9720458984375, 216.3062744140625], [344.68121337890625, 186.46226501464844, 371.89715576171875, 200.14466857910156], [409.6013488769531, 171.97438049316406, 425.0, 204.57057189941406], [44.11631774902344, 107.67076873779297, 300.775390625, 276.29071044921875], [381.15106201171875, 172.5162353515625, 401.8523864746094, 190.17526245117188], [69.10293579101562, 179.75538635253906, 89.74703216552734, 224.88011169433594], [223.22406005859375, 112.13316345214844, 243.16802978515625, 125.15331268310547], [186.4799346923828, 179.0563201904297, 199.3905487060547, 203.86590576171875], [251.66395568847656, 157.44577026367188, 266.3665466308594, 181.9036407470703], [193.16439819335938, 178.47093200683594, 206.68191528320312, 204.1212921142578], [343.2328186035156, 178.15420532226562, 365.38543701171875, 191.3737335205078], [69.77230834960938, 180.6066436767578, 88.49885559082031, 220.4359130859375], [320.3016357421875, 173.25721740722656, 346.5887145996094, 188.0658721923828], [200.41204833984375, 178.49485778808594, 213.97479248046875, 206.3533477783203], [192.466552734375, 180.8223114013672, 204.55899047851562, 205.58399963378906], [20.45838165283203, 105.39009094238281, 421.78961181640625, 269.225830078125], [45.32258605957031, 108.69416046142578, 300.6362609863281, 275.668212890625], 